simulation_id,Expected_Rew,Expected_WU,PCronograma,PGestor,Variacao_Capacidade_Base_Pct,SimTime,PercAccomplished,WD,WRemaining
0,4.79307747,6.84779739,4.91393423,29.6101131,21.1261635,0,0,0,54912
0,4.79307747,6.84779739,4.91393423,29.6101131,21.1261635,1,7.87478876,4692.19678,50234.1719
0,4.79307747,6.84779739,4.91393423,29.6101131,21.1261635,2,15.6752224,9384.39453,45640.3906
0,4.79307747,6.84779739,4.91393423,29.6101131,21.1261635,3,23.1352272,14076.9092,41289.0156
0,4.79307747,6.84779739,4.91393423,29.6101131,21.1261635,4,30.0870972,18799.9023,37158.7812
0,4.79307747,6.84779739,4.91393423,29.6101131,21.1261635,5,37.2938538,23440.8418,32711.8379
0,4.79307747,6.84779739,4.91393423,29.6101131,21.1261635,6,38.867733,24884.9922,31465.8652
0,4.79307747,6.84779739,4.91393423,29.6101131,21.1261635,7,40.3731232,26345.5938,30241.3457
0,4.79307747,6.84779739,4.91393423,29.6101131,21.1261635,8,42.0368195,27880.5996,28821.8262
0,4.79307747,6.84779739,4.91393423,29.6101131,21.1261635,9,42.8571434,28596.623,28112
0,4.79307747,6.84779739,4.91393423,29.6101131,21.1261635,10,42.8571434,28596.623,28112
0,4.79307747,6.84779739,4.91393423,29.6101131,21.1261635,11,42.8571434,28596.623,28112
0,4.79307747,6.84779739,4.91393423,29.6101131,21.1261635,12,42.8571434,28596.623,28112
0,4.79307747,6.84779739,4.91393423,29.6101131,21.1261635,13,44.9918022,29980.6895,26730.4648
0,4.79307747,6.84779739,4.91393423,29.6101131,21.1261635,14,47.1205788,31364.7539,25359.1797
0,4.79307747,6.84779739,4.91393423,29.6101131,21.1261635,15,51.8890266,33737.543,23034.25
0,4.79307747,6.84779739,4.91393423,29.6101131,21.1261635,16,56.5604286,36110.375,20790.1699
0,4.79307747,6.84779739,4.91393423,29.6101131,21.1261635,17,61.0139732,38484.8945,18671.2051
0,4.79307747,6.84779739,4.91393423,29.6101131,21.1261635,18,65.1917572,40884.5273,16635.0977
0,4.79307747,6.84779739,4.91393423,29.6101131,21.1261635,19,69.6441193,43428.2656,14283.3984
0,4.79307747,6.84779739,4.91393423,29.6101131,21.1261635,20,71.4285736,44400.207,13560
0,4.79307747,6.84779739,4.91393423,29.6101131,21.1261635,21,71.4285736,44400.207,13560
0,4.79307747,6.84779739,4.91393423,29.6101131,21.1261635,22,71.4285736,44400.207,13560
0,4.79307747,6.84779739,4.91393423,29.6101131,21.1261635,23,72.8519287,45326.9023,12634.2158
0,4.79307747,6.84779739,4.91393423,29.6101131,21.1261635,24,74.2743607,46253.5977,11710.5449
0,4.79307747,6.84779739,4.91393423,29.6101131,21.1261635,25,75.6933289,47180.293,10792.4062
0,4.79307747,6.84779739,4.91393423,29.6101131,21.1261635,26,77.1023483,48106.9922,9886.34082
0,4.79307747,6.84779739,4.91393423,29.6101131,21.1261635,27,78.4887314,49033.6875,9002.02734
0,4.79307747,6.84779739,4.91393423,29.6101131,21.1261635,28,79.8342819,49960.4102,8149.50342
0,4.79307747,6.84779739,4.91393423,29.6101131,21.1261635,29,81.1222382,50887.4805,7333.12598
0,4.79307747,6.84779739,4.91393423,29.6101131,21.1261635,30,82.3509293,51817.3438,6543.98096
0,4.79307747,6.84779739,4.91393423,29.6101131,21.1261635,31,83.5503464,52761.1914,5752.57422
0,4.79307747,6.84779739,4.91393423,29.6101131,21.1261635,32,84.878891,53747.4141,4840.55225
0,4.79307747,6.84779739,4.91393423,29.6101131,21.1261635,33,85.7142868,54336.5234,4260
0,4.79307747,6.84779739,4.91393423,29.6101131,21.1261635,34,85.7142868,54336.5234,4260
0,4.79307747,6.84779739,4.91393423,29.6101131,21.1261635,35,85.7142868,54336.5234,4260
0,4.79307747,6.84779739,4.91393423,29.6101131,21.1261635,36,85.7142868,54336.5234,4260
0,4.79307747,6.84779739,4.91393423,29.6101131,21.1261635,37,85.7142868,54336.5234,4260
0,4.79307747,6.84779739,4.91393423,29.6101131,21.1261635,38,88.3819275,55132.4336,3466.34351
0,4.79307747,6.84779739,4.91393423,29.6101131,21.1261635,39,91.0315628,55928.3477,2684.86621
0,4.79307747,6.84779739,4.91393423,29.6101131,21.1261635,40,93.5932541,56724.2656,1941.58081
0,4.79307747,6.84779739,4.91393423,29.6101131,21.1261635,41,95.9639359,57521.168,1254.03687
0,4.79307747,6.84779739,4.91393423,29.6101131,21.1261635,42,98.2704849,58341.8242,551.69873
0,4.79307747,6.84779739,4.91393423,29.6101131,21.1261635,43,100,58896.9414,0
0,4.79307747,6.84779739,4.91393423,29.6101131,21.1261635,44,100,58896.9414,0
0,4.79307747,6.84779739,4.91393423,29.6101131,21.1261635,45,100,58896.9414,0
0,4.79307747,6.84779739,4.91393423,29.6101131,21.1261635,46,100,58896.9414,0
0,4.79307747,6.84779739,4.91393423,29.6101131,21.1261635,47,100,58896.9414,0
0,4.79307747,6.84779739,4.91393423,29.6101131,21.1261635,48,100,58896.9414,0
0,4.79307747,6.84779739,4.91393423,29.6101131,21.1261635,49,100,58896.9414,0
0,4.79307747,6.84779739,4.91393423,29.6101131,21.1261635,50,100,58896.9414,0
0,4.79307747,6.84779739,4.91393423,29.6101131,21.1261635,51,100,58896.9414,0
0,4.79307747,6.84779739,4.91393423,29.6101131,21.1261635,52,100,58896.9414,0
0,4.79307747,6.84779739,4.91393423,29.6101131,21.1261635,53,100,58896.9414,0
0,4.79307747,6.84779739,4.91393423,29.6101131,21.1261635,54,100,58896.9414,0
0,4.79307747,6.84779739,4.91393423,29.6101131,21.1261635,55,100,58896.9414,0
0,4.79307747,6.84779739,4.91393423,29.6101131,21.1261635,56,100,58896.9414,0
0,4.79307747,6.84779739,4.91393423,29.6101131,21.1261635,57,100,58896.9414,0
0,4.79307747,6.84779739,4.91393423,29.6101131,21.1261635,58,100,58896.9414,0
0,4.79307747,6.84779739,4.91393423,29.6101131,21.1261635,59,100,58896.9414,0
0,4.79307747,6.84779739,4.91393423,29.6101131,21.1261635,60,100,58896.9414,0
100,11.2290907,15.2400112,0.684327543,29.2956619,28.7123432,0,0,0,54912
100,11.2290907,15.2400112,0.684327543,29.2956619,28.7123432,1,7.77700281,4637.73193,50306.25
100,11.2290907,15.2400112,0.684327543,29.2956619,28.7123432,2,15.3918982,9275.46484,45887.543
100,11.2290907,15.2400112,0.684327543,29.2956619,28.7123432,3,22.2880421,13913.2383,42008.9883
100,11.2290907,15.2400112,0.684327543,29.2956619,28.7123432,4,28.098608,18554.9688,38686.4648
100,11.2290907,15.2400112,0.684327543,29.2956619,28.7123432,5,34.7806396,23242.9395,34430.2344
100,11.2290907,15.2400112,0.684327543,29.2956619,28.7123432,6,38.3187065,26019.4512,32094.8027
100,11.2290907,15.2400112,0.684327543,29.2956619,28.7123432,7,39.4883842,27447.4355,31192.2246
100,11.2290907,15.2400112,0.684327543,29.2956619,28.7123432,8,40.8196907,28885.0801,30011.6035
100,11.2290907,15.2400112,0.684327543,29.2956619,28.7123432,9,42.3671951,30341.2031,28569.2734
100,11.2290907,15.2400112,0.684327543,29.2956619,28.7123432,10,42.8571434,30798.5547,28112
100,11.2290907,15.2400112,0.684327543,29.2956619,28.7123432,11,42.8571434,30798.5547,28112
100,11.2290907,15.2400112,0.684327543,29.2956619,28.7123432,12,42.8571434,30798.5547,28112
100,11.2290907,15.2400112,0.684327543,29.2956619,28.7123432,13,44.96632,32166.5527,26749.6289
100,11.2290907,15.2400112,0.684327543,29.2956619,28.7123432,14,47.0625839,33534.5508,25410.0742
100,11.2290907,15.2400112,0.684327543,29.2956619,28.7123432,15,51.7329407,35879.7969,23171.3379
100,11.2290907,15.2400112,0.684327543,29.2956619,28.7123432,16,56.1959267,38225.0508,21112.6289
100,11.2290907,15.2400112,0.684327543,29.2956619,28.7123432,17,60.204155,40570.5234,19335.9043
100,11.2290907,15.2400112,0.684327543,29.2956619,28.7123432,18,63.6061249,42919.2539,17796.209
100,11.2290907,15.2400112,0.684327543,29.2956619,28.7123432,19,67.1341782,45286.6992,15856.1514
100,11.2290907,15.2400112,0.684327543,29.2956619,28.7123432,20,70.8825455,47359.0664,13794.0146
100,11.2290907,15.2400112,0.684327543,29.2956619,28.7123432,21,71.4285736,47593.0859,13560
100,11.2290907,15.2400112,0.684327543,29.2956619,28.7123432,22,71.4285736,47593.0859,13560
100,11.2290907,15.2400112,0.684327543,29.2956619,28.7123432,23,72.8352356,48509.0234,12646.0889
100,11.2290907,15.2400112,0.684327543,29.2956619,28.7123432,24,74.2398682,49424.9609,11736.8809
100,11.2290907,15.2400112,0.684327543,29.2956619,28.7123432,25,75.6369095,50340.9023,10839.9863
100,11.2290907,15.2400112,0.684327543,29.2956619,28.7123432,26,77.0121994,51256.8398,9969.96094
100,11.2290907,15.2400112,0.684327543,29.2956619,28.7123432,27,78.3385773,52172.7773,9148.34766
100,11.2290907,15.2400112,0.684327543,29.2956619,28.7123432,28,79.5784378,53088.7227,8397.54004
100,11.2290907,15.2400112,0.684327543,29.2956619,28.7123432,29,80.6997299,54004.7109,7727.90332
100,11.2290907,15.2400112,0.684327543,29.2956619,28.7123432,30,81.6991882,54921.0586,7124.72754
100,11.2290907,15.2400112,0.684327543,29.2956619,28.7123432,31,82.6137619,55839.2266,6545.81934
100,11.2290907,15.2400112,0.684327543,29.2956619,28.7123432,32,83.6746292,56762.8945,5787.28516
100,11.2290907,15.2400112,0.684327543,29.2956619,28.7123432,33,84.896843,57696.0352,4873.18848
100,11.2290907,15.2400112,0.684327543,29.2956619,28.7123432,34,85.7142868,58309.7422,4260
100,11.2290907,15.2400112,0.684327543,29.2956619,28.7123432,35,85.7142868,58309.7422,4260
100,11.2290907,15.2400112,0.684327543,29.2956619,28.7123432,36,85.7142868,58309.7422,4260
100,11.2290907,15.2400112,0.684327543,29.2956619,28.7123432,37,85.7142868,58309.7422,4260
100,11.2290907,15.2400112,0.684327543,29.2956619,28.7123432,38,88.3492508,59096.418,3478.34644
100,11.2290907,15.2400112,0.684327543,29.2956619,28.7123432,39,90.9448242,59883.0898,2723.79761
100,11.2290907,15.2400112,0.684327543,29.2956619,28.7123432,40,93.3518982,60669.7656,2054.26367
100,11.2290907,15.2400112,0.684327543,29.2956619,28.7123432,41,95.3660355,61456.5664,1510.84155
100,11.2290907,15.2400112,0.684327543,29.2956619,28.7123432,42,97.1426315,62246.4531,984.276001
100,11.2290907,15.2400112,0.684327543,29.2956619,28.7123432,43,99.4539795,63049.9609,188.378952
100,11.2290907,15.2400112,0.684327543,29.2956619,28.7123432,44,100,63238.3398,0
100,11.2290907,15.2400112,0.684327543,29.2956619,28.7123432,45,100,63238.3398,0
100,11.2290907,15.2400112,0.684327543,29.2956619,28.7123432,46,100,63238.3398,0
100,11.2290907,15.2400112,0.684327543,29.2956619,28.7123432,47,100,63238.3398,0
100,11.2290907,15.2400112,0.684327543,29.2956619,28.7123432,48,100,63238.3398,0
100,11.2290907,15.2400112,0.684327543,29.2956619,28.7123432,49,100,63238.3398,0
100,11.2290907,15.2400112,0.684327543,29.2956619,28.7123432,50,100,63238.3398,0
100,11.2290907,15.2400112,0.684327543,29.2956619,28.7123432,51,100,63238.3398,0
100,11.2290907,15.2400112,0.684327543,29.2956619,28.7123432,52,100,63238.3398,0
100,11.2290907,15.2400112,0.684327543,29.2956619,28.7123432,53,100,63238.3398,0
100,11.2290907,15.2400112,0.684327543,29.2956619,28.7123432,54,100,63238.3398,0
100,11.2290907,15.2400112,0.684327543,29.2956619,28.7123432,55,100,63238.3398,0
100,11.2290907,15.2400112,0.684327543,29.2956619,28.7123432,56,100,63238.3398,0
100,11.2290907,15.2400112,0.684327543,29.2956619,28.7123432,57,100,63238.3398,0
100,11.2290907,15.2400112,0.684327543,29.2956619,28.7123432,58,100,63238.3398,0
100,11.2290907,15.2400112,0.684327543,29.2956619,28.7123432,59,100,63238.3398,0
100,11.2290907,15.2400112,0.684327543,29.2956619,28.7123432,60,100,63238.3398,0
200,4.80622578,5.43843174,28.82127,10.45648,9.91074467,0,0,0,54912
200,4.80622578,5.43843174,28.82127,10.45648,9.91074467,1,6.08966303,3628.02881,51295.3828
200,4.80622578,5.43843174,28.82127,10.45648,9.91074467,2,12.1336021,7256.06055,47745.5117
200,4.80622578,5.43843174,28.82127,10.45648,9.91074467,3,17.9700375,10885.957,44386.543
200,4.80622578,5.43843174,28.82127,10.45648,9.91074467,4,23.7735004,14694.5889,41048.6758
200,4.80622578,5.43843174,28.82127,10.45648,9.91074467,5,33.5486755,20591.5566,35305.7734
200,4.80622578,5.43843174,28.82127,10.45648,9.91074467,6,36.6031609,22723.791,33330.9414
200,4.80622578,5.43843174,28.82127,10.45648,9.91074467,7,37.9207458,23946.0176,32296.2051
200,4.80622578,5.43843174,28.82127,10.45648,9.91074467,8,39.7924881,25604.5938,30729.3496
200,4.80622578,5.43843174,28.82127,10.45648,9.91074467,9,42.7059555,28097.6914,28241.1738
200,4.80622578,5.43843174,28.82127,10.45648,9.91074467,10,42.8571434,29507.2988,28112
200,4.80622578,5.43843174,28.82127,10.45648,9.91074467,11,42.8571434,29507.2988,28112
200,4.80622578,5.43843174,28.82127,10.45648,9.91074467,12,42.8571434,29507.2988,28112
200,4.80622578,5.43843174,28.82127,10.45648,9.91074467,13,44.5077667,30577.4629,27043.8438
200,4.80622578,5.43843174,28.82127,10.45648,9.91074467,14,46.1547737,31647.6289,25983.8281
200,4.80622578,5.43843174,28.82127,10.45648,9.91074467,15,49.847435,33482.2812,24187.1816
200,4.80622578,5.43843174,28.82127,10.45648,9.91074467,16,53.4805374,35317.1836,22454.5352
200,4.80622578,5.43843174,28.82127,10.45648,9.91074467,17,56.9917221,37161.9922,20812.6855
200,4.80622578,5.43843174,28.82127,10.45648,9.91074467,18,60.5302238,39154.0664,19109.3203
200,4.80622578,5.43843174,28.82127,10.45648,9.91074467,19,65.5128784,41991.2227,16424.6758
200,4.80622578,5.43843174,28.82127,10.45648,9.91074467,20,71.4285736,45225.4336,13560
200,4.80622578,5.43843174,28.82127,10.45648,9.91074467,21,71.4285736,45225.4336,13560
200,4.80622578,5.43843174,28.82127,10.45648,9.91074467,22,71.4285736,45225.4336,13560
200,4.80622578,5.43843174,28.82127,10.45648,9.91074467,23,72.5291367,45941.9609,12844.1982
200,4.80622578,5.43843174,28.82127,10.45648,9.91074467,24,73.6291351,46658.4844,12130.0752
200,4.80622578,5.43843174,28.82127,10.45648,9.91074467,25,74.7270126,47375.0117,11420.3457
200,4.80622578,5.43843174,28.82127,10.45648,9.91074467,26,75.8187714,48091.5352,10720.2041
200,4.80622578,5.43843174,28.82127,10.45648,9.91074467,27,76.8965912,48808.0703,10037.3311
200,4.80622578,5.43843174,28.82127,10.45648,9.91074467,28,77.9493942,49524.7617,9379.56738
200,4.80622578,5.43843174,28.82127,10.45648,9.91074467,29,78.9691162,50243.4883,8748.75195
200,4.80622578,5.43843174,28.82127,10.45648,9.91074467,30,79.9732971,50978.5938,8125.40576
200,4.80622578,5.43843174,28.82127,10.45648,9.91074467,31,81.0655746,51795.6914,7429.37256
200,4.80622578,5.43843174,28.82127,10.45648,9.91074467,32,82.5612183,52861.3047,6422.6875
200,4.80622578,5.43843174,28.82127,10.45648,9.91074467,33,84.729332,54354.7383,4936.04883
200,4.80622578,5.43843174,28.82127,10.45648,9.91074467,34,85.7142868,55463.3672,4260
200,4.80622578,5.43843174,28.82127,10.45648,9.91074467,35,85.7142868,55463.3672,4260
200,4.80622578,5.43843174,28.82127,10.45648,9.91074467,36,85.7142868,55463.3672,4260
200,4.80622578,5.43843174,28.82127,10.45648,9.91074467,37,85.7142868,55463.3672,4260
200,4.80622578,5.43843174,28.82127,10.45648,9.91074467,38,87.7771454,56078.7695,3646.38843
200,4.80622578,5.43843174,28.82127,10.45648,9.91074467,39,89.8289337,56694.1719,3042.44922
200,4.80622578,5.43843174,28.82127,10.45648,9.91074467,40,91.8266296,57309.625,2468.79956
200,4.80622578,5.43843174,28.82127,10.45648,9.91074467,41,93.7220688,57930.832,1934.44214
200,4.80622578,5.43843174,28.82127,10.45648,9.91074467,42,95.9712372,58691.3438,1267.89575
200,4.80622578,5.43843174,28.82127,10.45648,9.91074467,43,100,59961.957,0
200,4.80622578,5.43843174,28.82127,10.45648,9.91074467,44,100,59961.957,0
200,4.80622578,5.43843174,28.82127,10.45648,9.91074467,45,100,59961.957,0
200,4.80622578,5.43843174,28.82127,10.45648,9.91074467,46,100,59961.957,0
200,4.80622578,5.43843174,28.82127,10.45648,9.91074467,47,100,59961.957,0
200,4.80622578,5.43843174,28.82127,10.45648,9.91074467,48,100,59961.957,0
200,4.80622578,5.43843174,28.82127,10.45648,9.91074467,49,100,59961.957,0
200,4.80622578,5.43843174,28.82127,10.45648,9.91074467,50,100,59961.957,0
200,4.80622578,5.43843174,28.82127,10.45648,9.91074467,51,100,59961.957,0
200,4.80622578,5.43843174,28.82127,10.45648,9.91074467,52,100,59961.957,0
200,4.80622578,5.43843174,28.82127,10.45648,9.91074467,53,100,59961.957,0
200,4.80622578,5.43843174,28.82127,10.45648,9.91074467,54,100,59961.957,0
200,4.80622578,5.43843174,28.82127,10.45648,9.91074467,55,100,59961.957,0
200,4.80622578,5.43843174,28.82127,10.45648,9.91074467,56,100,59961.957,0
200,4.80622578,5.43843174,28.82127,10.45648,9.91074467,57,100,59961.957,0
200,4.80622578,5.43843174,28.82127,10.45648,9.91074467,58,100,59961.957,0
200,4.80622578,5.43843174,28.82127,10.45648,9.91074467,59,100,59961.957,0
200,4.80622578,5.43843174,28.82127,10.45648,9.91074467,60,100,59961.957,0
300,28.027174,15.280879,18.9964409,7.4782815,-5.04078627,0,0,0,54912
300,28.027174,15.280879,18.9964409,7.4782815,-5.04078627,1,3.86689234,2305.98901,52638.0781
300,28.027174,15.280879,18.9964409,7.4782815,-5.04078627,2,7.65297079,4611.979,50551.6992
300,28.027174,15.280879,18.9964409,7.4782815,-5.04078627,3,11.0823917,6918.89893,49006.0391
300,28.027174,15.280879,18.9964409,7.4782815,-5.04078627,4,14.1143007,9314.8877,47932.793
300,28.027174,15.280879,18.9964409,7.4782815,-5.04078627,5,19.2422295,12751.5625,44929.0156
300,28.027174,15.280879,18.9964409,7.4782815,-5.04078627,6,23.0961609,15415.1494,42707.6914
300,28.027174,15.280879,18.9964409,7.4782815,-5.04078627,7,26.3456745,17774.4551,40875.1992
300,28.027174,15.280879,18.9964409,7.4782815,-5.04078627,8,29.9016533,20351.207,38556.1602
300,28.027174,15.280879,18.9964409,7.4782815,-5.04078627,9,34.0014801,23343.8281,35577.3711
300,28.027174,15.280879,18.9964409,7.4782815,-5.04078627,10,38.0045586,26278.7012,32642.5742
300,28.027174,15.280879,18.9964409,7.4782815,-5.04078627,11,38.7637978,26987.5586,31933.7188
300,28.027174,15.280879,18.9964409,7.4782815,-5.04078627,12,39.5230255,27696.4062,31224.8691
300,28.027174,15.280879,18.9964409,7.4782815,-5.04078627,13,40.2822571,28405.2559,30516.0195
300,28.027174,15.280879,18.9964409,7.4782815,-5.04078627,14,41.0414886,29114.1055,29807.1719
300,28.027174,15.280879,18.9964409,7.4782815,-5.04078627,15,43.1108818,30308.8652,28618.6641
300,28.027174,15.280879,18.9964409,7.4782815,-5.04078627,16,45.1606331,31503.623,27463.9199
300,28.027174,15.280879,18.9964409,7.4782815,-5.04078627,17,46.6544609,32267.0371,26846.4141
300,28.027174,15.280879,18.9964409,7.4782815,-5.04078627,18,48.7125969,33436.7422,25985.502
300,28.027174,15.280879,18.9964409,7.4782815,-5.04078627,19,50.8420525,34692.6875,25086.0664
300,28.027174,15.280879,18.9964409,7.4782815,-5.04078627,20,54.0760689,36329.4805,23559.2969
300,28.027174,15.280879,18.9964409,7.4782815,-5.04078627,21,56.1697884,37509.4219,22626.6523
300,28.027174,15.280879,18.9964409,7.4782815,-5.04078627,22,58.105648,38680.5664,21879.875
300,28.027174,15.280879,18.9964409,7.4782815,-5.04078627,23,60.0268135,39921.5312,21146.9648
300,28.027174,15.280879,18.9964409,7.4782815,-5.04078627,24,62.5658417,41497.3945,19671.6484
300,28.027174,15.280879,18.9964409,7.4782815,-5.04078627,25,65.7130432,43488.6406,17681.1816
300,28.027174,15.280879,18.9964409,7.4782815,-5.04078627,26,67.094635,44371.0586,16798.7617
300,28.027174,15.280879,18.9964409,7.4782815,-5.04078627,27,68.0048447,45051.2617,16118.5605
300,28.027174,15.280879,18.9964409,7.4782815,-5.04078627,28,68.9150543,45731.4609,15438.3594
300,28.027174,15.280879,18.9964409,7.4782815,-5.04078627,29,69.825264,46411.6641,14758.1582
300,28.027174,15.280879,18.9964409,7.4782815,-5.04078627,30,70.735466,47091.8633,14077.957
300,28.027174,15.280879,18.9964409,7.4782815,-5.04078627,31,71.4285736,47609.8203,13560
300,28.027174,15.280879,18.9964409,7.4782815,-5.04078627,32,72.1279984,48065.2461,13106.6064
300,28.027174,15.280879,18.9964409,7.4782815,-5.04078627,33,72.8264084,48520.6719,12657.9297
300,28.027174,15.280879,18.9964409,7.4782815,-5.04078627,34,73.5210342,48976.0977,12221.5986
300,28.027174,15.280879,18.9964409,7.4782815,-5.04078627,35,74.2048264,49431.5273,11812.209
300,28.027174,15.280879,18.9964409,7.4782815,-5.04078627,36,74.8642273,49886.957,11451.3574
300,28.027174,15.280879,18.9964409,7.4782815,-5.04078627,37,75.480629,50342.4648,11161.4258
300,28.027174,15.280879,18.9964409,7.4782815,-5.04078627,38,76.0393524,50798.9883,10951.915
300,28.027174,15.280879,18.9964409,7.4782815,-5.04078627,39,76.5484695,51263.6719,10801.2441
300,28.027174,15.280879,18.9964409,7.4782815,-5.04078627,40,77.0686722,51769.2188,10635.8672
300,28.027174,15.280879,18.9964409,7.4782815,-5.04078627,41,77.82164,52398.6055,10172.0557
300,28.027174,15.280879,18.9964409,7.4782815,-5.04078627,42,78.9331055,53241.1914,9348.56543
300,28.027174,15.280879,18.9964409,7.4782815,-5.04078627,43,80.2758255,54249.082,8341.19531
300,28.027174,15.280879,18.9964409,7.4782815,-5.04078627,44,80.9320755,54741.5547,7848.72607
300,28.027174,15.280879,18.9964409,7.4782815,-5.04078627,45,81.5389557,55196.9805,7393.2998
300,28.027174,15.280879,18.9964409,7.4782815,-5.04078627,46,82.1458435,55652.4102,6937.87354
300,28.027174,15.280879,18.9964409,7.4782815,-5.04078627,47,82.7527313,56107.8359,6482.44727
300,28.027174,15.280879,18.9964409,7.4782815,-5.04078627,48,83.3596115,56563.2617,6027.021
300,28.027174,15.280879,18.9964409,7.4782815,-5.04078627,49,83.9664993,57018.6875,5571.59473
300,28.027174,15.280879,18.9964409,7.4782815,-5.04078627,50,84.5733871,57474.1133,5116.16846
300,28.027174,15.280879,18.9964409,7.4782815,-5.04078627,51,85.1802673,57929.5391,4660.74219
300,28.027174,15.280879,18.9964409,7.4782815,-5.04078627,52,85.7142868,58330.2812,4260
300,28.027174,15.280879,18.9964409,7.4782815,-5.04078627,53,87.0244522,58721.4336,3873.88086
300,28.027174,15.280879,18.9964409,7.4782815,-5.04078627,54,88.3149719,59112.5859,3514.93921
300,28.027174,15.280879,18.9964409,7.4782815,-5.04078627,55,89.5116043,59503.7617,3241.21704
300,28.027174,15.280879,18.9964409,7.4782815,-5.04078627,56,90.5210114,59897.8086,3091.2041
300,28.027174,15.280879,18.9964409,7.4782815,-5.04078627,57,91.6081696,60361.2734,2891.76562
300,28.027174,15.280879,18.9964409,7.4782815,-5.04078627,58,93.830246,61131.3203,2129.35132
300,28.027174,15.280879,18.9964409,7.4782815,-5.04078627,59,94.9955673,61533.5078,1727.16614
300,28.027174,15.280879,18.9964409,7.4782815,-5.04078627,60,96.1289291,61924.6602,1336.01367
400,17.0846634,24.6776619,18.2087364,13.6418009,14.9624605,0,0,0,54912
400,17.0846634,24.6776619,18.2087364,13.6418009,14.9624605,1,5.69726562,3400.63379,51563.1523
400,17.0846634,24.6776619,18.2087364,13.6418009,14.9624605,2,11.2039642,6801.26904,48517.1758
400,17.0846634,24.6776619,18.2087364,13.6418009,14.9624605,3,15.8978214,10202.9307,46344.8984
400,17.0846634,24.6776619,18.2087364,13.6418009,14.9624605,4,19.6067829,13702.9492,44981.0312
400,17.0846634,24.6776619,18.2087364,13.6418009,14.9624605,5,25.9023666,18352.1621,41030.918
400,17.0846634,24.6776619,18.2087364,13.6418009,14.9624605,6,30.8772621,22147.6777,37949.6289
400,17.0846634,24.6776619,18.2087364,13.6418009,14.9624605,7,35.1587334,25607.1875,35340.8906
400,17.0846634,24.6776619,18.2087364,13.6418009,14.9624605,8,37.2311172,27582.7441,33781.5234
400,17.0846634,24.6776619,18.2087364,13.6418009,14.9624605,9,39.0046577,29386.3066,32000.2969
400,17.0846634,24.6776619,18.2087364,13.6418009,14.9624605,10,40.8088112,31207.3398,30179.3906
400,17.0846634,24.6776619,18.2087364,13.6418009,14.9624605,11,41.8445206,32252.6836,29134.0449
400,17.0846634,24.6776619,18.2087364,13.6418009,14.9624605,12,42.8571434,33274.7305,28112
400,17.0846634,24.6776619,18.2087364,13.6418009,14.9624605,13,44.4031219,34277.8203,27118.0254
400,17.0846634,24.6776619,18.2087364,13.6418009,14.9624605,14,45.933815,35280.9102,26160.9922
400,17.0846634,24.6776619,18.2087364,13.6418009,14.9624605,15,49.3237801,37000.5742,24613.7988
400,17.0846634,24.6776619,18.2087364,13.6418009,14.9624605,16,52.4756088,38720.3711,23357.9902
400,17.0846634,24.6776619,18.2087364,13.6418009,14.9624605,17,55.1301231,40445.6211,22553.6953
400,17.0846634,24.6776619,18.2087364,13.6418009,14.9624605,18,57.2524071,42251.9062,22057.4551
400,17.0846634,24.6776619,18.2087364,13.6418009,14.9624605,19,60.1672554,44523.2383,20478.1758
400,17.0846634,24.6776619,18.2087364,13.6418009,14.9624605,20,65.1774597,47673.8242,17344.1582
400,17.0846634,24.6776619,18.2087364,13.6418009,14.9624605,21,67.9938889,49408.9336,15609.0527
400,17.0846634,24.6776619,18.2087364,13.6418009,14.9624605,22,70.7773514,51128.5977,13889.3916
400,17.0846634,24.6776619,18.2087364,13.6418009,14.9624605,23,71.4285736,51457.9883,13560
400,17.0846634,24.6776619,18.2087364,13.6418009,14.9624605,24,72.459877,52129.6016,12891.667
400,17.0846634,24.6776619,18.2087364,13.6418009,14.9624605,25,73.4887619,52801.2188,12230.9512
400,17.0846634,24.6776619,18.2087364,13.6418009,14.9624605,26,74.508667,53472.8359,11590.1738
400,17.0846634,24.6776619,18.2087364,13.6418009,14.9624605,27,75.5029449,54144.4492,10992.9043
400,17.0846634,24.6776619,18.2087364,13.6418009,14.9624605,28,76.4402771,54816.0703,10474.0234
400,17.0846634,24.6776619,18.2087364,13.6418009,14.9624605,29,77.2793198,55487.7773,10069.7129
400,17.0846634,24.6776619,18.2087364,13.6418009,14.9624605,30,77.9901581,56160.6055,9795.7959
400,17.0846634,24.6776619,18.2087364,13.6418009,14.9624605,31,78.5869751,56842.4414,9621.07031
400,17.0846634,24.6776619,18.2087364,13.6418009,14.9624605,32,79.1582642,57569.4023,9443.45898
400,17.0846634,24.6776619,18.2087364,13.6418009,14.9624605,33,80.0466614,58433.1172,8847.13965
400,17.0846634,24.6776619,18.2087364,13.6418009,14.9624605,34,81.3781662,59532.2617,7778.83545
400,17.0846634,24.6776619,18.2087364,13.6418009,14.9624605,35,82.9566956,60813.9453,6497.99268
400,17.0846634,24.6776619,18.2087364,13.6418009,14.9624605,36,83.8346405,61526.4688,5785.47363
400,17.0846634,24.6776619,18.2087364,13.6418009,14.9624605,37,84.6621857,62198.0859,5113.8584
400,17.0846634,24.6776619,18.2087364,13.6418009,14.9624605,38,85.4897308,62869.7031,4442.24268
400,17.0846634,24.6776619,18.2087364,13.6418009,14.9624605,39,85.7142868,63051.9453,4260
400,17.0846634,24.6776619,18.2087364,13.6418009,14.9624605,40,87.6449814,63628.7734,3691.29712
400,17.0846634,24.6776619,18.2087364,13.6418009,14.9624605,41,89.5291748,64205.6055,3166.48438
400,17.0846634,24.6776619,18.2087364,13.6418009,14.9624605,42,91.1960297,64782.4648,2779.30835
400,17.0846634,24.6776619,18.2087364,13.6418009,14.9624605,43,92.4451752,65362.4883,2593.37964
400,17.0846634,24.6776619,18.2087364,13.6418009,14.9624605,44,93.6667252,66019.1719,2363.08276
400,17.0846634,24.6776619,18.2087364,13.6418009,14.9624605,45,96.3095322,67014.4062,1380.17688
400,17.0846634,24.6776619,18.2087364,13.6418009,14.9624605,46,97.8845062,67603.4219,791.16333
400,17.0846634,24.6776619,18.2087364,13.6418009,14.9624605,47,99.4268951,68180.25,214.33226
400,17.0846634,24.6776619,18.2087364,13.6418009,14.9624605,48,100,68394.5859,0
400,17.0846634,24.6776619,18.2087364,13.6418009,14.9624605,49,100,68394.5859,0
400,17.0846634,24.6776619,18.2087364,13.6418009,14.9624605,50,100,68394.5859,0
400,17.0846634,24.6776619,18.2087364,13.6418009,14.9624605,51,100,68394.5859,0
400,17.0846634,24.6776619,18.2087364,13.6418009,14.9624605,52,100,68394.5859,0
400,17.0846634,24.6776619,18.2087364,13.6418009,14.9624605,53,100,68394.5859,0
400,17.0846634,24.6776619,18.2087364,13.6418009,14.9624605,54,100,68394.5859,0
400,17.0846634,24.6776619,18.2087364,13.6418009,14.9624605,55,100,68394.5859,0
400,17.0846634,24.6776619,18.2087364,13.6418009,14.9624605,56,100,68394.5859,0
400,17.0846634,24.6776619,18.2087364,13.6418009,14.9624605,57,100,68394.5859,0
400,17.0846634,24.6776619,18.2087364,13.6418009,14.9624605,58,100,68394.5859,0
400,17.0846634,24.6776619,18.2087364,13.6418009,14.9624605,59,100,68394.5859,0
400,17.0846634,24.6776619,18.2087364,13.6418009,14.9624605,60,100,68394.5859,0
500,20.0795059,4.87355995,3.25544333,1.14416039,9.75710773,0,0,0,54912
500,20.0795059,4.87355995,3.25544333,1.14416039,9.75710773,1,4.6752944,2785.23901,52136.9883
500,20.0795059,4.87355995,3.25544333,1.14416039,9.75710773,2,9.31911087,5570.47852,49421.7891
500,20.0795059,4.87355995,3.25544333,1.14416039,9.75710773,3,13.8177166,8355.89453,46879.1641
500,20.0795059,4.87355995,3.25544333,1.14416039,9.75710773,4,18.1021347,11158.2598,44498.6641
500,20.0795059,4.87355995,3.25544333,1.14416039,9.75710773,5,22.9143944,14158.6631,41636.3242
500,20.0795059,4.87355995,3.25544333,1.14416039,9.75710773,6,27.461174,17011.9512,38924.0898
500,20.0795059,4.87355995,3.25544333,1.14416039,9.75710773,7,31.8599567,19807.3359,36296.7227
500,20.0795059,4.87355995,3.25544333,1.14416039,9.75710773,8,36.3383751,22644.0996,33542.1523
500,20.0795059,4.87355995,3.25544333,1.14416039,9.75710773,9,37.8659935,23836.9805,32353.6797
500,20.0795059,4.87355995,3.25544333,1.14416039,9.75710773,10,39.0307083,24826.8223,31363.8633
500,20.0795059,4.87355995,3.25544333,1.14416039,9.75710773,11,40.0381546,25682.9922,30507.6953
500,20.0795059,4.87355995,3.25544333,1.14416039,9.75710773,12,41.0455971,26539.1582,29651.5273
500,20.0795059,4.87355995,3.25544333,1.14416039,9.75710773,13,42.0530396,27395.3262,28795.3594
500,20.0795059,4.87355995,3.25544333,1.14416039,9.75710773,14,42.8571434,28078.6855,28112
500,20.0795059,4.87355995,3.25544333,1.14416039,9.75710773,15,45.7080803,29487.1484,26707.332
500,20.0795059,4.87355995,3.25544333,1.14416039,9.75710773,16,48.5489159,30895.6113,25320.7266
500,20.0795059,4.87355995,3.25544333,1.14416039,9.75710773,17,51.3405228,32304.0801,23990.8594
500,20.0795059,4.87355995,3.25544333,1.14416039,9.75710773,18,54.0165787,33713.25,22757.2441
500,20.0795059,4.87355995,3.25544333,1.14416039,9.75710773,19,56.6175308,35139.7656,21570.6797
500,20.0795059,4.87355995,3.25544333,1.14416039,9.75710773,20,59.4825783,36652.0391,20223.4629
500,20.0795059,4.87355995,3.25544333,1.14416039,9.75710773,21,62.2970543,38141.0859,18766.4844
500,20.0795059,4.87355995,3.25544333,1.14416039,9.75710773,22,65.2449417,39706.5664,17201.252
500,20.0795059,4.87355995,3.25544333,1.14416039,9.75710773,23,67.9621582,41115.082,15792.7354
500,20.0795059,4.87355995,3.25544333,1.14416039,9.75710773,24,69.5962982,42102.2266,14805.5928
500,20.0795059,4.87355995,3.25544333,1.14416039,9.75710773,25,70.8048248,42923.793,13984.0264
500,20.0795059,4.87355995,3.25544333,1.14416039,9.75710773,26,71.4285736,43347.8203,13560
500,20.0795059,4.87355995,3.25544333,1.14416039,9.75710773,27,72.2734833,43897.8945,13010.5713
500,20.0795059,4.87355995,3.25544333,1.14416039,9.75710773,28,73.1180038,44447.9727,12462.6475
500,20.0795059,4.87355995,3.25544333,1.14416039,9.75710773,29,73.9610672,44998.0508,11918.6602
500,20.0795059,4.87355995,3.25544333,1.14416039,9.75710773,30,74.7999115,45548.125,11383.2666
500,20.0795059,4.87355995,3.25544333,1.14416039,9.75710773,31,75.629158,46098.2031,10863.3535
500,20.0795059,4.87355995,3.25544333,1.14416039,9.75710773,32,76.4410019,46648.2969,10366.0684
500,20.0795059,4.87355995,3.25544333,1.14416039,9.75710773,33,77.2281494,47198.582,9894.5625
500,20.0795059,4.87355995,3.25544333,1.14416039,9.75710773,34,77.9899902,47750.4219,9442.87305
500,20.0795059,4.87355995,3.25544333,1.14416039,9.75710773,35,78.7412415,48310.0352,8991.75
500,20.0795059,4.87355995,3.25544333,1.14416039,9.75710773,36,79.5563812,48893.2148,8461.37695
500,20.0795059,4.87355995,3.25544333,1.14416039,9.75710773,37,80.4649658,49516.9648,7843.71533
500,20.0795059,4.87355995,3.25544333,1.14416039,9.75710773,38,81.4245224,50172.1758,7188.67334
500,20.0795059,4.87355995,3.25544333,1.14416039,9.75710773,39,82.2405701,50729.3008,6631.54785
500,20.0795059,4.87355995,3.25544333,1.14416039,9.75710773,40,83.0462952,51279.3789,6081.47119
500,20.0795059,4.87355995,3.25544333,1.14416039,9.75710773,41,83.8520126,51829.4531,5531.39453
500,20.0795059,4.87355995,3.25544333,1.14416039,9.75710773,42,84.6577377,52379.5312,4981.31787
500,20.0795059,4.87355995,3.25544333,1.14416039,9.75710773,43,85.4634628,52929.6094,4431.24072
500,20.0795059,4.87355995,3.25544333,1.14416039,9.75710773,44,85.7142868,53100.8477,4260
500,20.0795059,4.87355995,3.25544333,1.14416039,9.75710773,45,87.2980118,53573.293,3789.16016
500,20.0795059,4.87355995,3.25544333,1.14416039,9.75710773,46,88.8741226,54045.7383,3326.98828
500,20.0795059,4.87355995,3.25544333,1.14416039,9.75710773,47,90.4128494,54518.1875,2891.99878
500,20.0795059,4.87355995,3.25544333,1.14416039,9.75710773,48,91.8696899,54991.1836,2496.83301
500,20.0795059,4.87355995,3.25544333,1.14416039,9.75710773,49,93.3071594,55477.3906,2094.83374
500,20.0795059,4.87355995,3.25544333,1.14416039,9.75710773,50,95.0418701,56021.9375,1552.72119
500,20.0795059,4.87355995,3.25544333,1.14416039,9.75710773,51,96.5571747,56496.4805,1078.17688
500,20.0795059,4.87355995,3.25544333,1.14416039,9.75710773,52,98.0657806,56968.9258,605.731873
500,20.0795059,4.87355995,3.25544333,1.14416039,9.75710773,53,99.5743866,57441.3711,133.286911
500,20.0795059,4.87355995,3.25544333,1.14416039,9.75710773,54,100,57574.6562,0
500,20.0795059,4.87355995,3.25544333,1.14416039,9.75710773,55,100,57574.6562,0
500,20.0795059,4.87355995,3.25544333,1.14416039,9.75710773,56,100,57574.6562,0
500,20.0795059,4.87355995,3.25544333,1.14416039,9.75710773,57,100,57574.6562,0
500,20.0795059,4.87355995,3.25544333,1.14416039,9.75710773,58,100,57574.6562,0
500,20.0795059,4.87355995,3.25544333,1.14416039,9.75710773,59,100,57574.6562,0
500,20.0795059,4.87355995,3.25544333,1.14416039,9.75710773,60,100,57574.6562,0
600,21.4943638,9.0897789,11.2638798,24.1907463,29.6654072,0,0,0,54912
600,21.4943638,9.0897789,11.2638798,24.1907463,29.6654072,1,6.65905428,3968.67041,50962.4023
600,21.4943638,9.0897789,11.2638798,24.1907463,29.6654072,2,13.2348289,7937.3418,47124.3672
600,21.4943638,9.0897789,11.2638798,24.1907463,29.6654072,3,19.4332104,11906.6143,43607.9258
600,21.4943638,9.0897789,11.2638798,24.1907463,29.6654072,4,25.1213722,15933.4941,40367.8789
600,21.4943638,9.0897789,11.2638798,24.1907463,29.6654072,5,32.4066544,20633.4551,35925.4258
600,21.4943638,9.0897789,11.2638798,24.1907463,29.6654072,6,37.1815033,23882.5742,32939.3828
600,21.4943638,9.0897789,11.2638798,24.1907463,29.6654072,7,38.4028015,25137.0059,31998.3262
600,21.4943638,9.0897789,11.2638798,24.1907463,29.6654072,8,39.8628922,26532.0742,30756.5566
600,21.4943638,9.0897789,11.2638798,24.1907463,29.6654072,9,41.7383881,28196.1152,29100.7422
600,21.4943638,9.0897789,11.2638798,24.1907463,29.6654072,10,42.8571434,29184.9043,28112
600,21.4943638,9.0897789,11.2638798,24.1907463,29.6654072,11,42.8571434,29184.9043,28112
600,21.4943638,9.0897789,11.2638798,24.1907463,29.6654072,12,42.8571434,29184.9043,28112
600,21.4943638,9.0897789,11.2638798,24.1907463,29.6654072,13,44.6624832,30355.5488,26944.7129
600,21.4943638,9.0897789,11.2638798,24.1907463,29.6654072,14,46.4612198,31526.1934,25791.0332
600,21.4943638,9.0897789,11.2638798,24.1907463,29.6654072,15,50.4845505,33533.1055,23847.6484
600,21.4943638,9.0897789,11.2638798,24.1907463,29.6654072,16,54.3998375,35540.0938,22011.5645
600,21.4943638,9.0897789,11.2638798,24.1907463,29.6654072,17,58.0766106,37550.2773,20340.6055
600,21.4943638,9.0897789,11.2638798,24.1907463,29.6654072,18,61.4827271,39607.9258,18765.502
600,21.4943638,9.0897789,11.2638798,24.1907463,29.6654072,19,65.3744049,41937.9492,16690.3887
600,21.4943638,9.0897789,11.2638798,24.1907463,29.6654072,20,70.429039,44669.5156,13964.9277
600,21.4943638,9.0897789,11.2638798,24.1907463,29.6654072,21,71.4285736,45074.4414,13560
600,21.4943638,9.0897789,11.2638798,24.1907463,29.6654072,22,71.4285736,45074.4414,13560
600,21.4943638,9.0897789,11.2638798,24.1907463,29.6654072,23,72.6324081,45858.2422,12777.4082
600,21.4943638,9.0897789,11.2638798,24.1907463,29.6654072,24,73.8352127,46642.0469,11997.6221
600,21.4943638,9.0897789,11.2638798,24.1907463,29.6654072,25,75.0341263,47425.8477,11225.1797
600,21.4943638,9.0897789,11.2638798,24.1907463,29.6654072,26,76.2218933,48209.6484,10468.7627
600,21.4943638,9.0897789,11.2638798,24.1907463,29.6654072,27,77.3843689,48993.4531,9741.21875
600,21.4943638,9.0897789,11.2638798,24.1907463,29.6654072,28,78.5014954,49777.3047,9055.85742
600,21.4943638,9.0897789,11.2638798,24.1907463,29.6654072,29,79.5556564,50561.8164,8418.28125
600,21.4943638,9.0897789,11.2638798,24.1907463,29.6654072,30,80.5487595,51351.6055,7815.28223
600,21.4943638,9.0897789,11.2638798,24.1907463,29.6654072,31,81.5268326,52167.8203,7201.41357
600,21.4943638,9.0897789,11.2638798,24.1907463,29.6654072,32,82.6922913,53064.1367,6403.59277
600,21.4943638,9.0897789,11.2638798,24.1907463,29.6654072,33,84.1360474,54098.3398,5380.74854
600,21.4943638,9.0897789,11.2638798,24.1907463,29.6654072,34,85.7142868,55219.3984,4260
600,21.4943638,9.0897789,11.2638798,24.1907463,29.6654072,35,85.7142868,55219.3984,4260
600,21.4943638,9.0897789,11.2638798,24.1907463,29.6654072,36,85.7142868,55219.3984,4260
600,21.4943638,9.0897789,11.2638798,24.1907463,29.6654072,37,85.7142868,55219.3984,4260
600,21.4943638,9.0897789,11.2638798,24.1907463,29.6654072,38,87.970192,55892.582,3589.80981
600,21.4943638,9.0897789,11.2638798,24.1907463,29.6654072,39,90.2059097,56565.7656,2935.78638
600,21.4943638,9.0897789,11.2638798,24.1907463,29.6654072,40,92.3436127,57238.9648,2332.4541
600,21.4943638,9.0897789,11.2638798,24.1907463,29.6654072,41,94.2740021,57914.0195,1802.56079
600,21.4943638,9.0897789,11.2638798,24.1907463,29.6654072,42,96.1949844,58633.9727,1239.6626
600,21.4943638,9.0897789,11.2638798,24.1907463,29.6654072,43,99.0004654,59552.2148,325.96228
600,21.4943638,9.0897789,11.2638798,24.1907463,29.6654072,44,100,59878.1758,0
600,21.4943638,9.0897789,11.2638798,24.1907463,29.6654072,45,100,59878.1758,0
600,21.4943638,9.0897789,11.2638798,24.1907463,29.6654072,46,100,59878.1758,0
600,21.4943638,9.0897789,11.2638798,24.1907463,29.6654072,47,100,59878.1758,0
600,21.4943638,9.0897789,11.2638798,24.1907463,29.6654072,48,100,59878.1758,0
600,21.4943638,9.0897789,11.2638798,24.1907463,29.6654072,49,100,59878.1758,0
600,21.4943638,9.0897789,11.2638798,24.1907463,29.6654072,50,100,59878.1758,0
600,21.4943638,9.0897789,11.2638798,24.1907463,29.6654072,51,100,59878.1758,0
600,21.4943638,9.0897789,11.2638798,24.1907463,29.6654072,52,100,59878.1758,0
600,21.4943638,9.0897789,11.2638798,24.1907463,29.6654072,53,100,59878.1758,0
600,21.4943638,9.0897789,11.2638798,24.1907463,29.6654072,54,100,59878.1758,0
600,21.4943638,9.0897789,11.2638798,24.1907463,29.6654072,55,100,59878.1758,0
600,21.4943638,9.0897789,11.2638798,24.1907463,29.6654072,56,100,59878.1758,0
600,21.4943638,9.0897789,11.2638798,24.1907463,29.6654072,57,100,59878.1758,0
600,21.4943638,9.0897789,11.2638798,24.1907463,29.6654072,58,100,59878.1758,0
600,21.4943638,9.0897789,11.2638798,24.1907463,29.6654072,59,100,59878.1758,0
600,21.4943638,9.0897789,11.2638798,24.1907463,29.6654072,60,100,59878.1758,0
700,20.7359886,4.89172888,7.72018147,29.5060406,-14.3273659,0,0,0,54912
700,20.7359886,4.89172888,7.72018147,29.5060406,-14.3273659,1,4.63430691,2760.82617,52161.4375
700,20.7359886,4.89172888,7.72018147,29.5060406,-14.3273659,2,9.2372961,5521.65283,49470.9141
700,20.7359886,4.89172888,7.72018147,29.5060406,-14.3273659,3,13.6962671,8282.89551,46953.3672
700,20.7359886,4.89172888,7.72018147,29.5060406,-14.3273659,4,17.9835224,11084.0029,44575.6992
700,20.7359886,4.89172888,7.72018147,29.5060406,-14.3273659,5,23.2772675,14350.8926,41447.3867
700,20.7359886,4.89172888,7.72018147,29.5060406,-14.3273659,6,27.9484463,17271.7695,38668.0898
700,20.7359886,4.89172888,7.72018147,29.5060406,-14.3273659,7,32.3239861,20056.457,36052.043
700,20.7359886,4.89172888,7.72018147,29.5060406,-14.3273659,8,36.7355003,22877.5859,33313.4141
700,20.7359886,4.89172888,7.72018147,29.5060406,-14.3273659,9,38.0925255,24033.5684,32161.8613
700,20.7359886,4.89172888,7.72018147,29.5060406,-14.3273659,10,39.4608307,25196.6289,30998.8242
700,20.7359886,4.89172888,7.72018147,29.5060406,-14.3273659,11,40.4592781,26045.2969,30150.1562
700,20.7359886,4.89172888,7.72018147,29.5060406,-14.3273659,12,41.4577179,26893.959,29301.4941
700,20.7359886,4.89172888,7.72018147,29.5060406,-14.3273659,13,42.4561615,27742.623,28452.8301
700,20.7359886,4.89172888,7.72018147,29.5060406,-14.3273659,14,42.8571434,28083.4531,28112
700,20.7359886,4.89172888,7.72018147,29.5060406,-14.3273659,15,45.6830902,29479.5703,26719.6914
700,20.7359886,4.89172888,7.72018147,29.5060406,-14.3273659,16,48.4989815,30875.6875,25345.5117
700,20.7359886,4.89172888,7.72018147,29.5060406,-14.3273659,17,51.2659225,32271.8203,24028.2754
700,20.7359886,4.89172888,7.72018147,29.5060406,-14.3273659,18,53.920372,33669.6016,22806.7031
700,20.7359886,4.89172888,7.72018147,29.5060406,-14.3273659,19,56.5592079,35108.1758,21608.9727
700,20.7359886,4.89172888,7.72018147,29.5060406,-14.3273659,20,59.7400436,36748.4609,20134.3633
700,20.7359886,4.89172888,7.72018147,29.5060406,-14.3273659,21,62.6943474,38334.1055,18580.9043
700,20.7359886,4.89172888,7.72018147,29.5060406,-14.3273659,22,65.93013,40099.5273,16815.7305
700,20.7359886,4.89172888,7.72018147,29.5060406,-14.3273659,23,68.6231613,41495.7734,15419.4863
700,20.7359886,4.89172888,7.72018147,29.5060406,-14.3273659,24,69.985878,42374.3359,14540.9229
700,20.7359886,4.89172888,7.72018147,29.5060406,-14.3273659,25,71.183609,43188.7031,13726.5576
700,20.7359886,4.89172888,7.72018147,29.5060406,-14.3273659,26,71.4285736,43355.2578,13560
700,20.7359886,4.89172888,7.72018147,29.5060406,-14.3273659,27,72.2660751,43900.5156,13015.3955
700,20.7359886,4.89172888,7.72018147,29.5060406,-14.3273659,28,73.1031952,44445.7695,12472.3008
700,20.7359886,4.89172888,7.72018147,29.5060406,-14.3273659,29,73.938858,44991.0234,11933.1582
700,20.7359886,4.89172888,7.72018147,29.5060406,-14.3273659,30,74.7703323,45536.2812,11402.6406
700,20.7359886,4.89172888,7.72018147,29.5060406,-14.3273659,31,75.5922546,46081.5391,10887.6602
700,20.7359886,4.89172888,7.72018147,29.5060406,-14.3273659,32,76.3968964,46626.832,10395.3721
700,20.7359886,4.89172888,7.72018147,29.5060406,-14.3273659,33,77.1773605,47172.5781,9928.69922
700,20.7359886,4.89172888,7.72018147,29.5060406,-14.3273659,34,77.9357834,47721.9766,9479.82324
700,20.7359886,4.89172888,7.72018147,29.5060406,-14.3273659,35,78.6991577,48289.6641,9021.03125
700,20.7359886,4.89172888,7.72018147,29.5060406,-14.3273659,36,79.5727615,48912.7773,8450.91992
700,20.7359886,4.89172888,7.72018147,29.5060406,-14.3273659,37,80.6199646,49631.3164,7738.49561
700,20.7359886,4.89172888,7.72018147,29.5060406,-14.3273659,38,81.7804565,50423.8398,6946.13916
700,20.7359886,4.89172888,7.72018147,29.5060406,-14.3273659,39,82.6032562,50985.6758,6384.3042
700,20.7359886,4.89172888,7.72018147,29.5060406,-14.3273659,40,83.4017792,51530.9297,5839.04883
700,20.7359886,4.89172888,7.72018147,29.5060406,-14.3273659,41,84.2003021,52076.1836,5293.79346
700,20.7359886,4.89172888,7.72018147,29.5060406,-14.3273659,42,84.9988251,52621.4414,4748.53857
700,20.7359886,4.89172888,7.72018147,29.5060406,-14.3273659,43,85.7142868,53109.9805,4260
700,20.7359886,4.89172888,7.72018147,29.5060406,-14.3273659,44,87.2841263,53578.2812,3793.30737
700,20.7359886,4.89172888,7.72018147,29.5060406,-14.3273659,45,88.8463898,54046.5859,3335.3147
700,20.7359886,4.89172888,7.72018147,29.5060406,-14.3273659,46,90.3714905,54514.9023,2904.59961
700,20.7359886,4.89172888,7.72018147,29.5060406,-14.3273659,47,91.8175354,54984.5,2513.12061
700,20.7359886,4.89172888,7.72018147,29.5060406,-14.3273659,48,93.301506,55485.168,2096.97192
700,20.7359886,4.89172888,7.72018147,29.5060406,-14.3273659,49,95.3338928,56123.0547,1461.52905
700,20.7359886,4.89172888,7.72018147,29.5060406,-14.3273659,50,96.8447723,56596.2969,988.286926
700,20.7359886,4.89172888,7.72018147,29.5060406,-14.3273659,51,98.3398895,57064.6016,519.982971
700,20.7359886,4.89172888,7.72018147,29.5060406,-14.3273659,52,99.8350067,57532.9062,51.6790199
700,20.7359886,4.89172888,7.72018147,29.5060406,-14.3273659,53,100,57584.5859,0
700,20.7359886,4.89172888,7.72018147,29.5060406,-14.3273659,54,100,57584.5859,0
700,20.7359886,4.89172888,7.72018147,29.5060406,-14.3273659,55,100,57584.5859,0
700,20.7359886,4.89172888,7.72018147,29.5060406,-14.3273659,56,100,57584.5859,0
700,20.7359886,4.89172888,7.72018147,29.5060406,-14.3273659,57,100,57584.5859,0
700,20.7359886,4.89172888,7.72018147,29.5060406,-14.3273659,58,100,57584.5859,0
700,20.7359886,4.89172888,7.72018147,29.5060406,-14.3273659,59,100,57584.5859,0
700,20.7359886,4.89172888,7.72018147,29.5060406,-14.3273659,60,100,57584.5859,0
800,10.3540964,28.0110817,12.0252991,0.56384176,-13.377018,0,0,0,54912
800,10.3540964,28.0110817,12.0252991,0.56384176,-13.377018,1,4.10583687,2451.52466,52519.2539
800,10.3540964,28.0110817,12.0252991,0.56384176,-13.377018,2,8.05628014,4903.05029,50470.2969
800,10.3540964,28.0110817,12.0252991,0.56384176,-13.377018,3,11.3520813,7355.30908,49413.4844
800,10.3540964,28.0110817,12.0252991,0.56384176,-13.377018,4,13.8648891,9877.7959,49315.6953
800,10.3540964,28.0110817,12.0252991,0.56384176,-13.377018,5,18.2563648,13220.834,46766.1914
800,10.3540964,28.0110817,12.0252991,0.56384176,-13.377018,6,21.724453,15954.3135,44843.418
800,10.3540964,28.0110817,12.0252991,0.56384176,-13.377018,7,24.6992702,18447.877,43315.5469
800,10.3540964,28.0110817,12.0252991,0.56384176,-13.377018,8,27.9717751,21112.8906,41122.9414
800,10.3540964,28.0110817,12.0252991,0.56384176,-13.377018,9,31.7186394,24105.8047,38155.3789
800,10.3540964,28.0110817,12.0252991,0.56384176,-13.377018,10,35.4878731,27111.1934,35150.1328
800,10.3540964,28.0110817,12.0252991,0.56384176,-13.377018,11,37.8795586,28991.8281,33269.5
800,10.3540964,28.0110817,12.0252991,0.56384176,-13.377018,12,38.6068573,29745.4141,32515.9121
800,10.3540964,28.0110817,12.0252991,0.56384176,-13.377018,13,39.334156,30499,31762.3262
800,10.3540964,28.0110817,12.0252991,0.56384176,-13.377018,14,40.061451,31252.5859,31008.7402
800,10.3540964,28.0110817,12.0252991,0.56384176,-13.377018,15,42.180233,32522.748,29750.0391
800,10.3540964,28.0110817,12.0252991,0.56384176,-13.377018,16,44.2610474,33792.9102,28553.2246
800,10.3540964,28.0110817,12.0252991,0.56384176,-13.377018,17,46.1657944,35063.0977,27550.5
800,10.3540964,28.0110817,12.0252991,0.56384176,-13.377018,18,47.6248283,36218.4922,26950.8047
800,10.3540964,28.0110817,12.0252991,0.56384176,-13.377018,19,49.551548,37529.0312,26251.8418
800,10.3540964,28.0110817,12.0252991,0.56384176,-13.377018,20,52.4990044,39139.8555,24710.6738
800,10.3540964,28.0110817,12.0252991,0.56384176,-13.377018,21,54.6475906,40390.3711,23644.4648
800,10.3540964,28.0110817,12.0252991,0.56384176,-13.377018,22,56.618824,41630.1758,22857.9766
800,10.3540964,28.0110817,12.0252991,0.56384176,-13.377018,23,58.3678741,42873.8516,22392.1973
800,10.3540964,28.0110817,12.0252991,0.56384176,-13.377018,24,60.0233498,44172.5781,22024.7773
800,10.3540964,28.0110817,12.0252991,0.56384176,-13.377018,25,62.2827034,45735.3633,20646.2988
800,10.3540964,28.0110817,12.0252991,0.56384176,-13.377018,26,65.0195618,47625.6641,18757.4258
800,10.3540964,28.0110817,12.0252991,0.56384176,-13.377018,27,66.2349014,48513.0586,17870.0332
800,10.3540964,28.0110817,12.0252991,0.56384176,-13.377018,28,67.1062851,49236.1875,17146.9023
800,10.3540964,28.0110817,12.0252991,0.56384176,-13.377018,29,67.9776764,49959.3164,16423.7715
800,10.3540964,28.0110817,12.0252991,0.56384176,-13.377018,30,68.8490601,50682.4453,15700.6426
800,10.3540964,28.0110817,12.0252991,0.56384176,-13.377018,31,69.7204437,51405.5781,14977.5117
800,10.3540964,28.0110817,12.0252991,0.56384176,-13.377018,32,70.5918274,52128.707,14254.3818
800,10.3540964,28.0110817,12.0252991,0.56384176,-13.377018,33,71.4285736,52823.0898,13560
800,10.3540964,28.0110817,12.0252991,0.56384176,-13.377018,34,72.1720047,53307.2578,13079.5576
800,10.3540964,28.0110817,12.0252991,0.56384176,-13.377018,35,72.9134674,53791.4258,12607.7598
800,10.3540964,28.0110817,12.0252991,0.56384176,-13.377018,36,73.6475754,54275.5977,12158.5938
800,10.3540964,28.0110817,12.0252991,0.56384176,-13.377018,37,74.3607788,54759.7656,11758.8135
800,10.3540964,28.0110817,12.0252991,0.56384176,-13.377018,38,75.0277023,55243.9375,11448.0127
800,10.3540964,28.0110817,12.0252991,0.56384176,-13.377018,39,75.6153793,55728.1719,11267.2939
800,10.3540964,28.0110817,12.0252991,0.56384176,-13.377018,40,76.100975,56213.207,11235.0537
800,10.3540964,28.0110817,12.0252991,0.56384176,-13.377018,41,76.4968796,56704.6758,11319.1973
800,10.3540964,28.0110817,12.0252991,0.56384176,-13.377018,42,76.8705139,57228.3633,11419.0654
800,10.3540964,28.0110817,12.0252991,0.56384176,-13.377018,43,77.4792557,57849.6953,11101.249
800,10.3540964,28.0110817,12.0252991,0.56384176,-13.377018,44,78.4089355,58639.1289,10346.8193
800,10.3540964,28.0110817,12.0252991,0.56384176,-13.377018,45,79.5121918,59558.8984,9428.00293
800,10.3540964,28.0110817,12.0252991,0.56384176,-13.377018,46,80.1282883,60072.2773,8914.62988
800,10.3540964,28.0110817,12.0252991,0.56384176,-13.377018,47,80.7093353,60556.4492,8430.46094
800,10.3540964,28.0110817,12.0252991,0.56384176,-13.377018,48,81.2903824,61040.6172,7946.29199
800,10.3540964,28.0110817,12.0252991,0.56384176,-13.377018,49,81.8714371,61524.7852,7462.12305
800,10.3540964,28.0110817,12.0252991,0.56384176,-13.377018,50,82.4524841,62008.957,6977.95361
800,10.3540964,28.0110817,12.0252991,0.56384176,-13.377018,51,83.0335312,62493.125,6493.78467
800,10.3540964,28.0110817,12.0252991,0.56384176,-13.377018,52,83.6145782,62977.293,6009.61523
800,10.3540964,28.0110817,12.0252991,0.56384176,-13.377018,53,84.1956329,63461.4648,5525.44629
800,10.3540964,28.0110817,12.0252991,0.56384176,-13.377018,54,84.77668,63945.6328,5041.27686
800,10.3540964,28.0110817,12.0252991,0.56384176,-13.377018,55,85.3577271,64429.8008,4557.10791
800,10.3540964,28.0110817,12.0252991,0.56384176,-13.377018,56,85.7142868,64726.9102,4260
800,10.3540964,28.0110817,12.0252991,0.56384176,-13.377018,57,87.1057663,65142.75,3853.38745
800,10.3540964,28.0110817,12.0252991,0.56384176,-13.377018,58,88.4592896,65558.5859,3496.59351
800,10.3540964,28.0110817,12.0252991,0.56384176,-13.377018,59,89.636734,65974.4453,3296.03906
800,10.3540964,28.0110817,12.0252991,0.56384176,-13.377018,60,90.4819717,66392.5625,3325.25024
900,0.447163343,1.8808763,18.9735947,5.39466476,-5.40926266,0,0,0,54912
900,0.447163343,1.8808763,18.9735947,5.39466476,-5.40926266,1,5.23148918,3115.67188,51800.2734
900,0.447163343,1.8808763,18.9735947,5.39466476,-5.40926266,2,10.4493484,6231.3457,48711.6328
900,0.447163343,1.8808763,18.9735947,5.39466476,-5.40926266,3,15.6057825,9348.30371,45688.375
900,0.447163343,1.8808763,18.9735947,5.39466476,-5.40926266,4,20.8786812,12588.3135,42611.1797
900,0.447163343,1.8808763,18.9735947,5.39466476,-5.40926266,5,28.879097,17266.0703,37986.707
900,0.447163343,1.8808763,18.9735947,5.39466476,-5.40926266,6,34.9061546,20875.7754,34431.4375
900,0.447163343,1.8808763,18.9735947,5.39466476,-5.40926266,7,36.8121605,22282.5898,33089.4648
900,0.447163343,1.8808763,18.9735947,5.39466476,-5.40926266,8,38.4030914,23614.4004,31789.377
900,0.447163343,1.8808763,18.9735947,5.39466476,-5.40926266,9,40.7103157,25520.75,29884.7285
900,0.447163343,1.8808763,18.9735947,5.39466476,-5.40926266,10,42.8571434,27293.4902,28112
900,0.447163343,1.8808763,18.9735947,5.39466476,-5.40926266,11,42.8571434,27293.4902,28112
900,0.447163343,1.8808763,18.9735947,5.39466476,-5.40926266,12,42.8571434,27293.4902,28112
900,0.447163343,1.8808763,18.9735947,5.39466476,-5.40926266,13,44.2748604,28212.5234,27193.6602
900,0.447163343,1.8808763,18.9735947,5.39466476,-5.40926266,14,45.6915054,29131.5586,26278.1367
900,0.447163343,1.8808763,18.9735947,5.39466476,-5.40926266,15,48.8750458,30707.1191,24715.7207
900,0.447163343,1.8808763,18.9735947,5.39466476,-5.40926266,16,52.0408134,32282.8496,23175.3535
900,0.447163343,1.8808763,18.9735947,5.39466476,-5.40926266,17,55.1752625,33865.3984,21662.9961
900,0.447163343,1.8808763,18.9735947,5.39466476,-5.40926266,18,58.4073677,35549.3398,20078.9082
900,0.447163343,1.8808763,18.9735947,5.39466476,-5.40926266,19,62.6601715,37815.0859,17865.9062
900,0.447163343,1.8808763,18.9735947,5.39466476,-5.40926266,20,69.2365417,41180.8633,14501.3926
900,0.447163343,1.8808763,18.9735947,5.39466476,-5.40926266,21,71.4271851,42121.7305,13560.5244
900,0.447163343,1.8808763,18.9735947,5.39466476,-5.40926266,22,71.4285736,42122.2539,13560
900,0.447163343,1.8808763,18.9735947,5.39466476,-5.40926266,23,72.373764,42737.5938,12944.9141
900,0.447163343,1.8808763,18.9735947,5.39466476,-5.40926266,24,73.3187866,43352.9297,12330.4082
900,0.447163343,1.8808763,18.9735947,5.39466476,-5.40926266,25,74.263176,43968.2656,11717.4219
900,0.447163343,1.8808763,18.9735947,5.39466476,-5.40926266,26,75.2057419,44583.6016,11107.752
900,0.447163343,1.8808763,18.9735947,5.39466476,-5.40926266,27,76.1441498,45198.9414,10504.0518
900,0.447163343,1.8808763,18.9735947,5.39466476,-5.40926266,28,77.0750961,45814.3945,9908.98047
900,0.447163343,1.8808763,18.9735947,5.39466476,-5.40926266,29,77.9970856,46431.2461,9322.5332
900,0.447163343,1.8808763,18.9735947,5.39466476,-5.40926266,30,78.9236755,47059.3711,8733.05762
900,0.447163343,1.8808763,18.9735947,5.39466476,-5.40926266,31,79.9251328,47743.9492,8090.35107
900,0.447163343,1.8808763,18.9735947,5.39466476,-5.40926266,32,81.1973267,48599.6211,7255.06006
900,0.447163343,1.8808763,18.9735947,5.39466476,-5.40926266,33,82.9291458,49749.832,6107.19971
900,0.447163343,1.8808763,18.9735947,5.39466476,-5.40926266,34,85.007637,51128.4219,4728.67578
900,0.447163343,1.8808763,18.9735947,5.39466476,-5.40926266,35,85.7142868,51597.0977,4260
900,0.447163343,1.8808763,18.9735947,5.39466476,-5.40926266,36,85.7142868,51597.0977,4260
900,0.447163343,1.8808763,18.9735947,5.39466476,-5.40926266,37,85.7142868,51597.0977,4260
900,0.447163343,1.8808763,18.9735947,5.39466476,-5.40926266,38,87.4863129,52125.5898,3732.125
900,0.447163343,1.8808763,18.9735947,5.39466476,-5.40926266,39,89.255043,52654.0859,3207.59521
900,0.447163343,1.8808763,18.9735947,5.39466476,-5.40926266,40,91.0075836,53182.6133,2693.52417
900,0.447163343,1.8808763,18.9735947,5.39466476,-5.40926266,41,92.7360306,53715.1055,2191.07031
900,0.447163343,1.8808763,18.9735947,5.39466476,-5.40926266,42,94.7511826,54343.5039,1595.17078
900,0.447163343,1.8808763,18.9735947,5.39466476,-5.40926266,43,98.2098618,55395.4531,544.1604
900,0.447163343,1.8808763,18.9735947,5.39466476,-5.40926266,44,99.9986115,55939.1914,0.421843648
900,0.447163343,1.8808763,18.9735947,5.39466476,-5.40926266,45,100,55939.6133,0
900,0.447163343,1.8808763,18.9735947,5.39466476,-5.40926266,46,100,55939.6133,0
900,0.447163343,1.8808763,18.9735947,5.39466476,-5.40926266,47,100,55939.6133,0
900,0.447163343,1.8808763,18.9735947,5.39466476,-5.40926266,48,100,55939.6133,0
900,0.447163343,1.8808763,18.9735947,5.39466476,-5.40926266,49,100,55939.6133,0
900,0.447163343,1.8808763,18.9735947,5.39466476,-5.40926266,50,100,55939.6133,0
900,0.447163343,1.8808763,18.9735947,5.39466476,-5.40926266,51,100,55939.6133,0
900,0.447163343,1.8808763,18.9735947,5.39466476,-5.40926266,52,100,55939.6133,0
900,0.447163343,1.8808763,18.9735947,5.39466476,-5.40926266,53,100,55939.6133,0
900,0.447163343,1.8808763,18.9735947,5.39466476,-5.40926266,54,100,55939.6133,0
900,0.447163343,1.8808763,18.9735947,5.39466476,-5.40926266,55,100,55939.6133,0
900,0.447163343,1.8808763,18.9735947,5.39466476,-5.40926266,56,100,55939.6133,0
900,0.447163343,1.8808763,18.9735947,5.39466476,-5.40926266,57,100,55939.6133,0
900,0.447163343,1.8808763,18.9735947,5.39466476,-5.40926266,58,100,55939.6133,0
900,0.447163343,1.8808763,18.9735947,5.39466476,-5.40926266,59,100,55939.6133,0
900,0.447163343,1.8808763,18.9735947,5.39466476,-5.40926266,60,100,55939.6133,0
1000,5.1379981,1.11192024,1.7777586,25.0660267,-3.39251208,0,0,0,54912
1000,5.1379981,1.11192024,1.7777586,25.0660267,-3.39251208,1,6.0419836,3598.10034,51316.2344
1000,5.1379981,1.11192024,1.7777586,25.0660267,-3.39251208,2,12.0746527,7196.20068,47734.1133
1000,5.1379981,1.11192024,1.7777586,25.0660267,-3.39251208,3,18.0637913,10794.416,44191.2891
1000,5.1379981,1.11192024,1.7777586,25.0660267,-3.39251208,4,23.9969177,14403.6172,40678.3398
1000,5.1379981,1.11192024,1.7777586,25.0660267,-3.39251208,5,30.2218361,18141.1836,36972.2734
1000,5.1379981,1.11192024,1.7777586,25.0660267,-3.39251208,6,36.2692032,21783.3906,33362.2461
1000,5.1379981,1.11192024,1.7777586,25.0660267,-3.39251208,7,38.0432014,23133.3496,32050.6211
1000,5.1379981,1.11192024,1.7777586,25.0660267,-3.39251208,8,39.4184608,24272.7852,30929.9395
1000,5.1379981,1.11192024,1.7777586,25.0660267,-3.39251208,9,40.87043,25463.5156,29740.2148
1000,5.1379981,1.11192024,1.7777586,25.0660267,-3.39251208,10,42.3257065,26656.1973,28547.5391
1000,5.1379981,1.11192024,1.7777586,25.0660267,-3.39251208,11,42.8571434,27091.7363,28112
1000,5.1379981,1.11192024,1.7777586,25.0660267,-3.39251208,12,42.8571434,27091.7363,28112
1000,5.1379981,1.11192024,1.7777586,25.0660267,-3.39251208,13,44.4944305,28153.0742,27051.0742
1000,5.1379981,1.11192024,1.7777586,25.0660267,-3.39251208,14,46.1309853,29214.4121,25991.8105
1000,5.1379981,1.11192024,1.7777586,25.0660267,-3.39251208,15,49.8105545,31033.9277,24180.0645
1000,5.1379981,1.11192024,1.7777586,25.0660267,-3.39251208,16,53.4778061,32853.4609,22381.4395
1000,5.1379981,1.11192024,1.7777586,25.0660267,-3.39251208,17,57.1173019,34673.6016,20602.793
1000,5.1379981,1.11192024,1.7777586,25.0660267,-3.39251208,18,60.7285652,36502.7969,18832.6289
1000,5.1379981,1.11192024,1.7777586,25.0660267,-3.39251208,19,64.4345245,38383.9336,16982.6719
1000,5.1379981,1.11192024,1.7777586,25.0660267,-3.39251208,20,68.3862534,40363.2852,15004.0684
1000,5.1379981,1.11192024,1.7777586,25.0660267,-3.39251208,21,71.4285736,41807.3516,13560
1000,5.1379981,1.11192024,1.7777586,25.0660267,-3.39251208,22,71.4285736,41807.3516,13560
1000,5.1379981,1.11192024,1.7777586,25.0660267,-3.39251208,23,72.5201263,42517.9688,12849.5332
1000,5.1379981,1.11192024,1.7777586,25.0660267,-3.39251208,24,73.6115723,43228.582,12139.4102
1000,5.1379981,1.11192024,1.7777586,25.0660267,-3.39251208,25,74.7025757,43939.1953,11430.1846
1000,5.1379981,1.11192024,1.7777586,25.0660267,-3.39251208,26,75.7923431,44649.8125,10722.9199
1000,5.1379981,1.11192024,1.7777586,25.0660267,-3.39251208,27,76.8792572,45360.4258,10019.1875
1000,5.1379981,1.11192024,1.7777586,25.0660267,-3.39251208,28,77.9609528,46071.0508,9320.61035
1000,5.1379981,1.11192024,1.7777586,25.0660267,-3.39251208,29,79.0352325,46781.8008,8627.83496
1000,5.1379981,1.11192024,1.7777586,25.0660267,-3.39251208,30,80.1023941,47493.5586,7938.92773
1000,5.1379981,1.11192024,1.7777586,25.0660267,-3.39251208,31,81.1700592,48210.3555,7246.8833
1000,5.1379981,1.11192024,1.7777586,25.0660267,-3.39251208,32,82.2699203,48942.4258,6526.85986
1000,5.1379981,1.11192024,1.7777586,25.0660267,-3.39251208,33,83.4204483,49700.7969,5769.88037
1000,5.1379981,1.11192024,1.7777586,25.0660267,-3.39251208,34,84.6035004,50479.5547,4991.15918
1000,5.1379981,1.11192024,1.7777586,25.0660267,-3.39251208,35,85.6900177,51194.7383,4275.97559
1000,5.1379981,1.11192024,1.7777586,25.0660267,-3.39251208,36,85.7142868,51210.7148,4260
1000,5.1379981,1.11192024,1.7777586,25.0660267,-3.39251208,37,85.7142868,51210.7148,4260
1000,5.1379981,1.11192024,1.7777586,25.0660267,-3.39251208,38,87.7608109,51821.0391,3650.04004
1000,5.1379981,1.11192024,1.7777586,25.0660267,-3.39251208,39,89.8050842,52431.3672,3042.05762
1000,5.1379981,1.11192024,1.7777586,25.0660267,-3.39251208,40,91.8382187,53041.6953,2440.2749
1000,5.1379981,1.11192024,1.7777586,25.0660267,-3.39251208,41,93.8469086,53652.3789,1847.34912
1000,5.1379981,1.11192024,1.7777586,25.0660267,-3.39251208,42,95.864006,54271.625,1247.31543
1000,5.1379981,1.11192024,1.7777586,25.0660267,-3.39251208,43,98.0411758,54928.6836,590.80957
1000,5.1379981,1.11192024,1.7777586,25.0660267,-3.39251208,44,100,55519.4961,0
1000,5.1379981,1.11192024,1.7777586,25.0660267,-3.39251208,45,100,55519.4961,0
1000,5.1379981,1.11192024,1.7777586,25.0660267,-3.39251208,46,100,55519.4961,0
1000,5.1379981,1.11192024,1.7777586,25.0660267,-3.39251208,47,100,55519.4961,0
1000,5.1379981,1.11192024,1.7777586,25.0660267,-3.39251208,48,100,55519.4961,0
1000,5.1379981,1.11192024,1.7777586,25.0660267,-3.39251208,49,100,55519.4961,0
1000,5.1379981,1.11192024,1.7777586,25.0660267,-3.39251208,50,100,55519.4961,0
1000,5.1379981,1.11192024,1.7777586,25.0660267,-3.39251208,51,100,55519.4961,0
1000,5.1379981,1.11192024,1.7777586,25.0660267,-3.39251208,52,100,55519.4961,0
1000,5.1379981,1.11192024,1.7777586,25.0660267,-3.39251208,53,100,55519.4961,0
1000,5.1379981,1.11192024,1.7777586,25.0660267,-3.39251208,54,100,55519.4961,0
1000,5.1379981,1.11192024,1.7777586,25.0660267,-3.39251208,55,100,55519.4961,0
1000,5.1379981,1.11192024,1.7777586,25.0660267,-3.39251208,56,100,55519.4961,0
1000,5.1379981,1.11192024,1.7777586,25.0660267,-3.39251208,57,100,55519.4961,0
1000,5.1379981,1.11192024,1.7777586,25.0660267,-3.39251208,58,100,55519.4961,0
1000,5.1379981,1.11192024,1.7777586,25.0660267,-3.39251208,59,100,55519.4961,0
1000,5.1379981,1.11192024,1.7777586,25.0660267,-3.39251208,60,100,55519.4961,0
1100,1.55713797,28.8948326,2.60951495,17.8218708,12.6214409,0,0,0,54912
1100,1.55713797,28.8948326,2.60951495,17.8218708,12.6214409,1,6.86736441,4100.73828,50871.8945
1100,1.55713797,28.8948326,2.60951495,17.8218708,12.6214409,2,13.4668407,8201.47754,47186.4258
1100,1.55713797,28.8948326,2.60951495,17.8218708,12.6214409,3,18.9396992,12302.3906,44524.9844
1100,1.55713797,28.8948326,2.60951495,17.8218708,12.6214409,4,22.9235287,16420.0391,42908.5352
1100,1.55713797,28.8948326,2.60951495,17.8218708,12.6214409,5,28.3380833,20733.2207,39413.9219
1100,1.55713797,28.8948326,2.60951495,17.8218708,12.6214409,6,33.499279,24901.1484,36082.2773
1100,1.55713797,28.8948326,2.60951495,17.8218708,12.6214409,7,37.3422012,28312.3418,33667.2461
1100,1.55713797,28.8948326,2.60951495,17.8218708,12.6214409,8,38.3141747,29623.7598,32843.1367
1100,1.55713797,28.8948326,2.60951495,17.8218708,12.6214409,9,39.6290283,31013.3184,31479.7324
1100,1.55713797,28.8948326,2.60951495,17.8218708,12.6214409,10,40.9637032,32405.8477,30087.3516
1100,1.55713797,28.8948326,2.60951495,17.8218708,12.6214409,11,42.171978,33666.3945,28826.8047
1100,1.55713797,28.8948326,2.60951495,17.8218708,12.6214409,12,42.8571434,34381.1992,28112
1100,1.55713797,28.8948326,2.60951495,17.8218708,12.6214409,13,44.7210884,35590.8008,26913.0703
1100,1.55713797,28.8948326,2.60951495,17.8218708,12.6214409,14,46.5634727,36800.4023,25757.3984
1100,1.55713797,28.8948326,2.60951495,17.8218708,12.6214409,15,50.6329651,38874.0977,23885.6445
1100,1.55713797,28.8948326,2.60951495,17.8218708,12.6214409,16,54.3707733,40947.8164,22355.207
1100,1.55713797,28.8948326,2.60951495,17.8218708,12.6214409,17,57.417942,43022.4609,21358.8984
1100,1.55713797,28.8948326,2.60951495,17.8218708,12.6214409,18,59.6316452,45110.8945,20804.3848
1100,1.55713797,28.8948326,2.60951495,17.8218708,12.6214409,19,62.1502457,47278.457,19447.1406
1100,1.55713797,28.8948326,2.60951495,17.8218708,12.6214409,20,65.7401581,49595.625,17149.375
1100,1.55713797,28.8948326,2.60951495,17.8218708,12.6214409,21,68.9908447,51671.9492,15073.0547
1100,1.55713797,28.8948326,2.60951495,17.8218708,12.6214409,22,71.4285736,53185.0039,13560
1100,1.55713797,28.8948326,2.60951495,17.8218708,12.6214409,23,72.6721191,53994.8867,12753.96
1100,1.55713797,28.8948326,2.60951495,17.8218708,12.6214409,24,73.912262,54804.7695,11956.8379
1100,1.55713797,28.8948326,2.60951495,17.8218708,12.6214409,25,75.1397247,55614.6562,11183.0615
1100,1.55713797,28.8948326,2.60951495,17.8218708,12.6214409,26,76.3311386,56424.5391,10460.2285
1100,1.55713797,28.8948326,2.60951495,17.8218708,12.6214409,27,77.4428406,57234.4258,9829.18457
1100,1.55713797,28.8948326,2.60951495,17.8218708,12.6214409,28,78.4181976,58044.3242,9332.37695
1100,1.55713797,28.8948326,2.60951495,17.8218708,12.6214409,29,79.2171402,58854.4141,8989.36621
1100,1.55713797,28.8948326,2.60951495,17.8218708,12.6214409,30,79.8512039,59666.0391,8771.51562
1100,1.55713797,28.8948326,2.60951495,17.8218708,12.6214409,31,80.3914871,60485.3398,8595.44238
1100,1.55713797,28.8948326,2.60951495,17.8218708,12.6214409,32,81.1639862,61327.9102,8065.96436
1100,1.55713797,28.8948326,2.60951495,17.8218708,12.6214409,33,82.1867218,62210.5352,7219.44434
1100,1.55713797,28.8948326,2.60951495,17.8218708,12.6214409,34,83.2748337,63124.2227,6306.74414
1100,1.55713797,28.8948326,2.60951495,17.8218708,12.6214409,35,84.2483978,63941.0664,5489.90576
1100,1.55713797,28.8948326,2.60951495,17.8218708,12.6214409,36,85.2136765,64750.9531,4680.02148
1100,1.55713797,28.8948326,2.60951495,17.8218708,12.6214409,37,85.7142868,65170.9727,4260
1100,1.55713797,28.8948326,2.60951495,17.8218708,12.6214409,38,88.0417023,65866.5625,3573.9314
1100,1.55713797,28.8948326,2.60951495,17.8218708,12.6214409,39,90.3036499,66562.1484,2939.25317
1100,1.55713797,28.8948326,2.60951495,17.8218708,12.6214409,40,92.2625046,67257.7344,2465.75903
1100,1.55713797,28.8948326,2.60951495,17.8218708,12.6214409,41,93.6432571,67953.8672,2231.07373
1100,1.55713797,28.8948326,2.60951495,17.8218708,12.6214409,42,94.7628403,68663.0391,2021.1532
1100,1.55713797,28.8948326,2.60951495,17.8218708,12.6214409,43,96.7208786,69429.8125,1268.80774
1100,1.55713797,28.8948326,2.60951495,17.8218708,12.6214409,44,98.5239105,70127.4766,571.151123
1100,1.55713797,28.8948326,2.60951495,17.8218708,12.6214409,45,100,70698.625,0
1100,1.55713797,28.8948326,2.60951495,17.8218708,12.6214409,46,100,70698.625,0
1100,1.55713797,28.8948326,2.60951495,17.8218708,12.6214409,47,100,70698.625,0
1100,1.55713797,28.8948326,2.60951495,17.8218708,12.6214409,48,100,70698.625,0
1100,1.55713797,28.8948326,2.60951495,17.8218708,12.6214409,49,100,70698.625,0
1100,1.55713797,28.8948326,2.60951495,17.8218708,12.6214409,50,100,70698.625,0
1100,1.55713797,28.8948326,2.60951495,17.8218708,12.6214409,51,100,70698.625,0
1100,1.55713797,28.8948326,2.60951495,17.8218708,12.6214409,52,100,70698.625,0
1100,1.55713797,28.8948326,2.60951495,17.8218708,12.6214409,53,100,70698.625,0
1100,1.55713797,28.8948326,2.60951495,17.8218708,12.6214409,54,100,70698.625,0
1100,1.55713797,28.8948326,2.60951495,17.8218708,12.6214409,55,100,70698.625,0
1100,1.55713797,28.8948326,2.60951495,17.8218708,12.6214409,56,100,70698.625,0
1100,1.55713797,28.8948326,2.60951495,17.8218708,12.6214409,57,100,70698.625,0
1100,1.55713797,28.8948326,2.60951495,17.8218708,12.6214409,58,100,70698.625,0
1100,1.55713797,28.8948326,2.60951495,17.8218708,12.6214409,59,100,70698.625,0
1100,1.55713797,28.8948326,2.60951495,17.8218708,12.6214409,60,100,70698.625,0
1200,9.38862419,29.7116413,26.9766426,25.7784386,-8.04243851,0,0,0,54912
1200,9.38862419,29.7116413,26.9766426,25.7784386,-8.04243851,1,5.50935364,3290.08569,51684.2617
1200,9.38862419,29.7116413,26.9766426,25.7784386,-8.04243851,2,10.7978935,6580.17383,48821.1836
1200,9.38862419,29.7116413,26.9766426,25.7784386,-8.04243851,3,15.163167,9871.92383,47009.5977
1200,9.38862419,29.7116413,26.9766426,25.7784386,-8.04243851,4,18.5279903,13322.915,46130.5078
1200,9.38862419,29.7116413,26.9766426,25.7784386,-8.04243851,5,25.5346642,18634.4922,41660.6406
1200,9.38862419,29.7116413,26.9766426,25.7784386,-8.04243851,6,30.4925575,22563.9062,38591.1484
1200,9.38862419,29.7116413,26.9766426,25.7784386,-8.04243851,7,34.4501419,25949.3125,36230.0625
1200,9.38862419,29.7116413,26.9766426,25.7784386,-8.04243851,8,36.854393,28277.9121,34402.5508
1200,9.38862419,29.7116413,26.9766426,25.7784386,-8.04243851,9,38.9722252,30516.8594,32190.4941
1200,9.38862419,29.7116413,26.9766426,25.7784386,-8.04243851,10,41.1317215,32784.0898,29923.4141
1200,9.38862419,29.7116413,26.9766426,25.7784386,-8.04243851,11,42.0950775,33795.4609,28912.0449
1200,9.38862419,29.7116413,26.9766426,25.7784386,-8.04243851,12,42.8571434,34595.5039,28112
1200,9.38862419,29.7116413,26.9766426,25.7784386,-8.04243851,13,44.3525658,35565.9883,27152.4922
1200,9.38862419,29.7116413,26.9766426,25.7784386,-8.04243851,14,45.830204,36536.4688,26237.4629
1200,9.38862419,29.7116413,26.9766426,25.7784386,-8.04243851,15,49.0923843,38200.2305,24781.3535
1200,9.38862419,29.7116413,26.9766426,25.7784386,-8.04243851,16,52.0819664,39864.2109,23676.0137
1200,9.38862419,29.7116413,26.9766426,25.7784386,-8.04243851,17,54.5156441,41537.0156,23112.0273
1200,9.38862419,29.7116413,26.9766426,25.7784386,-8.04243851,18,56.4183731,43341.0273,22885.2988
1200,9.38862419,29.7116413,26.9766426,25.7784386,-8.04243851,19,59.5088921,45897.957,21161.5918
1200,9.38862419,29.7116413,26.9766426,25.7784386,-8.04243851,20,65.5685349,49878.4336,17201.0645
1200,9.38862419,29.7116413,26.9766426,25.7784386,-8.04243851,21,68.2069168,51567.2031,15512.2998
1200,9.38862419,29.7116413,26.9766426,25.7784386,-8.04243851,22,70.7424088,53187.5469,13891.9561
1200,9.38862419,29.7116413,26.9766426,25.7784386,-8.04243851,23,71.4285736,53519.5,13560
1200,9.38862419,29.7116413,26.9766426,25.7784386,-8.04243851,24,72.4262772,54169.2852,12914.1699
1200,9.38862419,29.7116413,26.9766426,25.7784386,-8.04243851,25,73.4211731,54819.0664,12277.5107
1200,9.38862419,29.7116413,26.9766426,25.7784386,-8.04243851,26,74.4056091,55468.8477,11664.8564
1200,9.38862419,29.7116413,26.9766426,25.7784386,-8.04243851,27,75.3603363,56118.6328,11104.585
1200,9.38862419,29.7116413,26.9766426,25.7784386,-8.04243851,28,76.2494049,56768.4219,10638.6924
1200,9.38862419,29.7116413,26.9766426,25.7784386,-8.04243851,29,77.0265961,57418.3516,10310.7041
1200,9.38862419,29.7116413,26.9766426,25.7784386,-8.04243851,30,77.6615067,58070.0977,10139.2432
1200,9.38862419,29.7116413,26.9766426,25.7784386,-8.04243851,31,78.1790161,58736.4297,10083.4668
1200,9.38862419,29.7116413,26.9766426,25.7784386,-8.04243851,32,78.700119,59475.8164,10005.4902
1200,9.38862419,29.7116413,26.9766426,25.7784386,-8.04243851,33,79.646965,60436.6172,9366.63379
1200,9.38862419,29.7116413,26.9766426,25.7784386,-8.04243851,34,81.2111816,61778.582,8061.79883
1200,9.38862419,29.7116413,26.9766426,25.7784386,-8.04243851,35,83.149765,63416.0859,6425.30762
1200,9.38862419,29.7116413,26.9766426,25.7784386,-8.04243851,36,83.9977875,64132.1016,5709.29883
1200,9.38862419,29.7116413,26.9766426,25.7784386,-8.04243851,37,84.7673645,64781.8828,5059.51611
1200,9.38862419,29.7116413,26.9766426,25.7784386,-8.04243851,38,85.5369492,65431.668,4409.7334
1200,9.38862419,29.7116413,26.9766426,25.7784386,-8.04243851,39,85.7142868,65581.3984,4260
1200,9.38862419,29.7116413,26.9766426,25.7784386,-8.04243851,40,87.5814896,66139.4766,3711.70703
1200,9.38862419,29.7116413,26.9766426,25.7784386,-8.04243851,41,89.3947067,66697.5625,3216.25708
1200,9.38862419,29.7116413,26.9766426,25.7784386,-8.04243851,42,90.9586182,67255.6797,2886.50903
1200,9.38862419,29.7116413,26.9766426,25.7784386,-8.04243851,43,92.0624466,67818.9297,2797.74634
1200,9.38862419,29.7116413,26.9766426,25.7784386,-8.04243851,44,93.2448196,68506.2969,2623.74756
1200,9.38862419,29.7116413,26.9766426,25.7784386,-8.04243851,45,96.3971558,69741.7812,1403.10425
1200,9.38862419,29.7116413,26.9766426,25.7784386,-8.04243851,46,97.8808212,70319.5859,825.300049
1200,9.38862419,29.7116413,26.9766426,25.7784386,-8.04243851,47,99.3138428,70877.6641,267.220642
1200,9.38862419,29.7116413,26.9766426,25.7784386,-8.04243851,48,100,71144.8828,0
1200,9.38862419,29.7116413,26.9766426,25.7784386,-8.04243851,49,100,71144.8828,0
1200,9.38862419,29.7116413,26.9766426,25.7784386,-8.04243851,50,100,71144.8828,0
1200,9.38862419,29.7116413,26.9766426,25.7784386,-8.04243851,51,100,71144.8828,0
1200,9.38862419,29.7116413,26.9766426,25.7784386,-8.04243851,52,100,71144.8828,0
1200,9.38862419,29.7116413,26.9766426,25.7784386,-8.04243851,53,100,71144.8828,0
1200,9.38862419,29.7116413,26.9766426,25.7784386,-8.04243851,54,100,71144.8828,0
1200,9.38862419,29.7116413,26.9766426,25.7784386,-8.04243851,55,100,71144.8828,0
1200,9.38862419,29.7116413,26.9766426,25.7784386,-8.04243851,56,100,71144.8828,0
1200,9.38862419,29.7116413,26.9766426,25.7784386,-8.04243851,57,100,71144.8828,0
1200,9.38862419,29.7116413,26.9766426,25.7784386,-8.04243851,58,100,71144.8828,0
1200,9.38862419,29.7116413,26.9766426,25.7784386,-8.04243851,59,100,71144.8828,0
1200,9.38862419,29.7116413,26.9766426,25.7784386,-8.04243851,60,100,71144.8828,0
1300,10.6104994,25.6217613,12.2871532,22.0369778,12.9108696,0,0,0,54912
1300,10.6104994,25.6217613,12.2871532,22.0369778,12.9108696,1,6.47755575,3866.73633,51099.0312
1300,10.6104994,25.6217613,12.2871532,22.0369778,12.9108696,2,12.7303562,7733.47363,47600.5195
1300,10.6104994,25.6217613,12.2871532,22.0369778,12.9108696,3,18.0271549,11600.958,45009.4531
1300,10.6104994,25.6217613,12.2871532,22.0369778,12.9108696,4,22.1094761,15539.9941,43288.2891
1300,10.6104994,25.6217613,12.2871532,22.0369778,12.9108696,5,28.438448,20315.0508,39239.082
1300,10.6104994,25.6217613,12.2871532,22.0369778,12.9108696,6,33.800972,24469.0566,35826.625
1300,10.6104994,25.6217613,12.2871532,22.0369778,12.9108696,7,37.066185,27362.7598,33816.2422
1300,10.6104994,25.6217613,12.2871532,22.0369778,12.9108696,8,38.1980782,28768.8887,32842.2266
1300,10.6104994,25.6217613,12.2871532,22.0369778,12.9108696,9,39.8940048,30509.0996,31125.2051
1300,10.6104994,25.6217613,12.2871532,22.0369778,12.9108696,10,41.6176796,32262.0195,29372.416
1300,10.6104994,25.6217613,12.2871532,22.0369778,12.9108696,11,42.786541,33450.6406,28183.7949
1300,10.6104994,25.6217613,12.2871532,22.0369778,12.9108696,12,42.8571434,33522.4336,28112
1300,10.6104994,25.6217613,12.2871532,22.0369778,12.9108696,13,44.6149521,34663.0117,26980.8867
1300,10.6104994,25.6217613,12.2871532,22.0369778,12.9108696,14,46.3547211,35803.5898,25888.1289
1300,10.6104994,25.6217613,12.2871532,22.0369778,12.9108696,15,50.2054329,37758.9531,24111.832
1300,10.6104994,25.6217613,12.2871532,22.0369778,12.9108696,16,53.7758293,39714.418,22638.1094
1300,10.6104994,25.6217613,12.2871532,22.0369778,12.9108696,17,56.7596893,41673.8477,21634.8691
1300,10.6104994,25.6217613,12.2871532,22.0369778,12.9108696,18,59.076561,43692.2305,20976.6523
1300,10.6104994,25.6217613,12.2871532,22.0369778,12.9108696,19,62.0284081,46048.9219,19338.4863
1300,10.6104994,25.6217613,12.2871532,22.0369778,12.9108696,20,66.7685928,49045.2617,16359.3496
1300,10.6104994,25.6217613,12.2871532,22.0369778,12.9108696,21,69.9332581,51011.8633,14392.751
1300,10.6104994,25.6217613,12.2871532,22.0369778,12.9108696,22,71.4285736,51844.6172,13560
1300,10.6104994,25.6217613,12.2871532,22.0369778,12.9108696,23,72.6012115,52608.2852,12799.7393
1300,10.6104994,25.6217613,12.2871532,22.0369778,12.9108696,24,73.7710037,53371.9531,12047.3867
1300,10.6104994,25.6217613,12.2871532,22.0369778,12.9108696,25,74.9301834,54135.625,11315.7344
1300,10.6104994,25.6217613,12.2871532,22.0369778,12.9108696,26,76.0591507,54899.293,10629.2549
1300,10.6104994,25.6217613,12.2871532,22.0369778,12.9108696,27,77.1210098,55662.9648,10024.165
1300,10.6104994,25.6217613,12.2871532,22.0369778,12.9108696,28,78.0672531,56426.7031,9538.05566
1300,10.6104994,25.6217613,12.2871532,22.0369778,12.9108696,29,78.8626938,57191.2539,9187.67578
1300,10.6104994,25.6217613,12.2871532,22.0369778,12.9108696,30,79.5202026,57962.3594,8943.08301
1300,10.6104994,25.6217613,12.2871532,22.0369778,12.9108696,31,80.124321,58766.2891,8709.5166
1300,10.6104994,25.6217613,12.2871532,22.0369778,12.9108696,32,81.0250015,59669.7109,8083.72461
1300,10.6104994,25.6217613,12.2871532,22.0369778,12.9108696,33,82.3130417,60744.3984,7041.05371
1300,10.6104994,25.6217613,12.2871532,22.0369778,12.9108696,34,83.7888794,61951.8828,5834.44336
1300,10.6104994,25.6217613,12.2871532,22.0369778,12.9108696,35,84.7591705,62745.3125,5041.01904
1300,10.6104994,25.6217613,12.2871532,22.0369778,12.9108696,36,85.6930695,63508.9805,4277.34961
1300,10.6104994,25.6217613,12.2871532,22.0369778,12.9108696,37,85.7142868,63526.332,4260
1300,10.6104994,25.6217613,12.2871532,22.0369778,12.9108696,38,87.9094467,64182.2266,3612.54565
1300,10.6104994,25.6217613,12.2871532,22.0369778,12.9108696,39,90.0497513,64838.1172,3010.66064
1300,10.6104994,25.6217613,12.2871532,22.0369778,12.9108696,40,91.9341583,65494.0312,2551.68604
1300,10.6104994,25.6217613,12.2871532,22.0369778,12.9108696,41,93.3256607,66152.25,2302.64282
1300,10.6104994,25.6217613,12.2871532,22.0369778,12.9108696,42,94.5972824,66866.2344,2031.35693
1300,10.6104994,25.6217613,12.2871532,22.0369778,12.9108696,43,97.1240997,67826.5078,1083.88086
1300,10.6104994,25.6217613,12.2871532,22.0369778,12.9108696,44,98.8879166,68491.2656,419.125549
1300,10.6104994,25.6217613,12.2871532,22.0369778,12.9108696,45,100,68910.3906,0
1300,10.6104994,25.6217613,12.2871532,22.0369778,12.9108696,46,100,68910.3906,0
1300,10.6104994,25.6217613,12.2871532,22.0369778,12.9108696,47,100,68910.3906,0
1300,10.6104994,25.6217613,12.2871532,22.0369778,12.9108696,48,100,68910.3906,0
1300,10.6104994,25.6217613,12.2871532,22.0369778,12.9108696,49,100,68910.3906,0
1300,10.6104994,25.6217613,12.2871532,22.0369778,12.9108696,50,100,68910.3906,0
1300,10.6104994,25.6217613,12.2871532,22.0369778,12.9108696,51,100,68910.3906,0
1300,10.6104994,25.6217613,12.2871532,22.0369778,12.9108696,52,100,68910.3906,0
1300,10.6104994,25.6217613,12.2871532,22.0369778,12.9108696,53,100,68910.3906,0
1300,10.6104994,25.6217613,12.2871532,22.0369778,12.9108696,54,100,68910.3906,0
1300,10.6104994,25.6217613,12.2871532,22.0369778,12.9108696,55,100,68910.3906,0
1300,10.6104994,25.6217613,12.2871532,22.0369778,12.9108696,56,100,68910.3906,0
1300,10.6104994,25.6217613,12.2871532,22.0369778,12.9108696,57,100,68910.3906,0
1300,10.6104994,25.6217613,12.2871532,22.0369778,12.9108696,58,100,68910.3906,0
1300,10.6104994,25.6217613,12.2871532,22.0369778,12.9108696,59,100,68910.3906,0
1300,10.6104994,25.6217613,12.2871532,22.0369778,12.9108696,60,100,68910.3906,0
1400,6.60918188,3.03505111,7.96645355,9.04605007,-14.2787018,0,0,0,54912
1400,6.60918188,3.03505111,7.96645355,9.04605007,-14.2787018,1,4.60106421,2740.52466,52177.8438
1400,6.60918188,3.03505111,7.96645355,9.04605007,-14.2787018,2,9.18280315,5481.0498,49480.9375
1400,6.60918188,3.03505111,7.96645355,9.04605007,-14.2787018,3,13.6754456,8222.08105,46891.1055
1400,6.60918188,3.03505111,7.96645355,9.04605007,-14.2787018,4,18.1023998,11011.5801,44364.3281
1400,6.60918188,3.03505111,7.96645355,9.04605007,-14.2787018,5,23.6701527,14367.3809,41094.5078
1400,6.60918188,3.03505111,7.96645355,9.04605007,-14.2787018,6,28.4687366,17302.4961,38247.2344
1400,6.60918188,3.03505111,7.96645355,9.04605007,-14.2787018,7,32.9244461,20072.0332,35582.3281
1400,6.60918188,3.03505111,7.96645355,9.04605007,-14.2787018,8,36.8588753,22585.9277,33119.625
1400,6.60918188,3.03505111,7.96645355,9.04605007,-14.2787018,9,38.3132629,23801.9902,31906.3066
1400,6.60918188,3.03505111,7.96645355,9.04605007,-14.2787018,10,39.7798576,25026.6602,30681.6523
1400,6.60918188,3.03505111,7.96645355,9.04605007,-14.2787018,11,40.7887039,25869.0879,29839.2246
1400,6.60918188,3.03505111,7.96645355,9.04605007,-14.2787018,12,41.7975502,26711.5117,28996.8027
1400,6.60918188,3.03505111,7.96645355,9.04605007,-14.2787018,13,42.8063927,27553.9336,28154.3789
1400,6.60918188,3.03505111,7.96645355,9.04605007,-14.2787018,14,42.8571434,27596.3125,28112
1400,6.60918188,3.03505111,7.96645355,9.04605007,-14.2787018,15,45.6626244,28982.1641,26728.5117
1400,6.60918188,3.03505111,7.96645355,9.04605007,-14.2787018,16,48.4619064,30368.0156,25356.2734
1400,6.60918188,3.03505111,7.96645355,9.04605007,-14.2787018,17,51.2309113,31753.8828,24019.3535
1400,6.60918188,3.03505111,7.96645355,9.04605007,-14.2787018,18,53.9321175,33141.7578,22740.8086
1400,6.60918188,3.03505111,7.96645355,9.04605007,-14.2787018,19,56.684906,34579.2305,21452.7676
1400,6.60918188,3.03505111,7.96645355,9.04605007,-14.2787018,20,60.0733719,36261.9414,19872.8477
1400,6.60918188,3.03505111,7.96645355,9.04605007,-14.2787018,21,63.1333961,37878.2227,18276.5371
1400,6.60918188,3.03505111,7.96645355,9.04605007,-14.2787018,22,66.5275269,39713.0781,16441.834
1400,6.60918188,3.03505111,7.96645355,9.04605007,-14.2787018,23,69.1076126,41044.7812,15110.1318
1400,6.60918188,3.03505111,7.96645355,9.04605007,-14.2787018,24,70.3179626,41853.1602,14301.7549
1400,6.60918188,3.03505111,7.96645355,9.04605007,-14.2787018,25,71.4285736,42594.9141,13560
1400,6.60918188,3.03505111,7.96645355,9.04605007,-14.2787018,26,72.2599411,43136.1602,13019.1582
1400,6.60918188,3.03505111,7.96645355,9.04605007,-14.2787018,27,73.0910721,43677.4062,12479.2529
1400,6.60918188,3.03505111,7.96645355,9.04605007,-14.2787018,28,73.9213104,44218.6523,11941.7998
1400,6.60918188,3.03505111,7.96645355,9.04605007,-14.2787018,29,74.7489548,44759.8945,11409.6973
1400,6.60918188,3.03505111,7.96645355,9.04605007,-14.2787018,30,75.5707016,45301.1445,10887.2344
1400,6.60918188,3.03505111,7.96645355,9.04605007,-14.2787018,31,76.3817444,45842.4375,10378.8301
1400,6.60918188,3.03505111,7.96645355,9.04605007,-14.2787018,32,77.1780548,46384.2773,9886.04785
1400,6.60918188,3.03505111,7.96645355,9.04605007,-14.2787018,33,77.9636307,46930.5625,9402.13281
1400,6.60918188,3.03505111,7.96645355,9.04605007,-14.2787018,34,78.7682266,47499.082,8901.17773
1400,6.60918188,3.03505111,7.96645355,9.04605007,-14.2787018,35,79.6914673,48134.9883,8298.15527
1400,6.60918188,3.03505111,7.96645355,9.04605007,-14.2787018,36,80.8092346,48886.9141,7550.0249
1400,6.60918188,3.03505111,7.96645355,9.04605007,-14.2787018,37,82.0642624,49728.7891,6708.25146
1400,6.60918188,3.03505111,7.96645355,9.04605007,-14.2787018,38,82.9012375,50290.1953,6146.84717
1400,6.60918188,3.03505111,7.96645355,9.04605007,-14.2787018,39,83.708168,50831.4414,5605.60107
1400,6.60918188,3.03505111,7.96645355,9.04605007,-14.2787018,40,84.5150986,51372.6875,5064.35547
1400,6.60918188,3.03505111,7.96645355,9.04605007,-14.2787018,41,85.3220215,51913.9336,4523.10986
1400,6.60918188,3.03505111,7.96645355,9.04605007,-14.2787018,42,85.7142868,52177.043,4260
1400,6.60918188,3.03505111,7.96645355,9.04605007,-14.2787018,43,87.2728043,52641.9023,3796.1394
1400,6.60918188,3.03505111,7.96645355,9.04605007,-14.2787018,44,88.8266602,53106.7617,3337.67676
1400,6.60918188,3.03505111,7.96645355,9.04605007,-14.2787018,45,90.3575058,53571.6367,2896.13159
1400,6.60918188,3.03505111,7.96645355,9.04605007,-14.2787018,46,91.8412552,54038.0703,2478.16626
1400,6.60918188,3.03505111,7.96645355,9.04605007,-14.2787018,47,93.4082565,54542.2812,2026.39636
1400,6.60918188,3.03505111,7.96645355,9.04605007,-14.2787018,48,95.5876999,55213.3203,1356.87231
1400,6.60918188,3.03505111,7.96645355,9.04605007,-14.2787018,49,97.118866,55684.1836,886.007812
1400,6.60918188,3.03505111,7.96645355,9.04605007,-14.2787018,50,98.6305084,56149.0469,421.147491
1400,6.60918188,3.03505111,7.96645355,9.04605007,-14.2787018,51,100,56570.1914,0
1400,6.60918188,3.03505111,7.96645355,9.04605007,-14.2787018,52,100,56570.1914,0
1400,6.60918188,3.03505111,7.96645355,9.04605007,-14.2787018,53,100,56570.1914,0
1400,6.60918188,3.03505111,7.96645355,9.04605007,-14.2787018,54,100,56570.1914,0
1400,6.60918188,3.03505111,7.96645355,9.04605007,-14.2787018,55,100,56570.1914,0
1400,6.60918188,3.03505111,7.96645355,9.04605007,-14.2787018,56,100,56570.1914,0
1400,6.60918188,3.03505111,7.96645355,9.04605007,-14.2787018,57,100,56570.1914,0
1400,6.60918188,3.03505111,7.96645355,9.04605007,-14.2787018,58,100,56570.1914,0
1400,6.60918188,3.03505111,7.96645355,9.04605007,-14.2787018,59,100,56570.1914,0
1400,6.60918188,3.03505111,7.96645355,9.04605007,-14.2787018,60,100,56570.1914,0
1500,3.23422122,15.8970537,18.6158867,7.49469519,12.4178858,0,0,0,54912
1500,3.23422122,15.8970537,18.6158867,7.49469519,12.4178858,1,6.15536499,3670.92139,51274.4375
1500,3.23422122,15.8970537,18.6158867,7.49469519,12.4178858,2,12.176981,7341.84424,47831.9844
1500,3.23422122,15.8970537,18.6158867,7.49469519,12.4178858,3,17.6092033,11013.9922,44951.7891
1500,3.23422122,15.8970537,18.6158867,7.49469519,12.4178858,4,22.3404655,14803.4922,42538.3711
1500,3.23422122,15.8970537,18.6158867,7.49469519,12.4178858,5,29.9512405,19964.1406,37828.0742
1500,3.23422122,15.8970537,18.6158867,7.49469519,12.4178858,6,35.888916,24106.2109,34146.1016
1500,3.23422122,15.8970537,18.6158867,7.49469519,12.4178858,7,37.2525978,25538.7852,33261.582
1500,3.23422122,15.8970537,18.6158867,7.49469519,12.4178858,8,38.6628532,27023.9492,32044.5234
1500,3.23422122,15.8970537,18.6158867,7.49469519,12.4178858,9,40.818119,29057.041,30025.8223
1500,3.23422122,15.8970537,18.6158867,7.49469519,12.4178858,10,42.8571434,30970.9434,28112
1500,3.23422122,15.8970537,18.6158867,7.49469519,12.4178858,11,42.8571434,30970.9434,28112
1500,3.23422122,15.8970537,18.6158867,7.49469519,12.4178858,12,42.8571434,30970.9434,28112
1500,3.23422122,15.8970537,18.6158867,7.49469519,12.4178858,13,44.5265846,32053.7598,27035.0547
1500,3.23422122,15.8970537,18.6158867,7.49469519,12.4178858,14,46.1853676,33136.5781,25981.9062
1500,3.23422122,15.8970537,18.6158867,7.49469519,12.4178858,15,49.8794899,34992.9219,24236.666
1500,3.23422122,15.8970537,18.6158867,7.49469519,12.4178858,16,53.403019,36849.4258,22679.0566
1500,3.23422122,15.8970537,18.6158867,7.49469519,12.4178858,17,56.5618629,38712.4375,21409.3145
1500,3.23422122,15.8970537,18.6158867,7.49469519,12.4178858,18,59.3552856,40672.1367,20293.5312
1500,3.23422122,15.8970537,18.6158867,7.49469519,12.4178858,19,63.0779724,43186.6992,18224.7812
1500,3.23422122,15.8970537,18.6158867,7.49469519,12.4178858,20,69.1835022,46750.332,14671.8203
1500,3.23422122,15.8970537,18.6158867,7.49469519,12.4178858,21,71.4285736,47862.1562,13560
1500,3.23422122,15.8970537,18.6158867,7.49469519,12.4178858,22,71.4285736,47862.1562,13560
1500,3.23422122,15.8970537,18.6158867,7.49469519,12.4178858,23,72.5419846,48587.1523,12837.1182
1500,3.23422122,15.8970537,18.6158867,7.49469519,12.4178858,24,73.653717,49312.1484,12119.1436
1500,3.23422122,15.8970537,18.6158867,7.49469519,12.4178858,25,74.7591858,50037.1445,11414.0117
1500,3.23422122,15.8970537,18.6158867,7.49469519,12.4178858,26,75.8467026,50762.1406,10736.9082
1500,3.23422122,15.8970537,18.6158867,7.49469519,12.4178858,27,76.893898,51487.1445,10110.2988
1500,3.23422122,15.8970537,18.6158867,7.49469519,12.4178858,28,77.8700256,52212.25,9557.44727
1500,3.23422122,15.8970537,18.6158867,7.49469519,12.4178858,29,78.750679,52938.6914,9087.97754
1500,3.23422122,15.8970537,18.6158867,7.49469519,12.4178858,30,79.5462265,53675.8867,8677.45996
1500,3.23422122,15.8970537,18.6158867,7.49469519,12.4178858,31,80.3424149,54466.918,8240.31348
1500,3.23422122,15.8970537,18.6158867,7.49469519,12.4178858,32,81.4668579,55421.1133,7458.36865
1500,3.23422122,15.8970537,18.6158867,7.49469519,12.4178858,33,83.0855331,56656.2109,6243.13867
1500,3.23422122,15.8970537,18.6158867,7.49469519,12.4178858,34,85.0107346,58109.1055,4790.7876
1500,3.23422122,15.8970537,18.6158867,7.49469519,12.4178858,35,85.7142868,58639.8945,4260
1500,3.23422122,15.8970537,18.6158867,7.49469519,12.4178858,36,85.7142868,58639.8945,4260
1500,3.23422122,15.8970537,18.6158867,7.49469519,12.4178858,37,85.7142868,58639.8945,4260
1500,3.23422122,15.8970537,18.6158867,7.49469519,12.4178858,38,87.7998428,59262.5742,3642.55762
1500,3.23422122,15.8970537,18.6158867,7.49469519,12.4178858,39,89.85289,59885.2539,3053.38867
1500,3.23422122,15.8970537,18.6158867,7.49469519,12.4178858,40,91.7507172,60507.9609,2552.8689
1500,3.23422122,15.8970537,18.6158867,7.49469519,12.4178858,41,93.3373871,61134.4531,2180.25146
1500,3.23422122,15.8970537,18.6158867,7.49469519,12.4178858,42,94.9865723,61852.4062,1736.97083
1500,3.23422122,15.8970537,18.6158867,7.49469519,12.4178858,43,98.2046432,62974.293,623.023438
1500,3.23422122,15.8970537,18.6158867,7.49469519,12.4178858,44,100,63597.3164,0
1500,3.23422122,15.8970537,18.6158867,7.49469519,12.4178858,45,100,63597.3164,0
1500,3.23422122,15.8970537,18.6158867,7.49469519,12.4178858,46,100,63597.3164,0
1500,3.23422122,15.8970537,18.6158867,7.49469519,12.4178858,47,100,63597.3164,0
1500,3.23422122,15.8970537,18.6158867,7.49469519,12.4178858,48,100,63597.3164,0
1500,3.23422122,15.8970537,18.6158867,7.49469519,12.4178858,49,100,63597.3164,0
1500,3.23422122,15.8970537,18.6158867,7.49469519,12.4178858,50,100,63597.3164,0
1500,3.23422122,15.8970537,18.6158867,7.49469519,12.4178858,51,100,63597.3164,0
1500,3.23422122,15.8970537,18.6158867,7.49469519,12.4178858,52,100,63597.3164,0
1500,3.23422122,15.8970537,18.6158867,7.49469519,12.4178858,53,100,63597.3164,0
1500,3.23422122,15.8970537,18.6158867,7.49469519,12.4178858,54,100,63597.3164,0
1500,3.23422122,15.8970537,18.6158867,7.49469519,12.4178858,55,100,63597.3164,0
1500,3.23422122,15.8970537,18.6158867,7.49469519,12.4178858,56,100,63597.3164,0
1500,3.23422122,15.8970537,18.6158867,7.49469519,12.4178858,57,100,63597.3164,0
1500,3.23422122,15.8970537,18.6158867,7.49469519,12.4178858,58,100,63597.3164,0
1500,3.23422122,15.8970537,18.6158867,7.49469519,12.4178858,59,100,63597.3164,0
1500,3.23422122,15.8970537,18.6158867,7.49469519,12.4178858,60,100,63597.3164,0
1600,24.9706764,8.06148338,21.5557919,26.8054085,-19.8865452,0,0,0,54912
1600,24.9706764,8.06148338,21.5557919,26.8054085,-19.8865452,1,4.01528406,2392.79297,52536.125
1600,24.9706764,8.06148338,21.5557919,26.8054085,-19.8865452,2,7.98599052,4785.5874,50259.1875
1600,24.9706764,8.06148338,21.5557919,26.8054085,-19.8865452,3,11.7552481,7179.48145,48266.8984
1600,24.9706764,8.06148338,21.5557919,26.8054085,-19.8865452,4,15.3774176,9678.7373,46465.4609
1600,24.9706764,8.06148338,21.5557919,26.8054085,-19.8865452,5,21.3779449,13409.0371,42963.5352
1600,24.9706764,8.06148338,21.5557919,26.8054085,-19.8865452,6,25.7807236,16224.8379,40381.0547
1600,24.9706764,8.06148338,21.5557919,26.8054085,-19.8865452,7,29.4718609,18680.6992,38203.1133
1600,24.9706764,8.06148338,21.5557919,26.8054085,-19.8865452,8,33.4987793,21393.7832,35625.9883
1600,24.9706764,8.06148338,21.5557919,26.8054085,-19.8865452,9,37.5055428,24229.6992,32797.3672
1600,24.9706764,8.06148338,21.5557919,26.8054085,-19.8865452,10,39.2947273,25796.1738,31230.9336
1600,24.9706764,8.06148338,21.5557919,26.8054085,-19.8865452,11,40.1348534,26531.7148,30495.3926
1600,24.9706764,8.06148338,21.5557919,26.8054085,-19.8865452,12,40.9749718,27267.248,29759.8613
1600,24.9706764,8.06148338,21.5557919,26.8054085,-19.8865452,13,41.8150902,28002.7793,29024.3281
1600,24.9706764,8.06148338,21.5557919,26.8054085,-19.8865452,14,42.6552086,28738.3105,28288.7969
1600,24.9706764,8.06148338,21.5557919,26.8054085,-19.8865452,15,44.2173843,29419.3105,27611.0977
1600,24.9706764,8.06148338,21.5557919,26.8054085,-19.8865452,16,46.6553421,30629.3164,26425.1758
1600,24.9706764,8.06148338,21.5557919,26.8054085,-19.8865452,17,49.0372581,31839.3594,25307.1543
1600,24.9706764,8.06148338,21.5557919,26.8054085,-19.8865452,18,51.2980728,33053.6211,24305.8633
1600,24.9706764,8.06148338,21.5557919,26.8054085,-19.8865452,19,53.6851196,34370.0391,23292.9414
1600,24.9706764,8.06148338,21.5557919,26.8054085,-19.8865452,20,57.2752304,36142.7734,21749.082
1600,24.9706764,8.06148338,21.5557919,26.8054085,-19.8865452,21,59.5720863,37457.543,20702.3418
1600,24.9706764,8.06148338,21.5557919,26.8054085,-19.8865452,22,62.4955215,39152.25,19060.6758
1600,24.9706764,8.06148338,21.5557919,26.8054085,-19.8865452,23,66.1529694,41338.3203,16875.0137
1600,24.9706764,8.06148338,21.5557919,26.8054085,-19.8865452,24,68.4178009,42548.6641,15664.6738
1600,24.9706764,8.06148338,21.5557919,26.8054085,-19.8865452,25,69.439827,43260.2578,14953.0801
1600,24.9706764,8.06148338,21.5557919,26.8054085,-19.8865452,26,70.4474258,43966.0625,14247.2734
1600,24.9706764,8.06148338,21.5557919,26.8054085,-19.8865452,27,71.4285736,44653.3359,13560
1600,24.9706764,8.06148338,21.5557919,26.8054085,-19.8865452,28,72.1544037,45125.9062,13088.5029
1600,24.9706764,8.06148338,21.5557919,26.8054085,-19.8865452,29,72.8796768,45598.4766,12619.4932
1600,24.9706764,8.06148338,21.5557919,26.8054085,-19.8865452,30,73.6028748,46071.0469,12156.9971
1600,24.9706764,8.06148338,21.5557919,26.8054085,-19.8865452,31,74.3200989,46543.6172,11708.7139
1600,24.9706764,8.06148338,21.5557919,26.8054085,-19.8865452,32,75.0237808,47016.1914,11286.0352
1600,24.9706764,8.06148338,21.5557919,26.8054085,-19.8865452,33,75.7032089,47488.8594,10900.7178
1600,24.9706764,8.06148338,21.5557919,26.8054085,-19.8865452,34,76.3498993,47962.7266,10557.1631
1600,24.9706764,8.06148338,21.5557919,26.8054085,-19.8865452,35,76.97332,48446.2461,10239.3008
1600,24.9706764,8.06148338,21.5557919,26.8054085,-19.8865452,36,77.6368179,48978.1016,9886.90137
1600,24.9706764,8.06148338,21.5557919,26.8054085,-19.8865452,37,78.5481033,49656.4531,9295.90039
1600,24.9706764,8.06148338,21.5557919,26.8054085,-19.8865452,38,79.8638229,50587,8375.42676
1600,24.9706764,8.06148338,21.5557919,26.8054085,-19.8865452,39,81.4643936,51713.0938,7249.61133
1600,24.9706764,8.06148338,21.5557919,26.8054085,-19.8865452,40,82.1984711,52229.4844,6733.2207
1600,24.9706764,8.06148338,21.5557919,26.8054085,-19.8865452,41,82.8702545,52702.0547,6260.65088
1600,24.9706764,8.06148338,21.5557919,26.8054085,-19.8865452,42,83.542038,53174.625,5788.08105
1600,24.9706764,8.06148338,21.5557919,26.8054085,-19.8865452,43,84.2138214,53647.1953,5315.51123
1600,24.9706764,8.06148338,21.5557919,26.8054085,-19.8865452,44,84.8856049,54119.7656,4842.94141
1600,24.9706764,8.06148338,21.5557919,26.8054085,-19.8865452,45,85.5573883,54592.3359,4370.37158
1600,24.9706764,8.06148338,21.5557919,26.8054085,-19.8865452,46,85.7142868,54702.707,4260
1600,24.9706764,8.06148338,21.5557919,26.8054085,-19.8865452,47,87.0745239,55108.582,3856.77881
1600,24.9706764,8.06148338,21.5557919,26.8054085,-19.8865452,48,88.4239655,55514.457,3467.89526
1600,24.9706764,8.06148338,21.5557919,26.8054085,-19.8865452,49,89.7208862,55920.3633,3123.95361
1600,24.9706764,8.06148338,21.5557919,26.8054085,-19.8865452,50,90.9134827,56329.6641,2843.39526
1600,24.9706764,8.06148338,21.5557919,26.8054085,-19.8865452,51,92.2793274,56821.0781,2491.26685
1600,24.9706764,8.06148338,21.5557919,26.8054085,-19.8865452,52,94.9181519,57675.1562,1641.21692
1600,24.9706764,8.06148338,21.5557919,26.8054085,-19.8865452,53,96.2153168,58094.0859,1222.28857
1600,24.9706764,8.06148338,21.5557919,26.8054085,-19.8865452,54,97.4720688,58499.9609,816.412109
1600,24.9706764,8.06148338,21.5557919,26.8054085,-19.8865452,55,98.7288208,58905.8359,410.535614
1600,24.9706764,8.06148338,21.5557919,26.8054085,-19.8865452,56,99.9855728,59311.7148,4.65914154
1600,24.9706764,8.06148338,21.5557919,26.8054085,-19.8865452,57,100,59316.3711,0
1600,24.9706764,8.06148338,21.5557919,26.8054085,-19.8865452,58,100,59316.3711,0
1600,24.9706764,8.06148338,21.5557919,26.8054085,-19.8865452,59,100,59316.3711,0
1600,24.9706764,8.06148338,21.5557919,26.8054085,-19.8865452,60,100,59316.3711,0
1700,4.24613285,6.16300392,3.87703323,9.58098888,1.27469409,0,0,0,54912
1700,4.24613285,6.16300392,3.87703323,9.58098888,1.27469409,1,5.5990591,3335.979,51588.9531
1700,4.24613285,6.16300392,3.87703323,9.58098888,1.27469409,2,11.150507,6671.9585,48341.5469
1700,4.24613285,6.16300392,3.87703323,9.58098888,1.27469409,3,16.4834461,10008.1904,45312.3438
1700,4.24613285,6.16300392,3.87703323,9.58098888,1.27469409,4,21.4960213,13368.6074,42485.4062
1700,4.24613285,6.16300392,3.87703323,9.58098888,1.27469409,5,27.2668171,17011.5996,39017.0078
1700,4.24613285,6.16300392,3.87703323,9.58098888,1.27469409,6,32.6627045,20444.6758,35762.3047
1700,4.24613285,6.16300392,3.87703323,9.58098888,1.27469409,7,37.0098305,23322.2891,33097.1641
1700,4.24613285,6.16300392,3.87703323,9.58098888,1.27469409,8,38.2165604,24421.2715,32102.1191
1700,4.24613285,6.16300392,3.87703323,9.58098888,1.27469409,9,39.6210098,25633.1738,30895.7949
1700,4.24613285,6.16300392,3.87703323,9.58098888,1.27469409,10,41.0347939,26849.373,29679.627
1700,4.24613285,6.16300392,3.87703323,9.58098888,1.27469409,11,42.2268867,27874.8379,28654.1621
1700,4.24613285,6.16300392,3.87703323,9.58098888,1.27469409,12,42.8571434,28417,28112
1700,4.24613285,6.16300392,3.87703323,9.58098888,1.27469409,13,44.3748474,29401.0195,27130.2578
1700,4.24613285,6.16300392,3.87703323,9.58098888,1.27469409,14,45.8887901,30385.0391,26157.7402
1700,4.24613285,6.16300392,3.87703323,9.58098888,1.27469409,15,49.2815132,32072.0039,24513.8477
1700,4.24613285,6.16300392,3.87703323,9.58098888,1.27469409,16,52.6119957,33759.0039,22942.7246
1700,4.24613285,6.16300392,3.87703323,9.58098888,1.27469409,17,55.8027344,35447.3438,21484.3848
1700,4.24613285,6.16300392,3.87703323,9.58098888,1.27469409,18,58.8209457,37155.6094,20103.2891
1700,4.24613285,6.16300392,3.87703323,9.58098888,1.27469409,19,62.05233,38978.2266,18453.5078
1700,4.24613285,6.16300392,3.87703323,9.58098888,1.27469409,20,65.9101334,41017.043,16418.8281
1700,4.24613285,6.16300392,3.87703323,9.58098888,1.27469409,21,69.1339493,42707.8047,14728.0654
1700,4.24613285,6.16300392,3.87703323,9.58098888,1.27469409,22,71.4285736,43875.8711,13560
1700,4.24613285,6.16300392,3.87703323,9.58098888,1.27469409,23,72.4405365,44534.7188,12901.9736
1700,4.24613285,6.16300392,3.87703323,9.58098888,1.27469409,24,73.4519043,45193.5625,12245.8496
1700,4.24613285,6.16300392,3.87703323,9.58098888,1.27469409,25,74.4610672,45852.4102,11594.7041
1700,4.24613285,6.16300392,3.87703323,9.58098888,1.27469409,26,75.4638443,46511.2578,10954.4248
1700,4.24613285,6.16300392,3.87703323,9.58098888,1.27469409,27,76.4521332,47170.1055,10333.7227
1700,4.24613285,6.16300392,3.87703323,9.58098888,1.27469409,28,77.4142075,47828.9727,9741.63379
1700,4.24613285,6.16300392,3.87703323,9.58098888,1.27469409,29,78.3392868,48488.1172,9182.11328
1700,4.24613285,6.16300392,3.87703323,9.58098888,1.27469409,30,79.2266464,49149.4766,8647.39941
1700,4.24613285,6.16300392,3.87703323,9.58098888,1.27469409,31,80.0978928,49821.9336,8112.13867
1700,4.24613285,6.16300392,3.87703323,9.58098888,1.27469409,32,81.0616989,50528.0156,7472.83643
1700,4.24613285,6.16300392,3.87703323,9.58098888,1.27469409,33,82.1596451,51291.9844,6716.56689
1700,4.24613285,6.16300392,3.87703323,9.58098888,1.27469409,34,83.3298035,52100.8438,5907.9209
1700,4.24613285,6.16300392,3.87703323,9.58098888,1.27469409,35,84.2976837,52769.7461,5239.0166
1700,4.24613285,6.16300392,3.87703323,9.58098888,1.27469409,36,85.2510147,53428.5938,4580.17041
1700,4.24613285,6.16300392,3.87703323,9.58098888,1.27469409,37,85.7142868,53748.7656,4260
1700,4.24613285,6.16300392,3.87703323,9.58098888,1.27469409,38,87.6109772,54314.6289,3696.16602
1700,4.24613285,6.16300392,3.87703323,9.58098888,1.27469409,39,89.4961472,54880.4922,3143.29297
1700,4.24613285,6.16300392,3.87703323,9.58098888,1.27469409,40,91.3249283,55446.3633,2624.79346
1700,4.24613285,6.16300392,3.87703323,9.58098888,1.27469409,41,93.0311279,56013.0117,2156.56592
1700,4.24613285,6.16300392,3.87703323,9.58098888,1.27469409,42,94.7065506,56598.5117,1677.55273
1700,4.24613285,6.16300392,3.87703323,9.58098888,1.27469409,43,96.8092041,57267.2578,1011.88635
1700,4.24613285,6.16300392,3.87703323,9.58098888,1.27469409,44,98.6029968,57836.1172,443.026764
1700,4.24613285,6.16300392,3.87703323,9.58098888,1.27469409,45,100,58279.1445,0
1700,4.24613285,6.16300392,3.87703323,9.58098888,1.27469409,46,100,58279.1445,0
1700,4.24613285,6.16300392,3.87703323,9.58098888,1.27469409,47,100,58279.1445,0
1700,4.24613285,6.16300392,3.87703323,9.58098888,1.27469409,48,100,58279.1445,0
1700,4.24613285,6.16300392,3.87703323,9.58098888,1.27469409,49,100,58279.1445,0
1700,4.24613285,6.16300392,3.87703323,9.58098888,1.27469409,50,100,58279.1445,0
1700,4.24613285,6.16300392,3.87703323,9.58098888,1.27469409,51,100,58279.1445,0
1700,4.24613285,6.16300392,3.87703323,9.58098888,1.27469409,52,100,58279.1445,0
1700,4.24613285,6.16300392,3.87703323,9.58098888,1.27469409,53,100,58279.1445,0
1700,4.24613285,6.16300392,3.87703323,9.58098888,1.27469409,54,100,58279.1445,0
1700,4.24613285,6.16300392,3.87703323,9.58098888,1.27469409,55,100,58279.1445,0
1700,4.24613285,6.16300392,3.87703323,9.58098888,1.27469409,56,100,58279.1445,0
1700,4.24613285,6.16300392,3.87703323,9.58098888,1.27469409,57,100,58279.1445,0
1700,4.24613285,6.16300392,3.87703323,9.58098888,1.27469409,58,100,58279.1445,0
1700,4.24613285,6.16300392,3.87703323,9.58098888,1.27469409,59,100,58279.1445,0
1700,4.24613285,6.16300392,3.87703323,9.58098888,1.27469409,60,100,58279.1445,0
1800,14.8356609,19.977562,6.68784046,10.6668215,7.53398752,0,0,0,54912
1800,14.8356609,19.977562,6.68784046,10.6668215,7.53398752,1,5.33282757,3181.64575,51772.2773
1800,14.8356609,19.977562,6.68784046,10.6668215,7.53398752,2,10.5206013,6363.29199,48877.7422
1800,14.8356609,19.977562,6.68784046,10.6668215,7.53398752,3,15.077673,9545.3252,46690.9453
1800,14.8356609,19.977562,6.68784046,10.6668215,7.53398752,4,18.7755718,12764.4639,45201.1055
1800,14.8356609,19.977562,6.68784046,10.6668215,7.53398752,5,23.832056,16417.1348,42114.3828
1800,14.8356609,19.977562,6.68784046,10.6668215,7.53398752,6,28.3635197,19747.75,39361.9648
1800,14.8356609,19.977562,6.68784046,10.6668215,7.53398752,7,32.5536919,22951.6074,36846.8438
1800,14.8356609,19.977562,6.68784046,10.6668215,7.53398752,8,36.7775536,26125.0371,34010.3359
1800,14.8356609,19.977562,6.68784046,10.6668215,7.53398752,9,38.0680695,27389.0996,32764.3535
1800,14.8356609,19.977562,6.68784046,10.6668215,7.53398752,10,39.3759842,28659.752,31493.8047
1800,14.8356609,19.977562,6.68784046,10.6668215,7.53398752,11,40.38274,29637.7754,30515.7793
1800,14.8356609,19.977562,6.68784046,10.6668215,7.53398752,12,41.3894958,30615.7969,29537.7578
1800,14.8356609,19.977562,6.68784046,10.6668215,7.53398752,13,42.3962517,31593.8184,28559.7363
1800,14.8356609,19.977562,6.68784046,10.6668215,7.53398752,14,42.8571434,32041.5547,28112
1800,14.8356609,19.977562,6.68784046,10.6668215,7.53398752,15,46.1108551,33650.4766,26518.6328
1800,14.8356609,19.977562,6.68784046,10.6668215,7.53398752,16,49.3176537,35259.3984,24999.3086
1800,14.8356609,19.977562,6.68784046,10.6668215,7.53398752,17,52.3030014,36868.332,23712.5762
1800,14.8356609,19.977562,6.68784046,10.6668215,7.53398752,18,54.8058548,38478.8008,22821.7383
1800,14.8356609,19.977562,6.68784046,10.6668215,7.53398752,19,56.9663734,40127.2383,22156.8926
1800,14.8356609,19.977562,6.68784046,10.6668215,7.53398752,20,59.7599907,41963.4219,20997.3145
1800,14.8356609,19.977562,6.68784046,10.6668215,7.53398752,21,62.6128235,43748.75,19343.4375
1800,14.8356609,19.977562,6.68784046,10.6668215,7.53398752,22,65.7616425,45701.4062,17391.7969
1800,14.8356609,19.977562,6.68784046,10.6668215,7.53398752,23,68.4694519,47310.4453,15782.7588
1800,14.8356609,19.977562,6.68784046,10.6668215,7.53398752,24,69.9138947,48355.1484,14738.0566
1800,14.8356609,19.977562,6.68784046,10.6668215,7.53398752,25,71.1205597,49293.6445,13799.5625
1800,14.8356609,19.977562,6.68784046,10.6668215,7.53398752,26,71.4285736,49533.2031,13560
1800,14.8356609,19.977562,6.68784046,10.6668215,7.53398752,27,72.3935242,50161.5703,12934.292
1800,14.8356609,19.977562,6.68784046,10.6668215,7.53398752,28,73.3566513,50789.9375,12314.749
1800,14.8356609,19.977562,6.68784046,10.6668215,7.53398752,29,74.3129654,51418.3008,11711.3477
1800,14.8356609,19.977562,6.68784046,10.6668215,7.53398752,30,75.249794,52046.668,11143.168
1800,14.8356609,19.977562,6.68784046,10.6668215,7.53398752,31,76.1430664,52675.0352,10638.4492
1800,14.8356609,19.977562,6.68784046,10.6668215,7.53398752,32,76.9602356,53303.4375,10226.5166
1800,14.8356609,19.977562,6.68784046,10.6668215,7.53398752,33,77.6756516,53932.2617,9920.62695
1800,14.8356609,19.977562,6.68784046,10.6668215,7.53398752,34,78.2933197,54564.4844,9698.93262
1800,14.8356609,19.977562,6.68784046,10.6668215,7.53398752,35,78.8633728,55213.7266,9494.4082
1800,14.8356609,19.977562,6.68784046,10.6668215,7.53398752,36,79.6182175,55914.5625,9010.04102
1800,14.8356609,19.977562,6.68784046,10.6668215,7.53398752,37,80.6110382,56704.2148,8245.35547
1800,14.8356609,19.977562,6.68784046,10.6668215,7.53398752,38,81.7097397,57562.7266,7387.52246
1800,14.8356609,19.977562,6.68784046,10.6668215,7.53398752,39,82.5340729,58206.5273,6743.72803
1800,14.8356609,19.977562,6.68784046,10.6668215,7.53398752,40,83.3386459,58834.8945,6115.3623
1800,14.8356609,19.977562,6.68784046,10.6668215,7.53398752,41,84.1432114,59463.2578,5486.99609
1800,14.8356609,19.977562,6.68784046,10.6668215,7.53398752,42,84.9477844,60091.625,4858.63037
1800,14.8356609,19.977562,6.68784046,10.6668215,7.53398752,43,85.7142868,60690.2539,4260
1800,14.8356609,19.977562,6.68784046,10.6668215,7.53398752,44,87.5213013,61229.9414,3726.89478
1800,14.8356609,19.977562,6.68784046,10.6668215,7.53398752,45,89.2929993,61769.625,3229.32056
1800,14.8356609,19.977562,6.68784046,10.6668215,7.53398752,46,90.8976669,62309.3203,2843.18018
1800,14.8356609,19.977562,6.68784046,10.6668215,7.53398752,47,92.1678925,62850.2109,2621.32715
1800,14.8356609,19.977562,6.68784046,10.6668215,7.53398752,48,93.3212204,63420.0195,2396.69482
1800,14.8356609,19.977562,6.68784046,10.6668215,7.53398752,49,95.2464371,64117.5469,1709.14575
1800,14.8356609,19.977562,6.68784046,10.6668215,7.53398752,50,96.7602234,64661.8281,1164.86548
1800,14.8356609,19.977562,6.68784046,10.6668215,7.53398752,51,98.2612152,65201.5156,625.180237
1800,14.8356609,19.977562,6.68784046,10.6668215,7.53398752,52,99.7622147,65741.2031,85.494957
1800,14.8356609,19.977562,6.68784046,10.6668215,7.53398752,53,100,65826.6953,0
1800,14.8356609,19.977562,6.68784046,10.6668215,7.53398752,54,100,65826.6953,0
1800,14.8356609,19.977562,6.68784046,10.6668215,7.53398752,55,100,65826.6953,0
1800,14.8356609,19.977562,6.68784046,10.6668215,7.53398752,56,100,65826.6953,0
1800,14.8356609,19.977562,6.68784046,10.6668215,7.53398752,57,100,65826.6953,0
1800,14.8356609,19.977562,6.68784046,10.6668215,7.53398752,58,100,65826.6953,0
1800,14.8356609,19.977562,6.68784046,10.6668215,7.53398752,59,100,65826.6953,0
1800,14.8356609,19.977562,6.68784046,10.6668215,7.53398752,60,100,65826.6953,0
1900,1.44659901,28.5539513,28.9538364,25.3159428,1.41517091,0,0,0,54912
1900,1.44659901,28.5539513,28.9538364,25.3159428,1.41517091,1,6.58497524,3931.98364,51039.9336
1900,1.44659901,28.5539513,28.9538364,25.3159428,1.41517091,2,12.9160318,7863.97021,47518.3164
1900,1.44659901,28.5539513,28.9538364,25.3159428,1.41517091,3,18.1808109,11797.8965,45006.8828
1900,1.44659901,28.5539513,28.9538364,25.3159428,1.41517091,4,22.2810307,15917.7168,43358.7539
1900,1.44659901,28.5539513,28.9538364,25.3159428,1.41517091,5,30.6565399,22209.5215,37875.8633
1900,1.44659901,28.5539513,28.9538364,25.3159428,1.41517091,6,36.3309441,26690.7637,34221.0352
1900,1.44659901,28.5539513,28.9538364,25.3159428,1.41517091,7,37.1122971,28010.709,33885.4961
1900,1.44659901,28.5539513,28.9538364,25.3159428,1.41517091,8,38.5428047,29784.4824,32593.2891
1900,1.44659901,28.5539513,28.9538364,25.3159428,1.41517091,9,41.0643539,32426.2051,29977.4102
1900,1.44659901,28.5539513,28.9538364,25.3159428,1.41517091,10,42.8571434,34291.7617,28112
1900,1.44659901,28.5539513,28.9538364,25.3159428,1.41517091,11,42.8571434,34291.7617,28112
1900,1.44659901,28.5539513,28.9538364,25.3159428,1.41517091,12,42.8571434,34291.7617,28112
1900,1.44659901,28.5539513,28.9538364,25.3159428,1.41517091,13,44.6444054,35451.582,26962.7227
1900,1.44659901,28.5539513,28.9538364,25.3159428,1.41517091,14,46.4112396,36611.4062,25856.1914
1900,1.44659901,28.5539513,28.9538364,25.3159428,1.41517091,15,50.3146858,38599.7656,24067.3906
1900,1.44659901,28.5539513,28.9538364,25.3159428,1.41517091,16,53.9038239,40588.3867,22615.6465
1900,1.44659901,28.5539513,28.9538364,25.3159428,1.41517091,17,56.8495255,42587.3047,21682.3398
1900,1.44659901,28.5539513,28.9538364,25.3159428,1.41517091,18,59.1779861,44739.3906,21046.082
1900,1.44659901,28.5539513,28.9538364,25.3159428,1.41517091,19,62.8991737,47770.4102,18815.8203
1900,1.44659901,28.5539513,28.9538364,25.3159428,1.41517091,20,69.9692383,52345.8398,14259.5625
1900,1.44659901,28.5539513,28.9538364,25.3159428,1.41517091,21,71.4285736,53045.4023,13560
1900,1.44659901,28.5539513,28.9538364,25.3159428,1.41517091,22,71.4285736,53045.4023,13560
1900,1.44659901,28.5539513,28.9538364,25.3159428,1.41517091,23,72.6209488,53821.9609,12787.2432
1900,1.44659901,28.5539513,28.9538364,25.3159428,1.41517091,24,73.8101044,54598.5156,12023.2988
1900,1.44659901,28.5539513,28.9538364,25.3159428,1.41517091,25,74.987236,55375.0703,11282.4248
1900,1.44659901,28.5539513,28.9538364,25.3159428,1.41517091,26,76.1302109,56151.625,10591.8936
1900,1.44659901,28.5539513,28.9538364,25.3159428,1.41517091,27,77.1976089,56928.1914,9992.06055
1900,1.44659901,28.5539513,28.9538364,25.3159428,1.41517091,28,78.1358337,57704.9219,9524.73047
1900,1.44659901,28.5539513,28.9538364,25.3159428,1.41517091,29,78.90905,58483.7656,9207.4541
1900,1.44659901,28.5539513,28.9538364,25.3159428,1.41517091,30,79.5452118,59279.6406,8998.34473
1900,1.44659901,28.5539513,28.9538364,25.3159428,1.41517091,31,80.1851654,60160.8008,8752.82715
1900,1.44659901,28.5539513,28.9538364,25.3159428,1.41517091,32,81.3239059,61300.4258,7922.6001
1900,1.44659901,28.5539513,28.9538364,25.3159428,1.41517091,33,83.1881485,62885.0078,6373.69775
1900,1.44659901,28.5539513,28.9538364,25.3159428,1.41517091,34,85.493103,64814.5977,4445.08252
1900,1.44659901,28.5539513,28.9538364,25.3159428,1.41517091,35,85.7142868,64999.6875,4260
1900,1.44659901,28.5539513,28.9538364,25.3159428,1.41517091,36,85.7142868,64999.6875,4260
1900,1.44659901,28.5539513,28.9538364,25.3159428,1.41517091,37,85.7142868,64999.6875,4260
1900,1.44659901,28.5539513,28.9538364,25.3159428,1.41517091,38,87.9459839,65666.6484,3602.44385
1900,1.44659901,28.5539513,28.9538364,25.3159428,1.41517091,39,90.1156311,66333.6094,2995.67212
1900,1.44659901,28.5539513,28.9538364,25.3159428,1.41517091,40,91.9979401,67000.625,2548.13672
1900,1.44659901,28.5539513,28.9538364,25.3159428,1.41517091,41,93.3463516,67673.6172,2331.13843
1900,1.44659901,28.5539513,28.9538364,25.3159428,1.41517091,42,94.7865219,68491.5078,2006.61743
1900,1.44659901,28.5539513,28.9538364,25.3159428,1.41517091,43,98.5406647,69949.2422,563.139954
1900,1.44659901,28.5539513,28.9538364,25.3159428,1.41517091,44,100,70512.3828,0
1900,1.44659901,28.5539513,28.9538364,25.3159428,1.41517091,45,100,70512.3828,0
1900,1.44659901,28.5539513,28.9538364,25.3159428,1.41517091,46,100,70512.3828,0
1900,1.44659901,28.5539513,28.9538364,25.3159428,1.41517091,47,100,70512.3828,0
1900,1.44659901,28.5539513,28.9538364,25.3159428,1.41517091,48,100,70512.3828,0
1900,1.44659901,28.5539513,28.9538364,25.3159428,1.41517091,49,100,70512.3828,0
1900,1.44659901,28.5539513,28.9538364,25.3159428,1.41517091,50,100,70512.3828,0
1900,1.44659901,28.5539513,28.9538364,25.3159428,1.41517091,51,100,70512.3828,0
1900,1.44659901,28.5539513,28.9538364,25.3159428,1.41517091,52,100,70512.3828,0
1900,1.44659901,28.5539513,28.9538364,25.3159428,1.41517091,53,100,70512.3828,0
1900,1.44659901,28.5539513,28.9538364,25.3159428,1.41517091,54,100,70512.3828,0
1900,1.44659901,28.5539513,28.9538364,25.3159428,1.41517091,55,100,70512.3828,0
1900,1.44659901,28.5539513,28.9538364,25.3159428,1.41517091,56,100,70512.3828,0
1900,1.44659901,28.5539513,28.9538364,25.3159428,1.41517091,57,100,70512.3828,0
1900,1.44659901,28.5539513,28.9538364,25.3159428,1.41517091,58,100,70512.3828,0
1900,1.44659901,28.5539513,28.9538364,25.3159428,1.41517091,59,100,70512.3828,0
1900,1.44659901,28.5539513,28.9538364,25.3159428,1.41517091,60,100,70512.3828,0
2000,25.303421,26.4184151,24.6129684,0.0709981471,-17.155283,0,0,0,54912
2000,25.303421,26.4184151,24.6129684,0.0709981471,-17.155283,1,3.25639796,1944.03735,53023.4023
2000,25.303421,26.4184151,24.6129684,0.0709981471,-17.155283,2,6.39638424,3888.07642,51459.0391
2000,25.303421,26.4184151,24.6129684,0.0709981471,-17.155283,3,9.04416466,5833.36523,50829.8555
2000,25.303421,26.4184151,24.6129684,0.0709981471,-17.155283,4,11.1943598,7898.42529,51051.625
2000,25.303421,26.4184151,24.6129684,0.0709981471,-17.155283,5,15.9415579,11362.8906,48335.5781
2000,25.303421,26.4184151,24.6129684,0.0709981471,-17.155283,6,19.1174526,13787.7871,46675.2891
2000,25.303421,26.4184151,24.6129684,0.0709981471,-17.155283,7,21.5564289,15803.5186,45570.3438
2000,25.303421,26.4184151,24.6129684,0.0709981471,-17.155283,8,24.3791809,18111.6504,43707.7578
2000,25.303421,26.4184151,24.6129684,0.0709981471,-17.155283,9,27.8698807,20979,40864.3203
2000,25.303421,26.4184151,24.6129684,0.0709981471,-17.155283,10,31.389658,23867.623,37975.832
2000,25.303421,26.4184151,24.6129684,0.0709981471,-17.155283,11,33.9864464,25811.6699,36031.7852
2000,25.303421,26.4184151,24.6129684,0.0709981471,-17.155283,12,36.5832253,27755.707,34087.7461
2000,25.303421,26.4184151,24.6129684,0.0709981471,-17.155283,13,38.4214478,29192.3164,32651.1387
2000,25.303421,26.4184151,24.6129684,0.0709981471,-17.155283,14,39.0054169,29789.9023,32053.5527
2000,25.303421,26.4184151,24.6129684,0.0709981471,-17.155283,15,40.692955,30797.1309,31057.1348
2000,25.303421,26.4184151,24.6129684,0.0709981471,-17.155283,16,42.3520699,31804.3594,30119.084
2000,25.303421,26.4184151,24.6129684,0.0709981471,-17.155283,17,43.8789215,32811.6289,29364.0703
2000,25.303421,26.4184151,24.6129684,0.0709981471,-17.155283,18,45.1598244,33823.6875,28876.1113
2000,25.303421,26.4184151,24.6129684,0.0709981471,-17.155283,19,46.5497627,34951.7109,28315.1328
2000,25.303421,26.4184151,24.6129684,0.0709981471,-17.155283,20,49.3349304,36591.8633,26691.3711
2000,25.303421,26.4184151,24.6129684,0.0709981471,-17.155283,21,50.5912704,37375.9688,25907.2695
2000,25.303421,26.4184151,24.6129684,0.0709981471,-17.155283,22,52.3443108,38359.043,24933.9492
2000,25.303421,26.4184151,24.6129684,0.0709981471,-17.155283,23,54.0879974,39342.1211,24000.1797
2000,25.303421,26.4184151,24.6129684,0.0709981471,-17.155283,24,55.7880745,40325.1992,23190.9258
2000,25.303421,26.4184151,24.6129684,0.0709981471,-17.155283,25,57.3718185,41308.4453,22635.2246
2000,25.303421,26.4184151,24.6129684,0.0709981471,-17.155283,26,58.7916298,42298.2852,22379.0469
2000,25.303421,26.4184151,24.6129684,0.0709981471,-17.155283,27,60.202446,43382.0195,22173.668
2000,25.303421,26.4184151,24.6129684,0.0709981471,-17.155283,28,62.3786812,44916.0859,20813.4277
2000,25.303421,26.4184151,24.6129684,0.0709981471,-17.155283,29,64.8980255,46818.8555,18912.0039
2000,25.303421,26.4184151,24.6129684,0.0709981471,-17.155283,30,65.5981979,47392.6719,18338.1895
2000,25.303421,26.4184151,24.6129684,0.0709981471,-17.155283,31,66.297905,47966.1055,17764.7539
2000,25.303421,26.4184151,24.6129684,0.0709981471,-17.155283,32,66.997612,48539.543,17191.3184
2000,25.303421,26.4184151,24.6129684,0.0709981471,-17.155283,33,67.6973267,49112.9766,16617.8828
2000,25.303421,26.4184151,24.6129684,0.0709981471,-17.155283,34,68.3970337,49686.4141,16044.4463
2000,25.303421,26.4184151,24.6129684,0.0709981471,-17.155283,35,69.0967407,50259.8477,15471.0107
2000,25.303421,26.4184151,24.6129684,0.0709981471,-17.155283,36,69.7964554,50833.2852,14897.5752
2000,25.303421,26.4184151,24.6129684,0.0709981471,-17.155283,37,70.4961624,51406.7227,14324.1396
2000,25.303421,26.4184151,24.6129684,0.0709981471,-17.155283,38,71.1958771,51980.1562,13750.7041
2000,25.303421,26.4184151,24.6129684,0.0709981471,-17.155283,39,71.4285736,52170.8594,13560
2000,25.303421,26.4184151,24.6129684,0.0709981471,-17.155283,40,72.0181198,52554.8008,13179.5723
2000,25.303421,26.4184151,24.6129684,0.0709981471,-17.155283,41,72.6061935,52938.7422,12807.2998
2000,25.303421,26.4184151,24.6129684,0.0709981471,-17.155283,42,73.1887665,53322.6875,12456.3701
2000,25.303421,26.4184151,24.6129684,0.0709981471,-17.155283,43,73.7556839,53706.6289,12152.0186
2000,25.303421,26.4184151,24.6129684,0.0709981471,-17.155283,44,74.2878799,54090.5742,11931.585
2000,25.303421,26.4184151,24.6129684,0.0709981471,-17.155283,45,74.7604675,54474.6289,11833.79
2000,25.303421,26.4184151,24.6129684,0.0709981471,-17.155283,46,75.1567001,54860.0469,11875.4219
2000,25.303421,26.4184151,24.6129684,0.0709981471,-17.155283,47,75.4921494,55256.4375,12021.915
2000,25.303421,26.4184151,24.6129684,0.0709981471,-17.155283,48,75.8470001,55707.7734,12158.6787
2000,25.303421,26.4184151,24.6129684,0.0709981471,-17.155283,49,76.4921036,56325.6406,11827.0703
2000,25.303421,26.4184151,24.6129684,0.0709981471,-17.155283,50,77.5771942,57230.1914,10955.5303
2000,25.303421,26.4184151,24.6129684,0.0709981471,-17.155283,51,78.9460678,58357.0312,9829.5918
2000,25.303421,26.4184151,24.6129684,0.0709981471,-17.155283,52,79.4731674,58790.793,9395.83984
2000,25.303421,26.4184151,24.6129684,0.0709981471,-17.155283,53,79.9397354,59174.7344,9011.89844
2000,25.303421,26.4184151,24.6129684,0.0709981471,-17.155283,54,80.406311,59558.6758,8627.95605
2000,25.303421,26.4184151,24.6129684,0.0709981471,-17.155283,55,80.872879,59942.6172,8244.01465
2000,25.303421,26.4184151,24.6129684,0.0709981471,-17.155283,56,81.339447,60326.5586,7860.07275
2000,25.303421,26.4184151,24.6129684,0.0709981471,-17.155283,57,81.806015,60710.5,7476.13086
2000,25.303421,26.4184151,24.6129684,0.0709981471,-17.155283,58,82.272583,61094.4414,7092.18896
2000,25.303421,26.4184151,24.6129684,0.0709981471,-17.155283,59,82.739151,61478.3828,6708.24707
2000,25.303421,26.4184151,24.6129684,0.0709981471,-17.155283,60,83.2057266,61862.3242,6324.30518
2100,11.5728054,19.7622528,23.3332863,23.0378036,2.39471269,0,0,0,54912
2100,11.5728054,19.7622528,23.3332863,23.0378036,2.39471269,1,5.86202478,3497.29932,51456.1719
2100,11.5728054,19.7622528,23.3332863,23.0378036,2.39471269,2,11.5662899,6994.60059,48242.8867
2100,11.5728054,19.7622528,23.3332863,23.0378036,2.39471269,3,16.5857296,10493.3047,45728.6914
2100,11.5728054,19.7622528,23.3332863,23.0378036,2.39471269,4,20.8174858,14126.4238,43806.2344
2100,11.5728054,19.7622528,23.3332863,23.0378036,2.39471269,5,28.2584705,19330.0527,39162.457
2100,11.5728054,19.7622528,23.3332863,23.0378036,2.39471269,6,33.8402367,23367.0059,35697.4688
2100,11.5728054,19.7622528,23.3332863,23.0378036,2.39471269,7,36.627552,25745.9727,33999.8125
2100,11.5728054,19.7622528,23.3332863,23.0378036,2.39471269,8,37.9654503,27229.6367,32849.4414
2100,11.5728054,19.7622528,23.3332863,23.0378036,2.39471269,9,40.1305046,29340.8926,30756.0703
2100,11.5728054,19.7622528,23.3332863,23.0378036,2.39471269,10,42.3322105,31476.0234,28621.041
2100,11.5728054,19.7622528,23.3332863,23.0378036,2.39471269,11,42.8571434,31985.0645,28112
2100,11.5728054,19.7622528,23.3332863,23.0378036,2.39471269,12,42.8571434,31985.0645,28112
2100,11.5728054,19.7622528,23.3332863,23.0378036,2.39471269,13,44.4473801,33016.668,27087.6953
2100,11.5728054,19.7622528,23.3332863,23.0378036,2.39471269,14,46.0250092,34048.2695,26092.9746
2100,11.5728054,19.7622528,23.3332863,23.0378036,2.39471269,15,49.5297775,35816.8164,24462.5469
2100,11.5728054,19.7622528,23.3332863,23.0378036,2.39471269,16,52.8351898,37585.5469,23065.3848
2100,11.5728054,19.7622528,23.3332863,23.0378036,2.39471269,17,55.7204247,39361.7266,22026.7188
2100,11.5728054,19.7622528,23.3332863,23.0378036,2.39471269,18,58.1938019,41248.6562,21188.8965
2100,11.5728054,19.7622528,23.3332863,23.0378036,2.39471269,19,61.7090569,43771.125,19220.6367
2100,11.5728054,19.7622528,23.3332863,23.0378036,2.39471269,20,67.8704224,47495.1953,15509.832
2100,11.5728054,19.7622528,23.3332863,23.0378036,2.39471269,21,70.6694946,49106.6094,13898.4199
2100,11.5728054,19.7622528,23.3332863,23.0378036,2.39471269,22,71.4285736,49445.0312,13560
2100,11.5728054,19.7622528,23.3332863,23.0378036,2.39471269,23,72.4892654,50135.7383,12871.9219
2100,11.5728054,19.7622528,23.3332863,23.0378036,2.39471269,24,73.547966,50826.4453,12189.9443
2100,11.5728054,19.7622528,23.3332863,23.0378036,2.39471269,25,74.5992584,51517.1523,11523.9326
2100,11.5728054,19.7622528,23.3332863,23.0378036,2.39471269,26,75.629364,52207.8594,10892.7637
2100,11.5728054,19.7622528,23.3332863,23.0378036,2.39471269,27,76.6120911,52898.5703,10324.3672
2100,11.5728054,19.7622528,23.3332863,23.0378036,2.39471269,28,77.5121155,53589.4023,9847.66992
2100,11.5728054,19.7622528,23.3332863,23.0378036,2.39471269,29,78.3027954,54281.7656,9474.76172
2100,11.5728054,19.7622528,23.3332863,23.0378036,2.39471269,30,78.9984741,54986.4414,9176.1875
2100,11.5728054,19.7622528,23.3332863,23.0378036,2.39471269,31,79.6974869,55752.7852,8849.77344
2100,11.5728054,19.7622528,23.3332863,23.0378036,2.39471269,32,80.7636642,56706.0195,8110.67432
2100,11.5728054,19.7622528,23.3332863,23.0378036,2.39471269,33,82.3784943,57980.9922,6860.39697
2100,11.5728054,19.7622528,23.3332863,23.0378036,2.39471269,34,84.3332672,59505.4297,5336.6333
2100,11.5728054,19.7622528,23.3332863,23.0378036,2.39471269,35,85.2909546,60252.043,4590.02393
2100,11.5728054,19.7622528,23.3332863,23.0378036,2.39471269,36,85.7142868,60582.0664,4260
2100,11.5728054,19.7622528,23.3332863,23.0378036,2.39471269,37,85.7142868,60582.0664,4260
2100,11.5728054,19.7622528,23.3332863,23.0378036,2.39471269,38,87.7006149,61175.293,3673.28125
2100,11.5728054,19.7622528,23.3332863,23.0378036,2.39471269,39,89.6485291,61768.5234,3121.71045
2100,11.5728054,19.7622528,23.3332863,23.0378036,2.39471269,40,91.4147797,62361.7891,2680.34595
2100,11.5728054,19.7622528,23.3332863,23.0378036,2.39471269,41,92.825676,62959.3789,2398.35156
2100,11.5728054,19.7622528,23.3332863,23.0378036,2.39471269,42,94.3119507,63661.7383,2037.45239
2100,11.5728054,19.7622528,23.3332863,23.0378036,2.39471269,43,97.5415802,64826.7578,882.302246
2100,11.5728054,19.7622528,23.3332863,23.0378036,2.39471269,44,99.240921,65436.6367,272.424255
2100,11.5728054,19.7622528,23.3332863,23.0378036,2.39471269,45,100,65709.0625,0
2100,11.5728054,19.7622528,23.3332863,23.0378036,2.39471269,46,100,65709.0625,0
2100,11.5728054,19.7622528,23.3332863,23.0378036,2.39471269,47,100,65709.0625,0
2100,11.5728054,19.7622528,23.3332863,23.0378036,2.39471269,48,100,65709.0625,0
2100,11.5728054,19.7622528,23.3332863,23.0378036,2.39471269,49,100,65709.0625,0
2100,11.5728054,19.7622528,23.3332863,23.0378036,2.39471269,50,100,65709.0625,0
2100,11.5728054,19.7622528,23.3332863,23.0378036,2.39471269,51,100,65709.0625,0
2100,11.5728054,19.7622528,23.3332863,23.0378036,2.39471269,52,100,65709.0625,0
2100,11.5728054,19.7622528,23.3332863,23.0378036,2.39471269,53,100,65709.0625,0
2100,11.5728054,19.7622528,23.3332863,23.0378036,2.39471269,54,100,65709.0625,0
2100,11.5728054,19.7622528,23.3332863,23.0378036,2.39471269,55,100,65709.0625,0
2100,11.5728054,19.7622528,23.3332863,23.0378036,2.39471269,56,100,65709.0625,0
2100,11.5728054,19.7622528,23.3332863,23.0378036,2.39471269,57,100,65709.0625,0
2100,11.5728054,19.7622528,23.3332863,23.0378036,2.39471269,58,100,65709.0625,0
2100,11.5728054,19.7622528,23.3332863,23.0378036,2.39471269,59,100,65709.0625,0
2100,11.5728054,19.7622528,23.3332863,23.0378036,2.39471269,60,100,65709.0625,0
2200,4.38940239,19.7819691,3.60439134,14.905407,-11.5782137,0,0,0,54912
2200,4.38940239,19.7819691,3.60439134,14.905407,-11.5782137,1,5.11152697,3049.55615,51903.957
2200,4.38940239,19.7819691,3.60439134,14.905407,-11.5782137,2,10.0853548,6099.1123,49138.6992
2200,4.38940239,19.7819691,3.60439134,14.905407,-11.5782137,3,14.4597721,9148.90332,47074.4023
2200,4.38940239,19.7819691,3.60439134,14.905407,-11.5782137,4,17.996151,12221.1445,45714.5273
2200,4.38940239,19.7819691,3.60439134,14.905407,-11.5782137,5,22.5898514,15555.6963,42940.3867
2200,4.38940239,19.7819691,3.60439134,14.905407,-11.5782137,6,26.8592739,18695.3867,40373.2305
2200,4.38940239,19.7819691,3.60439134,14.905407,-11.5782137,7,30.8763084,21758.3828,37992.2266
2200,4.38940239,19.7819691,3.60439134,14.905407,-11.5782137,8,35.0744934,24876.1855,35208.0469
2200,4.38940239,19.7819691,3.60439134,14.905407,-11.5782137,9,37.5343208,26827.6504,33274.4844
2200,4.38940239,19.7819691,3.60439134,14.905407,-11.5782137,10,38.6833344,27942.125,32160.1113
2200,4.38940239,19.7819691,3.60439134,14.905407,-11.5782137,11,39.6498604,28879.5449,31222.6914
2200,4.38940239,19.7819691,3.60439134,14.905407,-11.5782137,12,40.6163864,29816.9629,30285.2754
2200,4.38940239,19.7819691,3.60439134,14.905407,-11.5782137,13,41.5829124,30754.3789,29347.8574
2200,4.38940239,19.7819691,3.60439134,14.905407,-11.5782137,14,42.5494385,31691.7969,28410.4395
2200,4.38940239,19.7819691,3.60439134,14.905407,-11.5782137,15,44.5891685,32632.8281,27477.502
2200,4.38940239,19.7819691,3.60439134,14.905407,-11.5782137,16,47.6743088,34174.9531,25994.4844
2200,4.38940239,19.7819691,3.60439134,14.905407,-11.5782137,17,50.5898056,35717.0859,24678.1582
2200,4.38940239,19.7819691,3.60439134,14.905407,-11.5782137,18,53.1344109,37260.1172,23657.7324
2200,4.38940239,19.7819691,3.60439134,14.905407,-11.5782137,19,55.3990211,38824.9141,22837.6738
2200,4.38940239,19.7819691,3.60439134,14.905407,-11.5782137,20,58.060112,40486.9453,21737.2793
2200,4.38940239,19.7819691,3.60439134,14.905407,-11.5782137,21,60.3315926,42051.3945,20830.543
2200,4.38940239,19.7819691,3.60439134,14.905407,-11.5782137,22,62.9814148,43696.7969,19315.2969
2200,4.38940239,19.7819691,3.60439134,14.905407,-11.5782137,23,65.848053,45446.9023,17566.2012
2200,4.38940239,19.7819691,3.60439134,14.905407,-11.5782137,24,67.9958572,46787.625,16225.4785
2200,4.38940239,19.7819691,3.60439134,14.905407,-11.5782137,25,69.1543121,47687.1602,15325.9463
2200,4.38940239,19.7819691,3.60439134,14.905407,-11.5782137,26,70.312767,48586.6914,14426.4141
2200,4.38940239,19.7819691,3.60439134,14.905407,-11.5782137,27,71.4285736,49453.1055,13560
2200,4.38940239,19.7819691,3.60439134,14.905407,-11.5782137,28,72.3534698,50055.3828,12960.3525
2200,4.38940239,19.7819691,3.60439134,14.905407,-11.5782137,29,73.2766342,50657.6641,12366.8115
2200,4.38940239,19.7819691,3.60439134,14.905407,-11.5782137,30,74.1933212,51259.9414,11789.2529
2200,4.38940239,19.7819691,3.60439134,14.905407,-11.5782137,31,75.0915222,51862.2188,11246.5713
2200,4.38940239,19.7819691,3.60439134,14.905407,-11.5782137,32,75.9483643,52464.5,10766.7295
2200,4.38940239,19.7819691,3.60439134,14.905407,-11.5782137,33,76.7328949,53066.8008,10378.7793
2200,4.38940239,19.7819691,3.60439134,14.905407,-11.5782137,34,77.4204788,53669.3555,10095.9951
2200,4.38940239,19.7819691,3.60439134,14.905407,-11.5782137,35,78.0134354,54273.9648,9897.89258
2200,4.38940239,19.7819691,3.60439134,14.905407,-11.5782137,36,78.55336,54888.8789,9723.34668
2200,4.38940239,19.7819691,3.60439134,14.905407,-11.5782137,37,79.2464981,55535.0039,9291.56934
2200,4.38940239,19.7819691,3.60439134,14.905407,-11.5782137,38,80.1267853,56234.8672,8616.4248
2200,4.38940239,19.7819691,3.60439134,14.905407,-11.5782137,39,81.0772781,56976.3984,7875.56885
2200,4.38940239,19.7819691,3.60439134,14.905407,-11.5782137,40,81.8616791,57588.0156,7263.95703
2200,4.38940239,19.7819691,3.60439134,14.905407,-11.5782137,41,82.6341095,58190.2969,6661.67822
2200,4.38940239,19.7819691,3.60439134,14.905407,-11.5782137,42,83.4065399,58792.5742,6059.3999
2200,4.38940239,19.7819691,3.60439134,14.905407,-11.5782137,43,84.1789627,59394.8516,5457.12109
2200,4.38940239,19.7819691,3.60439134,14.905407,-11.5782137,44,84.9513931,59997.1328,4854.84229
2200,4.38940239,19.7819691,3.60439134,14.905407,-11.5782137,45,85.7142868,60591.9727,4260
2200,4.38940239,19.7819691,3.60439134,14.905407,-11.5782137,46,87.446312,61109.2539,3749.23608
2200,4.38940239,19.7819691,3.60439134,14.905407,-11.5782137,47,89.1448059,61626.5312,3273.65503
2200,4.38940239,19.7819691,3.60439134,14.905407,-11.5782137,48,90.6846619,62143.8203,2908.4209
2200,4.38940239,19.7819691,3.60439134,14.905407,-11.5782137,49,91.9052887,62661.8281,2706.32593
2200,4.38940239,19.7819691,3.60439134,14.905407,-11.5782137,50,92.9865799,63197.332,2512.61719
2200,4.38940239,19.7819691,3.60439134,14.905407,-11.5782137,51,94.679718,63810.1172,1909.71472
2200,4.38940239,19.7819691,3.60439134,14.905407,-11.5782137,52,96.1285553,64330.1758,1389.65564
2200,4.38940239,19.7819691,3.60439134,14.905407,-11.5782137,53,97.5696487,64847.457,872.375977
2200,4.38940239,19.7819691,3.60439134,14.905407,-11.5782137,54,99.0107346,65364.7344,355.096344
2200,4.38940239,19.7819691,3.60439134,14.905407,-11.5782137,55,100,65719.8359,0
2200,4.38940239,19.7819691,3.60439134,14.905407,-11.5782137,56,100,65719.8359,0
2200,4.38940239,19.7819691,3.60439134,14.905407,-11.5782137,57,100,65719.8359,0
2200,4.38940239,19.7819691,3.60439134,14.905407,-11.5782137,58,100,65719.8359,0
2200,4.38940239,19.7819691,3.60439134,14.905407,-11.5782137,59,100,65719.8359,0
2200,4.38940239,19.7819691,3.60439134,14.905407,-11.5782137,60,100,65719.8359,0
2300,16.9478226,26.4777565,20.2701225,11.889761,13.2188702,0,0,0,54912
2300,16.9478226,26.4777565,20.2701225,11.889761,13.2188702,1,5.53249931,3302.86646,51664.6953
2300,16.9478226,26.4777565,20.2701225,11.889761,13.2188702,2,10.8667841,6605.73486,48742.3594
2300,16.9478226,26.4777565,20.2701225,11.889761,13.2188702,3,15.3615189,9909.74707,46757.4062
2300,16.9478226,26.4777565,20.2701225,11.889761,13.2188702,4,18.8674068,13323.4316,45635.6914
2300,16.9478226,26.4777565,20.2701225,11.889761,13.2188702,5,25.151062,18018.5215,41690.6992
2300,16.9478226,26.4777565,20.2701225,11.889761,13.2188702,6,29.9833031,21761.6992,38713.8477
2300,16.9478226,26.4777565,20.2701225,11.889761,13.2188702,7,34.0680923,25130.2148,36258.1602
2300,16.9478226,26.4777565,20.2701225,11.889761,13.2188702,8,36.9150314,27649.4219,34185.5039
2300,16.9478226,26.4777565,20.2701225,11.889761,13.2188702,9,38.7188644,29510.1621,32348.7266
2300,16.9478226,26.4777565,20.2701225,11.889761,13.2188702,10,40.5552826,31390.3828,30468.6426
2300,16.9478226,26.4777565,20.2701225,11.889761,13.2188702,11,41.5469742,32405.6758,29453.3496
2300,16.9478226,26.4777565,20.2701225,11.889761,13.2188702,12,42.5386581,33420.9609,28438.0645
2300,16.9478226,26.4777565,20.2701225,11.889761,13.2188702,13,42.8571434,33747.0234,28112
2300,16.9478226,26.4777565,20.2701225,11.889761,13.2188702,14,44.3585663,34721.2773,27147.5273
2300,16.9478226,26.4777565,20.2701225,11.889761,13.2188702,15,47.7189941,36391.4961,25537.5586
2300,16.9478226,26.4777565,20.2701225,11.889761,13.2188702,16,50.9567719,38061.7188,24110.8848
2300,16.9478226,26.4777565,20.2701225,11.889761,13.2188702,17,53.7710609,39732.1289,23121.7969
2300,16.9478226,26.4777565,20.2701225,11.889761,13.2188702,18,55.8721352,41412.9727,22701.5488
2300,16.9478226,26.4777565,20.2701225,11.889761,13.2188702,19,57.8608589,43285.9688,22277.1953
2300,16.9478226,26.4777565,20.2701225,11.889761,13.2188702,20,62.2420387,46040.2734,19713.5352
2300,16.9478226,26.4777565,20.2701225,11.889761,13.2188702,21,66.1803894,48743.3672,17011.7949
2300,16.9478226,26.4777565,20.2701225,11.889761,13.2188702,22,68.8452759,50413.9336,15341.2266
2300,16.9478226,26.4777565,20.2701225,11.889761,13.2188702,23,71.0002136,51843.9453,13911.2168
2300,16.9478226,26.4777565,20.2701225,11.889761,13.2188702,24,71.4285736,52195.1602,13560
2300,16.9478226,26.4777565,20.2701225,11.889761,13.2188702,25,72.4301987,52847.4688,12911.2158
2300,16.9478226,26.4777565,20.2701225,11.889761,13.2188702,26,73.4293137,53499.7734,12270.6035
2300,16.9478226,26.4777565,20.2701225,11.889761,13.2188702,27,74.4190598,54152.082,11651.3838
2300,16.9478226,26.4777565,20.2701225,11.889761,13.2188702,28,75.3821564,54804.3906,11078.8467
2300,16.9478226,26.4777565,20.2701225,11.889761,13.2188702,29,76.2861252,55456.6992,10590.416
2300,16.9478226,26.4777565,20.2701225,11.889761,13.2188702,30,77.0884933,56109.1094,10224.9082
2300,16.9478226,26.4777565,20.2701225,11.889761,13.2188702,31,77.7594528,56762.7656,9999.25879
2300,16.9478226,26.4777565,20.2701225,11.889761,13.2188702,32,78.3157959,57426.4727,9879.65625
2300,16.9478226,26.4777565,20.2701225,11.889761,13.2188702,33,78.8525543,58140.4922,9755.05859
2300,16.9478226,26.4777565,20.2701225,11.889761,13.2188702,34,79.7264786,59007,9175.45312
2300,16.9478226,26.4777565,20.2701225,11.889761,13.2188702,35,81.074585,60136.0195,8079.52148
2300,16.9478226,26.4777565,20.2701225,11.889761,13.2188702,36,82.6924286,61468.5781,6747.86328
2300,16.9478226,26.4777565,20.2701225,11.889761,13.2188702,37,83.5401459,62166.5039,6049.94727
2300,16.9478226,26.4777565,20.2701225,11.889761,13.2188702,38,84.3324661,62818.8086,5397.64014
2300,16.9478226,26.4777565,20.2701225,11.889761,13.2188702,39,85.1247787,63471.1172,4745.3335
2300,16.9478226,26.4777565,20.2701225,11.889761,13.2188702,40,85.7142868,63956.4492,4260
2300,16.9478226,26.4777565,20.2701225,11.889761,13.2188702,41,87.5892105,64516.6953,3708.47388
2300,16.9478226,26.4777565,20.2701225,11.889761,13.2188702,42,89.415741,65076.9453,3204.03931
2300,16.9478226,26.4777565,20.2701225,11.889761,13.2188702,43,91.0170135,65637.2188,2847.28003
2300,16.9478226,26.4777565,20.2701225,11.889761,13.2188702,44,92.190979,66201.0312,2706.3147
2300,16.9478226,26.4777565,20.2701225,11.889761,13.2188702,45,93.3581543,66850.3203,2514.51709
2300,16.9478226,26.4777565,20.2701225,11.889761,13.2188702,46,96.0450363,67877.1016,1500.95911
2300,16.9478226,26.4777565,20.2701225,11.889761,13.2188702,47,97.5570602,68450.9297,927.127563
2300,16.9478226,26.4777565,20.2701225,11.889761,13.2188702,48,99.033287,69011.1797,366.880249
2300,16.9478226,26.4777565,20.2701225,11.889761,13.2188702,49,100,69378.0625,0
2300,16.9478226,26.4777565,20.2701225,11.889761,13.2188702,50,100,69378.0625,0
2300,16.9478226,26.4777565,20.2701225,11.889761,13.2188702,51,100,69378.0625,0
2300,16.9478226,26.4777565,20.2701225,11.889761,13.2188702,52,100,69378.0625,0
2300,16.9478226,26.4777565,20.2701225,11.889761,13.2188702,53,100,69378.0625,0
2300,16.9478226,26.4777565,20.2701225,11.889761,13.2188702,54,100,69378.0625,0
2300,16.9478226,26.4777565,20.2701225,11.889761,13.2188702,55,100,69378.0625,0
2300,16.9478226,26.4777565,20.2701225,11.889761,13.2188702,56,100,69378.0625,0
2300,16.9478226,26.4777565,20.2701225,11.889761,13.2188702,57,100,69378.0625,0
2300,16.9478226,26.4777565,20.2701225,11.889761,13.2188702,58,100,69378.0625,0
2300,16.9478226,26.4777565,20.2701225,11.889761,13.2188702,59,100,69378.0625,0
2300,16.9478226,26.4777565,20.2701225,11.889761,13.2188702,60,100,69378.0625,0
2400,12.5313597,19.8502522,20.9983501,27.8793068,13.5838289,0,0,0,54912
2400,12.5313597,19.8502522,20.9983501,27.8793068,13.5838289,1,6.68514967,3988.41187,50965.2422
2400,12.5313597,19.8502522,20.9983501,27.8793068,13.5838289,2,13.1896,7976.8252,47262.1133
2400,12.5313597,19.8502522,20.9983501,27.8793068,13.5838289,3,18.9092999,11966.4873,44261.3438
2400,12.5313597,19.8502522,20.9983501,27.8793068,13.5838289,4,23.67346,16075.8027,41870.3047
2400,12.5313597,19.8502522,20.9983501,27.8793068,13.5838289,5,31.4806232,21583.1484,36925.3047
2400,12.5313597,19.8502522,20.9983501,27.8793068,13.5838289,6,36.7728577,25508.3066,33574.6562
2400,12.5313597,19.8502522,20.9983501,27.8793068,13.5838289,7,37.7295303,26805.9492,32961.3594
2400,12.5313597,19.8502522,20.9983501,27.8793068,13.5838289,8,39.1484146,28395.7012,31706.3848
2400,12.5313597,19.8502522,20.9983501,27.8793068,13.5838289,9,41.3486023,30544.123,29575.9277
2400,12.5313597,19.8502522,20.9983501,27.8793068,13.5838289,10,42.8571434,32008.1523,28112
2400,12.5313597,19.8502522,20.9983501,27.8793068,13.5838289,11,42.8571434,32008.1523,28112
2400,12.5313597,19.8502522,20.9983501,27.8793068,13.5838289,12,42.8571434,32008.1523,28112
2400,12.5313597,19.8502522,20.9983501,27.8793068,13.5838289,13,44.6706848,33184.6211,26942.8633
2400,12.5313597,19.8502522,20.9983501,27.8793068,13.5838289,14,46.4697838,34361.0898,25803.4434
2400,12.5313597,19.8502522,20.9983501,27.8793068,13.5838289,15,50.4663353,36377.9844,23925.2793
2400,12.5313597,19.8502522,20.9983501,27.8793068,13.5838289,16,54.2345238,38395.043,22281.4453
2400,12.5313597,19.8502522,20.9983501,27.8793068,13.5838289,17,57.519062,40418.7344,20998.5508
2400,12.5313597,19.8502522,20.9983501,27.8793068,13.5838289,18,60.294445,42541.0117,19930.0508
2400,12.5313597,19.8502522,20.9983501,27.8793068,13.5838289,19,64.0231247,45229.0312,17798.709
2400,12.5313597,19.8502522,20.9983501,27.8793068,13.5838289,20,70.1433487,48907.6445,14133.4238
2400,12.5313597,19.8502522,20.9983501,27.8793068,13.5838289,21,71.4285736,49481.0703,13560
2400,12.5313597,19.8502522,20.9983501,27.8793068,13.5838289,22,71.4285736,49481.0703,13560
2400,12.5313597,19.8502522,20.9983501,27.8793068,13.5838289,23,72.6382141,50268.7695,12774.9404
2400,12.5313597,19.8502522,20.9983501,27.8793068,13.5838289,24,73.8455734,51056.4688,11996.0078
2400,12.5313597,19.8502522,20.9983501,27.8793068,13.5838289,25,75.0444489,51844.168,11233.1133
2400,12.5313597,19.8502522,20.9983501,27.8793068,13.5838289,26,76.2190552,52631.8672,10505.2158
2400,12.5313597,19.8502522,20.9983501,27.8793068,13.5838289,27,77.3393936,53419.5742,9840.37109
2400,12.5313597,19.8502522,20.9983501,27.8793068,13.5838289,28,78.3649826,54207.3867,9267.64844
2400,12.5313597,19.8502522,20.9983501,27.8793068,13.5838289,29,79.2648697,54996.5586,8799.35059
2400,12.5313597,19.8502522,20.9983501,27.8793068,13.5838289,30,80.0518494,55796.6953,8407.12598
2400,12.5313597,19.8502522,20.9983501,27.8793068,13.5838289,31,80.8225479,56651.7227,7993.98389
2400,12.5313597,19.8502522,20.9983501,27.8793068,13.5838289,32,81.9530487,57673.1211,7187.67725
2400,12.5313597,19.8502522,20.9983501,27.8793068,13.5838289,33,83.6060333,58980.918,5904.68311
2400,12.5313597,19.8502522,20.9983501,27.8793068,13.5838289,34,85.566246,60510.7891,4375.49316
2400,12.5313597,19.8502522,20.9983501,27.8793068,13.5838289,35,85.7142868,60626.2852,4260
2400,12.5313597,19.8502522,20.9983501,27.8793068,13.5838289,36,85.7142868,60626.2852,4260
2400,12.5313597,19.8502522,20.9983501,27.8793068,13.5838289,37,85.7142868,60626.2852,4260
2400,12.5313597,19.8502522,20.9983501,27.8793068,13.5838289,38,87.9795303,61302.8164,3590.00562
2400,12.5313597,19.8502522,20.9983501,27.8793068,13.5838289,39,90.2007751,61979.3516,2955.31543
2400,12.5313597,19.8502522,20.9983501,27.8793068,13.5838289,40,92.2139511,62655.9141,2431.32666
2400,12.5313597,19.8502522,20.9983501,27.8793068,13.5838289,41,93.8171082,63336.3359,2067.91211
2400,12.5313597,19.8502522,20.9983501,27.8793068,13.5838289,42,95.4327164,64110.0117,1637.21375
2400,12.5313597,19.8502522,20.9983501,27.8793068,13.5838289,43,98.7147827,65295.5391,461.599396
2400,12.5313597,19.8502522,20.9983501,27.8793068,13.5838289,44,100,65757.1406,0
2400,12.5313597,19.8502522,20.9983501,27.8793068,13.5838289,45,100,65757.1406,0
2400,12.5313597,19.8502522,20.9983501,27.8793068,13.5838289,46,100,65757.1406,0
2400,12.5313597,19.8502522,20.9983501,27.8793068,13.5838289,47,100,65757.1406,0
2400,12.5313597,19.8502522,20.9983501,27.8793068,13.5838289,48,100,65757.1406,0
2400,12.5313597,19.8502522,20.9983501,27.8793068,13.5838289,49,100,65757.1406,0
2400,12.5313597,19.8502522,20.9983501,27.8793068,13.5838289,50,100,65757.1406,0
2400,12.5313597,19.8502522,20.9983501,27.8793068,13.5838289,51,100,65757.1406,0
2400,12.5313597,19.8502522,20.9983501,27.8793068,13.5838289,52,100,65757.1406,0
2400,12.5313597,19.8502522,20.9983501,27.8793068,13.5838289,53,100,65757.1406,0
2400,12.5313597,19.8502522,20.9983501,27.8793068,13.5838289,54,100,65757.1406,0
2400,12.5313597,19.8502522,20.9983501,27.8793068,13.5838289,55,100,65757.1406,0
2400,12.5313597,19.8502522,20.9983501,27.8793068,13.5838289,56,100,65757.1406,0
2400,12.5313597,19.8502522,20.9983501,27.8793068,13.5838289,57,100,65757.1406,0
2400,12.5313597,19.8502522,20.9983501,27.8793068,13.5838289,58,100,65757.1406,0
2400,12.5313597,19.8502522,20.9983501,27.8793068,13.5838289,59,100,65757.1406,0
2400,12.5313597,19.8502522,20.9983501,27.8793068,13.5838289,60,100,65757.1406,0
2500,6.51998425,5.52304268,2.53885984,5.12670708,-5.17224312,0,0,0,54912
2500,6.51998425,5.52304268,2.53885984,5.12670708,-5.17224312,1,4.9104023,2925.48682,51998.1016
2500,6.51998425,5.52304268,2.53885984,5.12670708,-5.17224312,2,9.78336143,5850.97412,49151.9922
2500,6.51998425,5.52304268,2.53885984,5.12670708,-5.17224312,3,14.4839611,8776.62207,46501.4883
2500,6.51998425,5.52304268,2.53885984,5.12670708,-5.17224312,4,18.9238529,11717.7324,44038.4648
2500,6.51998425,5.52304268,2.53885984,5.12670708,-5.17224312,5,23.8897781,14839.4912,41073.168
2500,6.51998425,5.52304268,2.53885984,5.12670708,-5.17224312,6,28.614439,17827.0527,38245.457
2500,6.51998425,5.52304268,2.53885984,5.12670708,-5.17224312,7,33.1945992,20761.7949,35501.125
2500,6.51998425,5.52304268,2.53885984,5.12670708,-5.17224312,8,37.0554352,23285.2324,33070.832
2500,6.51998425,5.52304268,2.53885984,5.12670708,-5.17224312,9,38.2430611,24303.7012,32057.3613
2500,6.51998425,5.52304268,2.53885984,5.12670708,-5.17224312,10,39.4373398,25324.918,31036.1738
2500,6.51998425,5.52304268,2.53885984,5.12670708,-5.17224312,11,40.4890442,26224.1992,30136.8945
2500,6.51998425,5.52304268,2.53885984,5.12670708,-5.17224312,12,41.5407448,27123.4785,29237.6152
2500,6.51998425,5.52304268,2.53885984,5.12670708,-5.17224312,13,42.5924454,28022.7578,28338.3359
2500,6.51998425,5.52304268,2.53885984,5.12670708,-5.17224312,14,42.8571434,28249.0918,28112
2500,6.51998425,5.52304268,2.53885984,5.12670708,-5.17224312,15,45.8515167,29728.4766,26636.916
2500,6.51998425,5.52304268,2.53885984,5.12670708,-5.17224312,16,48.8338699,31207.8613,25182.3008
2500,6.51998425,5.52304268,2.53885984,5.12670708,-5.17224312,17,51.7577286,32687.252,23791.9883
2500,6.51998425,5.52304268,2.53885984,5.12670708,-5.17224312,18,54.5442848,34167.2812,22510.9082
2500,6.51998425,5.52304268,2.53885984,5.12670708,-5.17224312,19,57.2307663,35663.1328,21286.9844
2500,6.51998425,5.52304268,2.53885984,5.12670708,-5.17224312,20,60.1727753,37237.2148,19899.957
2500,6.51998425,5.52304268,2.53885984,5.12670708,-5.17224312,21,63.0906487,38790.1055,18383.4082
2500,6.51998425,5.52304268,2.53885984,5.12670708,-5.17224312,22,66.1359024,40412.7227,16761.0723
2500,6.51998425,5.52304268,2.53885984,5.12670708,-5.17224312,23,68.8307114,41836.8086,15336.9844
2500,6.51998425,5.52304268,2.53885984,5.12670708,-5.17224312,24,70.0922775,42699.7461,14474.0488
2500,6.51998425,5.52304268,2.53885984,5.12670708,-5.17224312,25,71.3538437,43562.6797,13611.1143
2500,6.51998425,5.52304268,2.53885984,5.12670708,-5.17224312,26,71.4285736,43613.793,13560
2500,6.51998425,5.52304268,2.53885984,5.12670708,-5.17224312,27,72.3160248,44191.5703,12982.959
2500,6.51998425,5.52304268,2.53885984,5.12670708,-5.17224312,28,73.2030029,44769.3438,12407.623
2500,6.51998425,5.52304268,2.53885984,5.12670708,-5.17224312,29,74.0882492,45347.1211,11836.75
2500,6.51998425,5.52304268,2.53885984,5.12670708,-5.17224312,30,74.968483,45924.8945,11275.6133
2500,6.51998425,5.52304268,2.53885984,5.12670708,-5.17224312,31,75.8373032,46502.6719,10732.0215
2500,6.51998425,5.52304268,2.53885984,5.12670708,-5.17224312,32,76.685463,47080.4609,10214.0771
2500,6.51998425,5.52304268,2.53885984,5.12670708,-5.17224312,33,77.5043182,47658.4258,9725.39062
2500,6.51998425,5.52304268,2.53885984,5.12670708,-5.17224312,34,78.2927322,48237.8086,9259.50391
2500,6.51998425,5.52304268,2.53885984,5.12670708,-5.17224312,35,79.0657578,48824.2852,8795.97656
2500,6.51998425,5.52304268,2.53885984,5.12670708,-5.17224312,36,79.9048386,49432.2578,8247.84961
2500,6.51998425,5.52304268,2.53885984,5.12670708,-5.17224312,37,80.8378143,50077.2383,7609.77002
2500,6.51998425,5.52304268,2.53885984,5.12670708,-5.17224312,38,81.8183289,50750.9141,6936.28223
2500,6.51998425,5.52304268,2.53885984,5.12670708,-5.17224312,39,82.6687775,51335.1211,6352.07764
2500,6.51998425,5.52304268,2.53885984,5.12670708,-5.17224312,40,83.5098648,51912.8984,5774.30225
2500,6.51998425,5.52304268,2.53885984,5.12670708,-5.17224312,41,84.3509521,52490.6719,5196.52686
2500,6.51998425,5.52304268,2.53885984,5.12670708,-5.17224312,42,85.1920395,53068.4492,4618.75146
2500,6.51998425,5.52304268,2.53885984,5.12670708,-5.17224312,43,85.7142868,53427.1992,4260
2500,6.51998425,5.52304268,2.53885984,5.12670708,-5.17224312,44,87.3776779,53923.4336,3765.58472
2500,6.51998425,5.52304268,2.53885984,5.12670708,-5.17224312,45,89.0319977,54419.668,3280.99243
2500,6.51998425,5.52304268,2.53885984,5.12670708,-5.17224312,46,90.641922,54915.9062,2827.20581
2500,6.51998425,5.52304268,2.53885984,5.12670708,-5.17224312,47,92.1545105,55412.6445,2418.6709
2500,6.51998425,5.52304268,2.53885984,5.12670708,-5.17224312,48,93.6332855,55921.4297,2005.3125
2500,6.51998425,5.52304268,2.53885984,5.12670708,-5.17224312,49,95.4116669,56483.4336,1446.06543
2500,6.51998425,5.52304268,2.53885984,5.12670708,-5.17224312,50,96.9922791,56981.5859,947.916016
2500,6.51998425,5.52304268,2.53885984,5.12670708,-5.17224312,51,98.5668259,57477.8203,451.68158
2500,6.51998425,5.52304268,2.53885984,5.12670708,-5.17224312,52,100,57929.5,0
2500,6.51998425,5.52304268,2.53885984,5.12670708,-5.17224312,53,100,57929.5,0
2500,6.51998425,5.52304268,2.53885984,5.12670708,-5.17224312,54,100,57929.5,0
2500,6.51998425,5.52304268,2.53885984,5.12670708,-5.17224312,55,100,57929.5,0
2500,6.51998425,5.52304268,2.53885984,5.12670708,-5.17224312,56,100,57929.5,0
2500,6.51998425,5.52304268,2.53885984,5.12670708,-5.17224312,57,100,57929.5,0
2500,6.51998425,5.52304268,2.53885984,5.12670708,-5.17224312,58,100,57929.5,0
2500,6.51998425,5.52304268,2.53885984,5.12670708,-5.17224312,59,100,57929.5,0
2500,6.51998425,5.52304268,2.53885984,5.12670708,-5.17224312,60,100,57929.5,0
2600,25.6148376,25.8236446,17.2479401,0.9514395,13.3182631,0,0,0,54912
2600,25.6148376,25.8236446,17.2479401,0.9514395,13.3182631,1,4.47494411,2671.34253,52294.8477
2600,25.6148376,25.8236446,17.2479401,0.9514395,13.3182631,2,8.79342651,5342.68604,49994.6328
2600,25.6148376,25.8236446,17.2479401,0.9514395,13.3182631,3,12.4475012,8014.90234,48608.8906
2600,25.6148376,25.8236446,17.2479401,0.9514395,13.3182631,4,15.3095922,10770.7002,48088.4414
2600,25.6148376,25.8236446,17.2479401,0.9514395,13.3182631,5,20.3241844,14503.0654,45087.6445
2600,25.6148376,25.8236446,17.2479401,0.9514395,13.3182631,6,24.2265911,17509.9727,42828.1328
2600,25.6148376,25.8236446,17.2479401,0.9514395,13.3182631,7,27.5511703,20231.3477,40997.0352
2600,25.6148376,25.8236446,17.2479401,0.9514395,13.3182631,8,31.2107582,23156.7695,38507.1289
2600,25.6148376,25.8236446,17.2479401,0.9514395,13.3182631,9,35.4173126,26472.4414,35214.8281
2600,25.6148376,25.8236446,17.2479401,0.9514395,13.3182631,10,38.2170296,28849.2988,32838.1055
2600,25.6148376,25.8236446,17.2479401,0.9514395,13.3182631,11,39.0232506,29670.4629,32016.9414
2600,25.6148376,25.8236446,17.2479401,0.9514395,13.3182631,12,39.8294678,30491.6191,31195.7832
2600,25.6148376,25.8236446,17.2479401,0.9514395,13.3182631,13,40.6356812,31312.7773,30374.627
2600,25.6148376,25.8236446,17.2479401,0.9514395,13.3182631,14,41.4418983,32133.9336,29553.4707
2600,25.6148376,25.8236446,17.2479401,0.9514395,13.3182631,15,43.7646217,33517.9883,28179.9844
2600,25.6148376,25.8236446,17.2479401,0.9514395,13.3182631,16,45.8519669,34701.1953,27064.3945
2600,25.6148376,25.8236446,17.2479401,0.9514395,13.3182631,17,48.3666191,36052.0938,25969.6113
2600,25.6148376,25.8236446,17.2479401,0.9514395,13.3182631,18,50.5292892,37406.332,25175.873
2600,25.6148376,25.8236446,17.2479401,0.9514395,13.3182631,19,52.6199646,38841.4961,24464.8984
2600,25.6148376,25.8236446,17.2479401,0.9514395,13.3182631,20,55.7336922,40634.1602,23106.1699
2600,25.6148376,25.8236446,17.2479401,0.9514395,13.3182631,21,57.7205811,42002.6094,22454.8691
2600,25.6148376,25.8236446,17.2479401,0.9514395,13.3182631,22,59.5920334,43423.7188,21892.3418
2600,25.6148376,25.8236446,17.2479401,0.9514395,13.3182631,23,62.1427917,45159.0898,20326.8828
2600,25.6148376,25.8236446,17.2479401,0.9514395,13.3182631,24,65.2575836,47284.2539,18203.0352
2600,25.6148376,25.8236446,17.2479401,0.9514395,13.3182631,25,67.3501892,48600.6484,16886.6406
2600,25.6148376,25.8236446,17.2479401,0.9514395,13.3182631,26,68.3162231,49388.6211,16098.6709
2600,25.6148376,25.8236446,17.2479401,0.9514395,13.3182631,27,69.2822495,50176.5898,15310.7012
2600,25.6148376,25.8236446,17.2479401,0.9514395,13.3182631,28,70.2482834,50964.5586,14522.7314
2600,25.6148376,25.8236446,17.2479401,0.9514395,13.3182631,29,71.2143173,51752.5312,13734.7607
2600,25.6148376,25.8236446,17.2479401,0.9514395,13.3182631,30,71.4285736,51927.2891,13560
2600,25.6148376,25.8236446,17.2479401,0.9514395,13.3182631,31,72.2386932,52454.8711,13035.8525
2600,25.6148376,25.8236446,17.2479401,0.9514395,13.3182631,32,73.0468292,52982.457,12519.6758
2600,25.6148376,25.8236446,17.2479401,0.9514395,13.3182631,33,73.8475723,53510.0391,12024.3633
2600,25.6148376,25.8236446,17.2479401,0.9514395,13.3182631,34,74.6272812,54037.6211,11574.5791
2600,25.6148376,25.8236446,17.2479401,0.9514395,13.3182631,35,75.3602905,54565.207,11206.8252
2600,25.6148376,25.8236446,17.2479401,0.9514395,13.3182631,36,76.0129166,55092.8672,10958.9785
2600,25.6148376,25.8236446,17.2479401,0.9514395,13.3182631,37,76.5612488,55621.4805,10847.8008
2600,25.6148376,25.8236446,17.2479401,0.9514395,13.3182631,38,77.017868,56157.75,10842.1934
2600,25.6148376,25.8236446,17.2479401,0.9514395,13.3182631,39,77.4565659,56732.3633,10842.4395
2600,25.6148376,25.8236446,17.2479401,0.9514395,13.3182631,40,78.1578598,57423.1875,10431.4277
2600,25.6148376,25.8236446,17.2479401,0.9514395,13.3182631,41,79.2271194,58314.0781,9572.80859
2600,25.6148376,25.8236446,17.2479401,0.9514395,13.3182631,42,80.5036545,59360.0859,8527.67969
2600,25.6148376,25.8236446,17.2479401,0.9514395,13.3182631,43,81.1902466,59922.4336,7965.33936
2600,25.6148376,25.8236446,17.2479401,0.9514395,13.3182631,44,81.834404,60450.0156,7437.75684
2600,25.6148376,25.8236446,17.2479401,0.9514395,13.3182631,45,82.4785538,60977.5977,6910.17432
2600,25.6148376,25.8236446,17.2479401,0.9514395,13.3182631,46,83.1227036,61505.1836,6382.5918
2600,25.6148376,25.8236446,17.2479401,0.9514395,13.3182631,47,83.766861,62032.7656,5855.00928
2600,25.6148376,25.8236446,17.2479401,0.9514395,13.3182631,48,84.4110107,62560.3477,5327.42676
2600,25.6148376,25.8236446,17.2479401,0.9514395,13.3182631,49,85.0551605,63087.9297,4799.84424
2600,25.6148376,25.8236446,17.2479401,0.9514395,13.3182631,50,85.6993179,63615.5117,4272.26172
2600,25.6148376,25.8236446,17.2479401,0.9514395,13.3182631,51,85.7142868,63627.7734,4260
2600,25.6148376,25.8236446,17.2479401,0.9514395,13.3182631,52,87.2307892,64080.8984,3815.38037
2600,25.6148376,25.8236446,17.2479401,0.9514395,13.3182631,53,88.7091064,64534.0234,3416.68896
2600,25.6148376,25.8236446,17.2479401,0.9514395,13.3182631,54,90.0093842,64987.1719,3162.03101
2600,25.6148376,25.8236446,17.2479401,0.9514395,13.3182631,55,90.9702454,65443.0117,3118.58911
2600,25.6148376,25.8236446,17.2479401,0.9514395,13.3182631,56,91.9177246,65963.9922,3043.7937
2600,25.6148376,25.8236446,17.2479401,0.9514395,13.3182631,57,94.0450516,66772.6719,2248.01587
2600,25.6148376,25.8236446,17.2479401,0.9514395,13.3182631,58,95.2727966,67236.1484,1784.53857
2600,25.6148376,25.8236446,17.2479401,0.9514395,13.3182631,59,96.473114,67689.2734,1331.41321
2600,25.6148376,25.8236446,17.2479401,0.9514395,13.3182631,60,97.6734314,68142.3984,878.287842
2700,0.660559595,28.9589977,19.8353539,20.6239262,8.52574539,0,0,0,54912
2700,0.660559595,28.9589977,19.8353539,20.6239262,8.52574539,1,6.83666182,4082.43042,50890.3398
2700,0.660559595,28.9589977,19.8353539,20.6239262,8.52574539,2,13.4060602,8164.86279,47224.0977
2700,0.660559595,28.9589977,19.8353539,20.6239262,8.52574539,3,18.8536873,12248.6348,44582.9961
2700,0.660559595,28.9589977,19.8353539,20.6239262,8.52574539,4,22.982523,16460.7715,42877.6094
2700,0.660559595,28.9589977,19.8353539,20.6239262,8.52574539,5,30.4463139,22172.7344,37986.0352
2700,0.660559595,28.9589977,19.8353539,20.6239262,8.52574539,6,36.2361183,26770.5293,34226.3789
2700,0.660559595,28.9589977,19.8353539,20.6239262,8.52574539,7,37.3724632,28356.123,33639.1562
2700,0.660559595,28.9589977,19.8353539,20.6239262,8.52574539,8,38.6626167,30001.2617,32482.4121
2700,0.660559595,28.9589977,19.8353539,20.6239262,8.52574539,9,40.7952499,32245.748,30264.1367
2700,0.660559595,28.9589977,19.8353539,20.6239262,8.52574539,10,42.8571434,34398.0312,28112
2700,0.660559595,28.9589977,19.8353539,20.6239262,8.52574539,11,42.8571434,34398.0312,28112
2700,0.660559595,28.9589977,19.8353539,20.6239262,8.52574539,12,42.8571434,34398.0312,28112
2700,0.660559595,28.9589977,19.8353539,20.6239262,8.52574539,13,44.7127609,35602.2344,26918.4961
2700,0.660559595,28.9589977,19.8353539,20.6239262,8.52574539,14,46.5468674,36806.4336,25768.3418
2700,0.660559595,28.9589977,19.8353539,20.6239262,8.52574539,15,50.5979156,38870.875,23906.2949
2700,0.660559595,28.9589977,19.8353539,20.6239262,8.52574539,16,54.318325,40935.4883,22386.166
2700,0.660559595,28.9589977,19.8353539,20.6239262,8.52574539,17,57.3581619,43007.2227,21395.166
2700,0.660559595,28.9589977,19.8353539,20.6239262,8.52574539,18,59.6823921,45184.7188,20754.998
2700,0.660559595,28.9589977,19.8353539,20.6239262,8.52574539,19,63.0336456,47969.1445,18782.6875
2700,0.660559595,28.9589977,19.8353539,20.6239262,8.52574539,20,69.0702209,51901.0977,14870.1777
2700,0.660559595,28.9589977,19.8353539,20.6239262,8.52574539,21,71.3957062,53195.4727,13575.8047
2700,0.660559595,28.9589977,19.8353539,20.6239262,8.52574539,22,71.4285736,53211.2773,13560
2700,0.660559595,28.9589977,19.8353539,20.6239262,8.52574539,23,72.6665649,54017.5469,12757.584
2700,0.660559595,28.9589977,19.8353539,20.6239262,8.52574539,24,73.9011612,54823.8164,11964.1064
2700,0.660559595,28.9589977,19.8353539,20.6239262,8.52574539,25,75.1231079,55630.0859,11194.0254
2700,0.660559595,28.9589977,19.8353539,20.6239262,8.52574539,26,76.3090897,56436.3516,10475.002
2700,0.660559595,28.9589977,19.8353539,20.6239262,8.52574539,27,77.4155579,57242.6289,9847.96582
2700,0.660559595,28.9589977,19.8353539,20.6239262,8.52574539,28,78.3861694,58049.0156,9355.36523
2700,0.660559595,28.9589977,19.8353539,20.6239262,8.52574539,29,79.1825867,58856.8633,9015.63184
2700,0.660559595,28.9589977,19.8353539,20.6239262,8.52574539,30,79.8277512,59676.4766,8791.11328
2700,0.660559595,28.9589977,19.8353539,20.6239262,8.52574539,31,80.4407043,60554.9727,8557.27051
2700,0.660559595,28.9589977,19.8353539,20.6239262,8.52574539,32,81.4672241,61611.9531,7814.07764
2700,0.660559595,28.9589977,19.8353539,20.6239262,8.52574539,33,83.0622482,62976.1914,6486.02734
2700,0.660559595,28.9589977,19.8353539,20.6239262,8.52574539,34,84.9702835,64578.668,4884.54004
2700,0.660559595,28.9589977,19.8353539,20.6239262,8.52574539,35,85.7142868,65203.2148,4260
2700,0.660559595,28.9589977,19.8353539,20.6239262,8.52574539,36,85.7142868,65203.2148,4260
2700,0.660559595,28.9589977,19.8353539,20.6239262,8.52574539,37,85.7142868,65203.2148,4260
2700,0.660559595,28.9589977,19.8353539,20.6239262,8.52574539,38,88.0312958,65895.6953,3577.05786
2700,0.660559595,28.9589977,19.8353539,20.6239262,8.52574539,39,90.2829895,66588.1719,2945.62036
2700,0.660559595,28.9589977,19.8353539,20.6239262,8.52574539,40,92.2324295,67280.6875,2475.69458
2700,0.660559595,28.9589977,19.8353539,20.6239262,8.52574539,41,93.6156464,67977.3438,2241.51392
2700,0.660559595,28.9589977,19.8353539,20.6239262,8.52574539,42,94.9622498,68774.0391,1945.17749
2700,0.660559595,28.9589977,19.8353539,20.6239262,8.52574539,43,98.1373215,70012.5781,721.102844
2700,0.660559595,28.9589977,19.8353539,20.6239262,8.52574539,44,99.9671402,70720.9609,12.7225361
2700,0.660559595,28.9589977,19.8353539,20.6239262,8.52574539,45,100,70733.6797,0
2700,0.660559595,28.9589977,19.8353539,20.6239262,8.52574539,46,100,70733.6797,0
2700,0.660559595,28.9589977,19.8353539,20.6239262,8.52574539,47,100,70733.6797,0
2700,0.660559595,28.9589977,19.8353539,20.6239262,8.52574539,48,100,70733.6797,0
2700,0.660559595,28.9589977,19.8353539,20.6239262,8.52574539,49,100,70733.6797,0
2700,0.660559595,28.9589977,19.8353539,20.6239262,8.52574539,50,100,70733.6797,0
2700,0.660559595,28.9589977,19.8353539,20.6239262,8.52574539,51,100,70733.6797,0
2700,0.660559595,28.9589977,19.8353539,20.6239262,8.52574539,52,100,70733.6797,0
2700,0.660559595,28.9589977,19.8353539,20.6239262,8.52574539,53,100,70733.6797,0
2700,0.660559595,28.9589977,19.8353539,20.6239262,8.52574539,54,100,70733.6797,0
2700,0.660559595,28.9589977,19.8353539,20.6239262,8.52574539,55,100,70733.6797,0
2700,0.660559595,28.9589977,19.8353539,20.6239262,8.52574539,56,100,70733.6797,0
2700,0.660559595,28.9589977,19.8353539,20.6239262,8.52574539,57,100,70733.6797,0
2700,0.660559595,28.9589977,19.8353539,20.6239262,8.52574539,58,100,70733.6797,0
2700,0.660559595,28.9589977,19.8353539,20.6239262,8.52574539,59,100,70733.6797,0
2700,0.660559595,28.9589977,19.8353539,20.6239262,8.52574539,60,100,70733.6797,0
2800,25.5224457,4.71937561,27.6153755,4.23681307,23.6415997,0,0,0,54912
2800,25.5224457,4.71937561,27.6153755,4.23681307,23.6415997,1,5.05818892,3013.29736,51908.6055
2800,25.5224457,4.71937561,27.6153755,4.23681307,23.6415997,2,10.0833979,6026.59668,48963.1328
2800,25.5224457,4.71937561,27.6153755,4.23681307,23.6415997,3,14.9585886,9041.29395,46183.543
2800,25.5224457,4.71937561,27.6153755,4.23681307,23.6415997,4,19.8179569,12189.9785,43443.3789
2800,25.5224457,4.71937561,27.6153755,4.23681307,23.6415997,5,27.6678314,16904.1719,38862.8828
2800,25.5224457,4.71937561,27.6153755,4.23681307,23.6415997,6,33.4248772,20455.4023,35448.2383
2800,25.5224457,4.71937561,27.6153755,4.23681307,23.6415997,7,36.3703728,22487.7598,33578.5859
2800,25.5224457,4.71937561,27.6153755,4.23681307,23.6415997,8,37.8912163,23821.3418,32324.5957
2800,25.5224457,4.71937561,27.6153755,4.23681307,23.6415997,9,40.1966515,25780.5195,30369.6895
2800,25.5224457,4.71937561,27.6153755,4.23681307,23.6415997,10,42.5333862,27763.4922,28386.7402
2800,25.5224457,4.71937561,27.6153755,4.23681307,23.6415997,11,42.8571434,28038.2324,28112
2800,25.5224457,4.71937561,27.6153755,4.23681307,23.6415997,12,42.8571434,28038.2324,28112
2800,25.5224457,4.71937561,27.6153755,4.23681307,23.6415997,13,44.2281227,28927.0703,27224.9062
2800,25.5224457,4.71937561,27.6153755,4.23681307,23.6415997,14,45.5965004,29815.9062,26344.877
2800,25.5224457,4.71937561,27.6153755,4.23681307,23.6415997,15,48.6658859,31339.6973,24854.0703
2800,25.5224457,4.71937561,27.6153755,4.23681307,23.6415997,16,51.6922493,32863.6719,23418.8262
2800,25.5224457,4.71937561,27.6153755,4.23681307,23.6415997,17,54.630661,34395.0742,22063.5488
2800,25.5224457,4.71937561,27.6153755,4.23681307,23.6415997,18,57.594799,36036.875,20672.2852
2800,25.5224457,4.71937561,27.6153755,4.23681307,23.6415997,19,61.6480713,38312.1836,18529.3223
2800,25.5224457,4.71937561,27.6153755,4.23681307,23.6415997,20,68.2386856,41785.2773,15059.4004
2800,25.5224457,4.71937561,27.6153755,4.23681307,23.6415997,21,70.8228607,43049.3945,13795.2842
2800,25.5224457,4.71937561,27.6153755,4.23681307,23.6415997,22,71.4285736,43284.6758,13560
2800,25.5224457,4.71937561,27.6153755,4.23681307,23.6415997,23,72.3426666,43879.793,12965.5098
2800,25.5224457,4.71937561,27.6153755,4.23681307,23.6415997,24,73.2563553,44474.9141,12372.4766
2800,25.5224457,4.71937561,27.6153755,4.23681307,23.6415997,25,74.1685104,45070.0312,11783.2568
2800,25.5224457,4.71937561,27.6153755,4.23681307,23.6415997,26,75.0762558,45665.1484,11202.3564
2800,25.5224457,4.71937561,27.6153755,4.23681307,23.6415997,27,75.9739456,46260.2734,10636.4434
2800,25.5224457,4.71937561,27.6153755,4.23681307,23.6415997,28,76.8535461,46855.5156,10092.3379
2800,25.5224457,4.71937561,27.6153755,4.23681307,23.6415997,29,77.7092209,47452.2812,9571.8584
2800,25.5224457,4.71937561,27.6153755,4.23681307,23.6415997,30,78.5541687,48061.3281,9059.79395
2800,25.5224457,4.71937561,27.6153755,4.23681307,23.6415997,31,79.4662247,48731.8359,8494.34082
2800,25.5224457,4.71937561,27.6153755,4.23681307,23.6415997,32,80.681633,49588.6484,7688.66895
2800,25.5224457,4.71937561,27.6153755,4.23681307,23.6415997,33,82.4033661,50766.168,6517.04346
2800,25.5224457,4.71937561,27.6153755,4.23681307,23.6415997,34,84.4952774,52192.3633,5091.01025
2800,25.5224457,4.71937561,27.6153755,4.23681307,23.6415997,35,85.4500046,52843.2109,4440.16504
2800,25.5224457,4.71937561,27.6153755,4.23681307,23.6415997,36,85.7142868,53023.375,4260
2800,25.5224457,4.71937561,27.6153755,4.23681307,23.6415997,37,85.7142868,53023.375,4260
2800,25.5224457,4.71937561,27.6153755,4.23681307,23.6415997,38,87.4277115,53534.5039,3750.42529
2800,25.5224457,4.71937561,27.6153755,4.23681307,23.6415997,39,89.1331482,54045.6328,3249.2439
2800,25.5224457,4.71937561,27.6153755,4.23681307,23.6415997,40,90.7995224,54556.8008,2774.35303
2800,25.5224457,4.71937561,27.6153755,4.23681307,23.6415997,41,92.3921585,55072.2812,2334.23926
2800,25.5224457,4.71937561,27.6153755,4.23681307,23.6415997,42,94.2537308,55692.1914,1795.87183
2800,25.5224457,4.71937561,27.6153755,4.23681307,23.6415997,43,97.706604,56773.2891,717.128662
2800,25.5224457,4.71937561,27.6153755,4.23681307,23.6415997,44,99.3942947,57301.0195,189.400955
2800,25.5224457,4.71937561,27.6153755,4.23681307,23.6415997,45,100,57490.418,0
2800,25.5224457,4.71937561,27.6153755,4.23681307,23.6415997,46,100,57490.418,0
2800,25.5224457,4.71937561,27.6153755,4.23681307,23.6415997,47,100,57490.418,0
2800,25.5224457,4.71937561,27.6153755,4.23681307,23.6415997,48,100,57490.418,0
2800,25.5224457,4.71937561,27.6153755,4.23681307,23.6415997,49,100,57490.418,0
2800,25.5224457,4.71937561,27.6153755,4.23681307,23.6415997,50,100,57490.418,0
2800,25.5224457,4.71937561,27.6153755,4.23681307,23.6415997,51,100,57490.418,0
2800,25.5224457,4.71937561,27.6153755,4.23681307,23.6415997,52,100,57490.418,0
2800,25.5224457,4.71937561,27.6153755,4.23681307,23.6415997,53,100,57490.418,0
2800,25.5224457,4.71937561,27.6153755,4.23681307,23.6415997,54,100,57490.418,0
2800,25.5224457,4.71937561,27.6153755,4.23681307,23.6415997,55,100,57490.418,0
2800,25.5224457,4.71937561,27.6153755,4.23681307,23.6415997,56,100,57490.418,0
2800,25.5224457,4.71937561,27.6153755,4.23681307,23.6415997,57,100,57490.418,0
2800,25.5224457,4.71937561,27.6153755,4.23681307,23.6415997,58,100,57490.418,0
2800,25.5224457,4.71937561,27.6153755,4.23681307,23.6415997,59,100,57490.418,0
2800,25.5224457,4.71937561,27.6153755,4.23681307,23.6415997,60,100,57490.418,0
2900,11.5165424,1.84486592,21.0175514,19.2695217,29.6277275,0,0,0,54912
2900,11.5165424,1.84486592,21.0175514,19.2695217,29.6277275,1,7.21099949,4294.57617,50621.2969
2900,11.5165424,1.84486592,21.0175514,19.2695217,29.6277275,2,14.4035692,8589.1543,46353.2305
2900,11.5165424,1.84486592,21.0175514,19.2695217,29.6277275,3,21.5121994,12884.9971,42149.2969
2900,11.5165424,1.84486592,21.0175514,19.2695217,29.6277275,4,28.6948395,17301.9902,37891.9961
2900,11.5165424,1.84486592,21.0175514,19.2695217,29.6277275,5,36.6711273,22092.8359,33153.4141
2900,11.5165424,1.84486592,21.0175514,19.2695217,29.6277275,6,38.2553215,23420.0977,31879.5449
2900,11.5165424,1.84486592,21.0175514,19.2695217,29.6277275,7,39.8947792,24812.748,30550.4961
2900,11.5165424,1.84486592,21.0175514,19.2695217,29.6277275,8,41.9106369,26501.1719,28893.1875
2900,11.5165424,1.84486592,21.0175514,19.2695217,29.6277275,9,42.8571434,27435.1309,28112
2900,11.5165424,1.84486592,21.0175514,19.2695217,29.6277275,10,42.8571434,27435.1309,28112
2900,11.5165424,1.84486592,21.0175514,19.2695217,29.6277275,11,42.8571434,27435.1309,28112
2900,11.5165424,1.84486592,21.0175514,19.2695217,29.6277275,12,42.8571434,27435.1309,28112
2900,11.5165424,1.84486592,21.0175514,19.2695217,29.6277275,13,44.8112984,28701.9102,26845.9043
2900,11.5165424,1.84486592,21.0175514,19.2695217,29.6277275,14,46.7640038,29968.6875,25582.5684
2900,11.5165424,1.84486592,21.0175514,19.2695217,29.6277275,15,51.152298,32140.4062,23423.7441
2900,11.5165424,1.84486592,21.0175514,19.2695217,29.6277275,16,55.516468,34312.293,21286.5449
2900,11.5165424,1.84486592,21.0175514,19.2695217,29.6277275,17,59.8344421,36490.8906,19176.793
2900,11.5165424,1.84486592,21.0175514,19.2695217,29.6277275,18,64.2259293,38769.3164,16996.3086
2900,11.5165424,1.84486592,21.0175514,19.2695217,29.6277275,19,69.4688721,41517.7734,14299.5859
2900,11.5165424,1.84486592,21.0175514,19.2695217,29.6277275,20,71.4285736,42258.5039,13560
2900,11.5165424,1.84486592,21.0175514,19.2695217,29.6277275,21,71.4285736,42258.5039,13560
2900,11.5165424,1.84486592,21.0175514,19.2695217,29.6277275,22,71.4285736,42258.5039,13560
2900,11.5165424,1.84486592,21.0175514,19.2695217,29.6277275,23,72.7314072,43106.6719,12712.0791
2900,11.5165424,1.84486592,21.0175514,19.2695217,29.6277275,24,74.0340118,43954.8359,11864.7275
2900,11.5165424,1.84486592,21.0175514,19.2695217,29.6277275,25,75.335762,44803.0039,11018.8662
2900,11.5165424,1.84486592,21.0175514,19.2695217,29.6277275,26,76.6350479,45651.1719,10176.2568
2900,11.5165424,1.84486592,21.0175514,19.2695217,29.6277275,27,77.9286957,46499.3438,9339.50391
2900,11.5165424,1.84486592,21.0175514,19.2695217,29.6277275,28,79.212204,47347.625,8511.21387
2900,11.5165424,1.84486592,21.0175514,19.2695217,29.6277275,29,80.4828186,48197.2812,7691.37744
2900,11.5165424,1.84486592,21.0175514,19.2695217,29.6277275,30,81.7533569,49058.0391,6868.5293
2900,11.5165424,1.84486592,21.0175514,19.2695217,29.6277275,31,83.0938492,49974.3789,5993.25977
2900,11.5165424,1.84486592,21.0175514,19.2695217,29.6277275,32,84.7058029,51059.168,4928.45996
2900,11.5165424,1.84486592,21.0175514,19.2695217,29.6277275,33,85.7142868,51729.9336,4260
2900,11.5165424,1.84486592,21.0175514,19.2695217,29.6277275,34,85.7142868,51729.9336,4260
2900,11.5165424,1.84486592,21.0175514,19.2695217,29.6277275,35,85.7142868,51729.9336,4260
2900,11.5165424,1.84486592,21.0175514,19.2695217,29.6277275,36,85.7142868,51729.9336,4260
2900,11.5165424,1.84486592,21.0175514,19.2695217,29.6277275,37,85.7142868,51729.9336,4260
2900,11.5165424,1.84486592,21.0175514,19.2695217,29.6277275,38,88.1568146,52458.3984,3532.14209
2900,11.5165424,1.84486592,21.0175514,19.2695217,29.6277275,39,90.5948868,53186.8672,2807.56519
2900,11.5165424,1.84486592,21.0175514,19.2695217,29.6277275,40,93.0110321,53915.3633,2093.24683
2900,11.5165424,1.84486592,21.0175514,19.2695217,29.6277275,41,95.3897629,54647.7656,1390.30835
2900,11.5165424,1.84486592,21.0175514,19.2695217,29.6277275,42,98.0402985,55474.5898,595.358337
2900,11.5165424,1.84486592,21.0175514,19.2695217,29.6277275,43,100,56070.8711,0
2900,11.5165424,1.84486592,21.0175514,19.2695217,29.6277275,44,100,56070.8711,0
2900,11.5165424,1.84486592,21.0175514,19.2695217,29.6277275,45,100,56070.8711,0
2900,11.5165424,1.84486592,21.0175514,19.2695217,29.6277275,46,100,56070.8711,0
2900,11.5165424,1.84486592,21.0175514,19.2695217,29.6277275,47,100,56070.8711,0
2900,11.5165424,1.84486592,21.0175514,19.2695217,29.6277275,48,100,56070.8711,0
2900,11.5165424,1.84486592,21.0175514,19.2695217,29.6277275,49,100,56070.8711,0
2900,11.5165424,1.84486592,21.0175514,19.2695217,29.6277275,50,100,56070.8711,0
2900,11.5165424,1.84486592,21.0175514,19.2695217,29.6277275,51,100,56070.8711,0
2900,11.5165424,1.84486592,21.0175514,19.2695217,29.6277275,52,100,56070.8711,0
2900,11.5165424,1.84486592,21.0175514,19.2695217,29.6277275,53,100,56070.8711,0
2900,11.5165424,1.84486592,21.0175514,19.2695217,29.6277275,54,100,56070.8711,0
2900,11.5165424,1.84486592,21.0175514,19.2695217,29.6277275,55,100,56070.8711,0
2900,11.5165424,1.84486592,21.0175514,19.2695217,29.6277275,56,100,56070.8711,0
2900,11.5165424,1.84486592,21.0175514,19.2695217,29.6277275,57,100,56070.8711,0
2900,11.5165424,1.84486592,21.0175514,19.2695217,29.6277275,58,100,56070.8711,0
2900,11.5165424,1.84486592,21.0175514,19.2695217,29.6277275,59,100,56070.8711,0
2900,11.5165424,1.84486592,21.0175514,19.2695217,29.6277275,60,100,56070.8711,0
3000,4.63470078,5.99681616,16.5537167,2.35584116,-4.52861929,0,0,0,54912
3000,4.63470078,5.99681616,16.5537167,2.35584116,-4.52861929,1,4.91027546,2925.54688,51999.0391
3000,4.63470078,5.99681616,16.5537167,2.35584116,-4.52861929,2,9.77991772,5851.09521,49159.6719
3000,4.63470078,5.99681616,16.5537167,2.35584116,-4.52861929,3,14.4645147,8777.7168,46531.8008
3000,4.63470078,5.99681616,16.5537167,2.35584116,-4.52861929,4,19.0212784,11807.1807,44021.4336
3000,4.63470078,5.99681616,16.5537167,2.35584116,-4.52861929,5,25.9291439,16038.2588,39960.2422
3000,4.63470078,5.99681616,16.5537167,2.35584116,-4.52861929,6,31.2485714,19376.6992,36795.3594
3000,4.63470078,5.99681616,16.5537167,2.35584116,-4.52861929,7,35.8624191,22363.8066,34014.9961
3000,4.63470078,5.99681616,16.5537167,2.35584116,-4.52861929,8,37.3948364,23678.5273,32801.4141
3000,4.63470078,5.99681616,16.5537167,2.35584116,-4.52861929,9,39.3610611,25370.6367,31114.7305
3000,4.63470078,5.99681616,16.5537167,2.35584116,-4.52861929,10,41.3524208,27081.0117,29404.3867
3000,4.63470078,5.99681616,16.5537167,2.35584116,-4.52861929,11,42.3994789,27980.3164,28505.0801
3000,4.63470078,5.99681616,16.5537167,2.35584116,-4.52861929,12,42.8571434,28373.3965,28112
3000,4.63470078,5.99681616,16.5537167,2.35584116,-4.52861929,13,44.1881332,29236.3496,27251.2617
3000,4.63470078,5.99681616,16.5537167,2.35584116,-4.52861929,14,45.5159073,30099.3027,26399.5
3000,4.63470078,5.99681616,16.5537167,2.35584116,-4.52861929,15,48.4917564,31578.7188,24961.9961
3000,4.63470078,5.99681616,16.5537167,2.35584116,-4.52861929,16,51.4146385,33058.2773,23595.1895
3000,4.63470078,5.99681616,16.5537167,2.35584116,-4.52861929,17,54.2249413,34543.5352,22333.7285
3000,4.63470078,5.99681616,16.5537167,2.35584116,-4.52861929,18,56.9900856,36113.5312,21082.084
3000,4.63470078,5.99681616,16.5537167,2.35584116,-4.52861929,19,60.5885391,38169.7773,19194.0078
3000,4.63470078,5.99681616,16.5537167,2.35584116,-4.52861929,20,66.1745148,41145.3906,16222.4238
3000,4.63470078,5.99681616,16.5537167,2.35584116,-4.52861929,21,69.0385208,42640.957,14726.8574
3000,4.63470078,5.99681616,16.5537167,2.35584116,-4.52861929,22,71.3778992,43787.8867,13579.9287
3000,4.63470078,5.99681616,16.5537167,2.35584116,-4.52861929,23,71.4285736,43807.8125,13560
3000,4.63470078,5.99681616,16.5537167,2.35584116,-4.52861929,24,72.3160324,44385.6016,12983.0107
3000,4.63470078,5.99681616,16.5537167,2.35584116,-4.52861929,25,73.2029877,44963.3867,12407.8721
3000,4.63470078,5.99681616,16.5537167,2.35584116,-4.52861929,26,74.0880585,45541.1758,11837.5791
3000,4.63470078,5.99681616,16.5537167,2.35584116,-4.52861929,27,74.9676819,46118.9648,11277.8574
3000,4.63470078,5.99681616,16.5537167,2.35584116,-4.52861929,28,75.834938,46696.7539,10737.1826
3000,4.63470078,5.99681616,16.5537167,2.35584116,-4.52861929,29,76.679924,47274.6367,10224.2783
3000,4.63470078,5.99681616,16.5537167,2.35584116,-4.52861929,30,77.4946899,47853.6914,9742.16211
3000,4.63470078,5.99681616,16.5537167,2.35584116,-4.52861929,31,78.2882996,48442.168,9276.91699
3000,4.63470078,5.99681616,16.5537167,2.35584116,-4.52861929,32,79.1227646,49077.8242,8774.75586
3000,4.63470078,5.99681616,16.5537167,2.35584116,-4.52861929,33,80.2013321,49856.4727,8061.08496
3000,4.63470078,5.99681616,16.5537167,2.35584116,-4.52861929,34,81.6798859,50881.2891,7043.76367
3000,4.63470078,5.99681616,16.5537167,2.35584116,-4.52861929,35,83.4414825,52096.9727,5828.28418
3000,4.63470078,5.99681616,16.5537167,2.35584116,-4.52861929,36,84.3408127,52717.5352,5207.72363
3000,4.63470078,5.99681616,16.5537167,2.35584116,-4.52861929,37,85.1781616,53295.3242,4629.93604
3000,4.63470078,5.99681616,16.5537167,2.35584116,-4.52861929,38,85.7142868,53665.2578,4260
3000,4.63470078,5.99681616,16.5537167,2.35584116,-4.52861929,39,87.3776474,54161.5039,3765.73047
3000,4.63470078,5.99681616,16.5537167,2.35584116,-4.52861929,40,89.0311737,54657.75,3282.12671
3000,4.63470078,5.99681616,16.5537167,2.35584116,-4.52861929,41,90.6366348,55154.0195,2831.94775
3000,4.63470078,5.99681616,16.5537167,2.35584116,-4.52861929,42,92.145874,55653.6055,2428.13086
3000,4.63470078,5.99681616,16.5537167,2.35584116,-4.52861929,43,93.8307037,56233.3477,1952.00537
3000,4.63470078,5.99681616,16.5537167,2.35584116,-4.52861929,44,96.7744141,57167.0742,1021.27173
3000,4.63470078,5.99681616,16.5537167,2.35584116,-4.52861929,45,98.3819962,57676.0586,512.287109
3000,4.63470078,5.99681616,16.5537167,2.35584116,-4.52861929,46,99.9493332,58172.3047,16.0424862
3000,4.63470078,5.99681616,16.5537167,2.35584116,-4.52861929,47,100,58188.3477,0
3000,4.63470078,5.99681616,16.5537167,2.35584116,-4.52861929,48,100,58188.3477,0
3000,4.63470078,5.99681616,16.5537167,2.35584116,-4.52861929,49,100,58188.3477,0
3000,4.63470078,5.99681616,16.5537167,2.35584116,-4.52861929,50,100,58188.3477,0
3000,4.63470078,5.99681616,16.5537167,2.35584116,-4.52861929,51,100,58188.3477,0
3000,4.63470078,5.99681616,16.5537167,2.35584116,-4.52861929,52,100,58188.3477,0
3000,4.63470078,5.99681616,16.5537167,2.35584116,-4.52861929,53,100,58188.3477,0
3000,4.63470078,5.99681616,16.5537167,2.35584116,-4.52861929,54,100,58188.3477,0
3000,4.63470078,5.99681616,16.5537167,2.35584116,-4.52861929,55,100,58188.3477,0
3000,4.63470078,5.99681616,16.5537167,2.35584116,-4.52861929,56,100,58188.3477,0
3000,4.63470078,5.99681616,16.5537167,2.35584116,-4.52861929,57,100,58188.3477,0
3000,4.63470078,5.99681616,16.5537167,2.35584116,-4.52861929,58,100,58188.3477,0
3000,4.63470078,5.99681616,16.5537167,2.35584116,-4.52861929,59,100,58188.3477,0
3000,4.63470078,5.99681616,16.5537167,2.35584116,-4.52861929,60,100,58188.3477,0
3100,18.697401,29.3215942,0.0432155021,18.924675,26.0489655,0,0,0,54912
3100,18.697401,29.3215942,0.0432155021,18.924675,26.0489655,1,6.40702581,3826.01392,51147.5156
3100,18.697401,29.3215942,0.0432155021,18.924675,26.0489655,2,12.5605326,7652.02783,47742.9023
3100,18.697401,29.3215942,0.0432155021,18.924675,26.0489655,3,17.6492863,11478.0439,45377.6211
3100,18.697401,29.3215942,0.0432155021,18.924675,26.0489655,4,21.3132782,15304.2891,44089.5156
3100,18.697401,29.3215942,0.0432155021,18.924675,26.0489655,5,26.0598412,19133.209,41091.2539
3100,18.697401,29.3215942,0.0432155021,18.924675,26.0489655,6,30.765173,22960.1406,38112.957
3100,18.697401,29.3215942,0.0432155021,18.924675,26.0489655,7,35.278019,26786.293,35297.6797
3100,18.697401,29.3215942,0.0432155021,18.924675,26.0489655,8,37.5773239,28949.9707,33628.5078
3100,18.697401,29.3215942,0.0432155021,18.924675,26.0489655,9,38.6866646,30127.832,32477.1855
3100,18.697401,29.3215942,0.0432155021,18.924675,26.0489655,10,39.8119125,31305.7344,31299.4336
3100,18.697401,29.3215942,0.0432155021,18.924675,26.0489655,11,40.9355392,32481.8301,30123.3379
3100,18.697401,29.3215942,0.0432155021,18.924675,26.0489655,12,42.059166,33657.9258,28947.2402
3100,18.697401,29.3215942,0.0432155021,18.924675,26.0489655,13,42.8571434,34493.168,28112
3100,18.697401,29.3215942,0.0432155021,18.924675,26.0489655,14,44.5961838,35621.7344,26994.2656
3100,18.697401,29.3215942,0.0432155021,18.924675,26.0489655,15,48.4862366,37556.5039,25126.2168
3100,18.697401,29.3215942,0.0432155021,18.924675,26.0489655,16,52.2194023,39491.2734,23461.1543
3100,18.697401,29.3215942,0.0432155021,18.924675,26.0489655,17,55.4143219,41426.0469,22280.8828
3100,18.697401,29.3215942,0.0432155021,18.924675,26.0489655,18,57.6961327,43360.8359,21742.0762
3100,18.697401,29.3215942,0.0432155021,18.924675,26.0489655,19,59.4481506,45296.0312,21411.1211
3100,18.697401,29.3215942,0.0432155021,18.924675,26.0489655,20,62.3154221,47233.0625,19685.207
3100,18.697401,29.3215942,0.0432155021,18.924675,26.0489655,21,65.3345795,49169.9922,17749.7793
3100,18.697401,29.3215942,0.0432155021,18.924675,26.0489655,22,68.3523178,51104.7617,15815.0088
3100,18.697401,29.3215942,0.0432155021,18.924675,26.0489655,23,70.6084442,52672.2031,14247.5664
3100,18.697401,29.3215942,0.0432155021,18.924675,26.0489655,24,71.4285736,53359.7695,13560
3100,18.697401,29.3215942,0.0432155021,18.924675,26.0489655,25,72.5887985,54115.3984,12808.2734
3100,18.697401,29.3215942,0.0432155021,18.924675,26.0489655,26,73.7458038,54871.0234,12065.5977
3100,18.697401,29.3215942,0.0432155021,18.924675,26.0489655,27,74.8908081,55626.6523,11346.6113
3100,18.697401,29.3215942,0.0432155021,18.924675,26.0489655,28,76.0017014,56382.2773,10679.3223
3100,18.697401,29.3215942,0.0432155021,18.924675,26.0489655,29,77.037178,57137.9023,10105.1777
3100,18.697401,29.3215942,0.0432155021,18.924675,26.0489655,30,77.9437943,57893.5312,9667.26758
3100,18.697401,29.3215942,0.0432155021,18.924675,26.0489655,31,78.6837463,58649.1602,9385.61523
3100,18.697401,29.3215942,0.0432155021,18.924675,26.0489655,32,79.2667694,59404.8125,9232.50781
3100,18.697401,29.3215942,0.0432155021,18.924675,26.0489655,33,79.7535019,60160.5664,9129.47949
3100,18.697401,29.3215942,0.0432155021,18.924675,26.0489655,34,80.4338608,60916.6406,8691.12207
3100,18.697401,29.3215942,0.0432155021,18.924675,26.0489655,35,81.3053131,61673.2617,7971.14111
3100,18.697401,29.3215942,0.0432155021,18.924675,26.0489655,36,82.2038116,62430.3086,7215.09521
3100,18.697401,29.3215942,0.0432155021,18.924675,26.0489655,37,83.1015625,63186.0312,6459.37988
3100,18.697401,29.3215942,0.0432155021,18.924675,26.0489655,38,83.9991989,63941.6602,5703.75293
3100,18.697401,29.3215942,0.0432155021,18.924675,26.0489655,39,84.8968353,64697.2852,4948.12598
3100,18.697401,29.3215942,0.0432155021,18.924675,26.0489655,40,85.7142868,65385.4102,4260
3100,18.697401,29.3215942,0.0432155021,18.924675,26.0489655,41,87.885704,66034.3984,3620.67188
3100,18.697401,29.3215942,0.0432155021,18.924675,26.0489655,42,89.995163,66683.3828,3033.49341
3100,18.697401,29.3215942,0.0432155021,18.924675,26.0489655,43,91.8180084,67332.3672,2609.88403
3100,18.697401,29.3215942,0.0432155021,18.924675,26.0489655,44,93.0942383,67981.3594,2429.15039
3100,18.697401,29.3215942,0.0432155021,18.924675,26.0489655,45,94.0948334,68630.5312,2286.60449
3100,18.697401,29.3215942,0.0432155021,18.924675,26.0489655,46,95.7467957,69280.4922,1651.2887
3100,18.697401,29.3215942,0.0432155021,18.924675,26.0489655,47,97.4184494,69929.5078,1002.27704
3100,18.697401,29.3215942,0.0432155021,18.924675,26.0489655,48,99.0900345,70578.4922,353.291107
3100,18.697401,29.3215942,0.0432155021,18.924675,26.0489655,49,100,70931.7891,0
3100,18.697401,29.3215942,0.0432155021,18.924675,26.0489655,50,100,70931.7891,0
3100,18.697401,29.3215942,0.0432155021,18.924675,26.0489655,51,100,70931.7891,0
3100,18.697401,29.3215942,0.0432155021,18.924675,26.0489655,52,100,70931.7891,0
3100,18.697401,29.3215942,0.0432155021,18.924675,26.0489655,53,100,70931.7891,0
3100,18.697401,29.3215942,0.0432155021,18.924675,26.0489655,54,100,70931.7891,0
3100,18.697401,29.3215942,0.0432155021,18.924675,26.0489655,55,100,70931.7891,0
3100,18.697401,29.3215942,0.0432155021,18.924675,26.0489655,56,100,70931.7891,0
3100,18.697401,29.3215942,0.0432155021,18.924675,26.0489655,57,100,70931.7891,0
3100,18.697401,29.3215942,0.0432155021,18.924675,26.0489655,58,100,70931.7891,0
3100,18.697401,29.3215942,0.0432155021,18.924675,26.0489655,59,100,70931.7891,0
3100,18.697401,29.3215942,0.0432155021,18.924675,26.0489655,60,100,70931.7891,0
3200,22.7276192,0.47238493,9.39571095,24.8124561,21.0527267,0,0,0,54912
3200,22.7276192,0.47238493,9.39571095,24.8124561,21.0527267,1,6.1549015,3665.11523,51247.875
3200,22.7276192,0.47238493,9.39571095,24.8124561,21.0527267,2,12.3057699,7330.23145,47589.5508
3200,22.7276192,0.47238493,9.39571095,24.8124561,21.0527267,3,18.43857,10995.8408,43947.4727
3200,22.7276192,0.47238493,9.39571095,24.8124561,21.0527267,4,24.6263657,14708.748,40275.457
3200,22.7276192,0.47238493,9.39571095,24.8124561,21.0527267,5,31.8700237,18974.2832,36023.3047
3200,22.7276192,0.47238493,9.39571095,24.8124561,21.0527267,6,36.8930092,22052.3496,32958.9062
3200,22.7276192,0.47238493,9.39571095,24.8124561,21.0527267,7,38.3005295,23207.3008,31820.2441
3200,22.7276192,0.47238493,9.39571095,24.8124561,21.0527267,8,39.8538628,24477.7188,30557.793
3200,22.7276192,0.47238493,9.39571095,24.8124561,21.0527267,9,41.6845474,25968.9746,29066.9648
3200,22.7276192,0.47238493,9.39571095,24.8124561,21.0527267,10,42.8571434,26923.9414,28112
3200,22.7276192,0.47238493,9.39571095,24.8124561,21.0527267,11,42.8571434,26923.9414,28112
3200,22.7276192,0.47238493,9.39571095,24.8124561,21.0527267,12,42.8571434,26923.9414,28112
3200,22.7276192,0.47238493,9.39571095,24.8124561,21.0527267,13,44.5249672,28005.0449,27031.0703
3200,22.7276192,0.47238493,9.39571095,24.8124561,21.0527267,14,46.1924744,29086.1504,25950.8457
3200,22.7276192,0.47238493,9.39571095,24.8124561,21.0527267,15,49.9432106,30939.5566,24100.7422
3200,22.7276192,0.47238493,9.39571095,24.8124561,21.0527267,16,53.6886902,32793.0273,22256.1523
3200,22.7276192,0.47238493,9.39571095,24.8124561,21.0527267,17,57.4257431,34649.1211,20417.6875
3200,22.7276192,0.47238493,9.39571095,24.8124561,21.0527267,18,61.2062263,36544.1836,18547.7012
3200,22.7276192,0.47238493,9.39571095,24.8124561,21.0527267,19,65.3841248,38662.8789,16442.2539
3200,22.7276192,0.47238493,9.39571095,24.8124561,21.0527267,20,70.3959961,41161.082,13944.3682
3200,22.7276192,0.47238493,9.39571095,24.8124561,21.0527267,21,71.4285736,41545.4492,13560
3200,22.7276192,0.47238493,9.39571095,24.8124561,21.0527267,22,71.4285736,41545.4492,13560
3200,22.7276192,0.47238493,9.39571095,24.8124561,21.0527267,23,72.5404663,42269.3008,12836.2129
3200,22.7276192,0.47238493,9.39571095,24.8124561,21.0527267,24,73.6523132,42993.1523,12112.5723
3200,22.7276192,0.47238493,9.39571095,24.8124561,21.0527267,25,74.7639771,43717,11389.3125
3200,22.7276192,0.47238493,9.39571095,24.8124561,21.0527267,26,75.8750992,44440.8516,10666.8857
3200,22.7276192,0.47238493,9.39571095,24.8124561,21.0527267,27,76.9849854,45164.7031,9945.95703
3200,22.7276192,0.47238493,9.39571095,24.8124561,21.0527267,28,78.0926666,45888.5977,9227.18164
3200,22.7276192,0.47238493,9.39571095,24.8124561,21.0527267,29,79.1978607,46613.0273,8510.38574
3200,22.7276192,0.47238493,9.39571095,24.8124561,21.0527267,30,80.3059158,47341.793,7791.32666
3200,22.7276192,0.47238493,9.39571095,24.8124561,21.0527267,31,81.443985,48092.2578,7051.37842
3200,22.7276192,0.47238493,9.39571095,24.8124561,21.0527267,32,82.6864929,48908.4844,6240.26953
3200,22.7276192,0.47238493,9.39571095,24.8124561,21.0527267,33,84.1067886,49837.9258,5311.41992
3200,22.7276192,0.47238493,9.39571095,24.8124561,21.0527267,34,85.6619797,50855.1484,4294.21387
3200,22.7276192,0.47238493,9.39571095,24.8124561,21.0527267,35,85.7142868,50889.3633,4260
3200,22.7276192,0.47238493,9.39571095,24.8124561,21.0527267,36,85.7142868,50889.3633,4260
3200,22.7276192,0.47238493,9.39571095,24.8124561,21.0527267,37,85.7142868,50889.3633,4260
3200,22.7276192,0.47238493,9.39571095,24.8124561,21.0527267,38,87.7990341,51511.0547,3638.46191
3200,22.7276192,0.47238493,9.39571095,24.8124561,21.0527267,39,89.8828049,52132.75,3017.76416
3200,22.7276192,0.47238493,9.39571095,24.8124561,21.0527267,40,91.9617767,52754.457,2399.68848
3200,22.7276192,0.47238493,9.39571095,24.8124561,21.0527267,41,94.0346909,53377.6875,1784.00256
3200,22.7276192,0.47238493,9.39571095,24.8124561,21.0527267,42,96.2218246,54037.7812,1132.07104
3200,22.7276192,0.47238493,9.39571095,24.8124561,21.0527267,43,98.9674225,54860.6758,309.412354
3200,22.7276192,0.47238493,9.39571095,24.8124561,21.0527267,44,100,55170.0859,0
3200,22.7276192,0.47238493,9.39571095,24.8124561,21.0527267,45,100,55170.0859,0
3200,22.7276192,0.47238493,9.39571095,24.8124561,21.0527267,46,100,55170.0859,0
3200,22.7276192,0.47238493,9.39571095,24.8124561,21.0527267,47,100,55170.0859,0
3200,22.7276192,0.47238493,9.39571095,24.8124561,21.0527267,48,100,55170.0859,0
3200,22.7276192,0.47238493,9.39571095,24.8124561,21.0527267,49,100,55170.0859,0
3200,22.7276192,0.47238493,9.39571095,24.8124561,21.0527267,50,100,55170.0859,0
3200,22.7276192,0.47238493,9.39571095,24.8124561,21.0527267,51,100,55170.0859,0
3200,22.7276192,0.47238493,9.39571095,24.8124561,21.0527267,52,100,55170.0859,0
3200,22.7276192,0.47238493,9.39571095,24.8124561,21.0527267,53,100,55170.0859,0
3200,22.7276192,0.47238493,9.39571095,24.8124561,21.0527267,54,100,55170.0859,0
3200,22.7276192,0.47238493,9.39571095,24.8124561,21.0527267,55,100,55170.0859,0
3200,22.7276192,0.47238493,9.39571095,24.8124561,21.0527267,56,100,55170.0859,0
3200,22.7276192,0.47238493,9.39571095,24.8124561,21.0527267,57,100,55170.0859,0
3200,22.7276192,0.47238493,9.39571095,24.8124561,21.0527267,58,100,55170.0859,0
3200,22.7276192,0.47238493,9.39571095,24.8124561,21.0527267,59,100,55170.0859,0
3200,22.7276192,0.47238493,9.39571095,24.8124561,21.0527267,60,100,55170.0859,0
3300,7.45519686,5.90389061,1.25539339,10.439292,-19.3161297,0,0,0,54912
3300,7.45519686,5.90389061,1.25539339,10.439292,-19.3161297,1,4.34506178,2588.76855,52335.6211
3300,7.45519686,5.90389061,1.25539339,10.439292,-19.3161297,2,8.65472031,5177.53711,49831.6992
3300,7.45519686,5.90389061,1.25539339,10.439292,-19.3161297,3,12.8015242,7766.38477,47536.9727
3300,7.45519686,5.90389061,1.25539339,10.439292,-19.3161297,4,16.6906433,10362.8008,45451.6094
3300,7.45519686,5.90389061,1.25539339,10.439292,-19.3161297,5,20.9290695,13047.6494,42934.0117
3300,7.45519686,5.90389061,1.25539339,10.439292,-19.3161297,6,25.0489197,15666.8047,40485.7305
3300,7.45519686,5.90389061,1.25539339,10.439292,-19.3161297,7,29.0778732,18260.1035,38095.9688
3300,7.45519686,5.90389061,1.25539339,10.439292,-19.3161297,8,33.1630669,20871.8809,35583.7617
3300,7.45519686,5.90389061,1.25539339,10.439292,-19.3161297,9,37.018013,23338.2188,33122.7656
3300,7.45519686,5.90389061,1.25539339,10.439292,-19.3161297,10,38.0148773,24193.6836,32267.332
3300,7.45519686,5.90389061,1.25539339,10.439292,-19.3161297,11,38.9422035,24989.459,31471.5586
3300,7.45519686,5.90389061,1.25539339,10.439292,-19.3161297,12,39.8695297,25785.2324,30675.7832
3300,7.45519686,5.90389061,1.25539339,10.439292,-19.3161297,13,40.7968559,26581.0059,29880.0098
3300,7.45519686,5.90389061,1.25539339,10.439292,-19.3161297,14,41.7241821,27376.7793,29084.2363
3300,7.45519686,5.90389061,1.25539339,10.439292,-19.3161297,15,44.1234016,28718.0508,27745.3809
3300,7.45519686,5.90389061,1.25539339,10.439292,-19.3161297,16,45.7923584,29440.0098,27038.8809
3300,7.45519686,5.90389061,1.25539339,10.439292,-19.3161297,17,48.3914948,30749.123,25788.3223
3300,7.45519686,5.90389061,1.25539339,10.439292,-19.3161297,18,50.8953781,32058.5371,24607.0508
3300,7.45519686,5.90389061,1.25539339,10.439292,-19.3161297,19,53.3371162,33375.2812,23455.875
3300,7.45519686,5.90389061,1.25539339,10.439292,-19.3161297,20,55.9464073,34724.3984,22205.9648
3300,7.45519686,5.90389061,1.25539339,10.439292,-19.3161297,21,58.3984299,36035.1016,21059.2207
3300,7.45519686,5.90389061,1.25539339,10.439292,-19.3161297,22,60.7981682,37350.5703,19940.041
3300,7.45519686,5.90389061,1.25539339,10.439292,-19.3161297,23,63.3228493,38694.5,18634.959
3300,7.45519686,5.90389061,1.25539339,10.439292,-19.3161297,24,65.9252548,40073.7227,17256.0352
3300,7.45519686,5.90389061,1.25539339,10.439292,-19.3161297,25,67.3167648,40947.0469,16382.7109
3300,7.45519686,5.90389061,1.25539339,10.439292,-19.3161297,26,68.4291077,41710.6602,15619.0977
3300,7.45519686,5.90389061,1.25539339,10.439292,-19.3161297,27,69.5414581,42474.2734,14855.4844
3300,7.45519686,5.90389061,1.25539339,10.439292,-19.3161297,28,70.653801,43237.8867,14091.8721
3300,7.45519686,5.90389061,1.25539339,10.439292,-19.3161297,29,71.4285736,43769.7578,13560
3300,7.45519686,5.90389061,1.25539339,10.439292,-19.3161297,30,72.2138748,44281.0352,13049.5107
3300,7.45519686,5.90389061,1.25539339,10.439292,-19.3161297,31,72.9987335,44792.3086,12540.8438
3300,7.45519686,5.90389061,1.25539339,10.439292,-19.3161297,32,73.7819519,45303.582,12036.9473
3300,7.45519686,5.90389061,1.25539339,10.439292,-19.3161297,33,74.5604248,45814.8555,11543.46
3300,7.45519686,5.90389061,1.25539339,10.439292,-19.3161297,34,75.3281174,46326.1328,11068.7266
3300,7.45519686,5.90389061,1.25539339,10.439292,-19.3161297,35,76.0762863,46837.4141,10621.417
3300,7.45519686,5.90389061,1.25539339,10.439292,-19.3161297,36,76.7967148,47348.7812,10205.4844
3300,7.45519686,5.90389061,1.25539339,10.439292,-19.3161297,37,77.4875717,47860.8438,9814.74512
3300,7.45519686,5.90389061,1.25539339,10.439292,-19.3161297,38,78.1593781,48376.375,9430.63867
3300,7.45519686,5.90389061,1.25539339,10.439292,-19.3161297,39,78.8792572,48902.4336,8968.55371
3300,7.45519686,5.90389061,1.25539339,10.439292,-19.3161297,40,79.6630173,49446.6055,8431.75781
3300,7.45519686,5.90389061,1.25539339,10.439292,-19.3161297,41,80.4725494,50004.8242,7873.73926
3300,7.45519686,5.90389061,1.25539339,10.439292,-19.3161297,42,81.2187195,50519.2461,7359.31787
3300,7.45519686,5.90389061,1.25539339,10.439292,-19.3161297,43,81.9603195,51030.5234,6848.04346
3300,7.45519686,5.90389061,1.25539339,10.439292,-19.3161297,44,82.7019272,51541.7969,6336.76904
3300,7.45519686,5.90389061,1.25539339,10.439292,-19.3161297,45,83.4435349,52053.0703,5825.49463
3300,7.45519686,5.90389061,1.25539339,10.439292,-19.3161297,46,84.1851349,52564.3438,5314.22021
3300,7.45519686,5.90389061,1.25539339,10.439292,-19.3161297,47,84.9267426,53075.6211,4802.9458
3300,7.45519686,5.90389061,1.25539339,10.439292,-19.3161297,48,85.6683426,53586.8945,4291.67139
3300,7.45519686,5.90389061,1.25539339,10.439292,-19.3161297,49,85.7142868,53618.5664,4260
3300,7.45519686,5.90389061,1.25539339,10.439292,-19.3161297,50,87.1861801,54057.6836,3822.82593
3300,7.45519686,5.90389061,1.25539339,10.439292,-19.3161297,51,88.649498,54496.8047,3396.1521
3300,7.45519686,5.90389061,1.25539339,10.439292,-19.3161297,52,90.0708618,54935.9258,3002.41064
3300,7.45519686,5.90389061,1.25539339,10.439292,-19.3161297,53,91.3997726,55375.2891,2657.33008
3300,7.45519686,5.90389061,1.25539339,10.439292,-19.3161297,54,92.6798553,55820.5508,2314.07544
3300,7.45519686,5.90389061,1.25539339,10.439292,-19.3161297,55,94.1652527,56291.8672,1845.70862
3300,7.45519686,5.90389061,1.25539339,10.439292,-19.3161297,56,95.5563812,56731.9258,1405.65283
3300,7.45519686,5.90389061,1.25539339,10.439292,-19.3161297,57,96.9445496,57171.043,966.534058
3300,7.45519686,5.90389061,1.25539339,10.439292,-19.3161297,58,98.3327103,57610.1602,527.415283
3300,7.45519686,5.90389061,1.25539339,10.439292,-19.3161297,59,99.720871,58049.2812,88.2965164
3300,7.45519686,5.90389061,1.25539339,10.439292,-19.3161297,60,100,58137.5781,0
3400,26.853466,20.5152245,23.4145737,6.89951754,-5.5661087,0,0,0,54912
3400,26.853466,20.5152245,23.4145737,6.89951754,-5.5661087,1,3.88518023,2318.0791,52636.9727
3400,26.853466,20.5152245,23.4145737,6.89951754,-5.5661087,2,7.66189671,4636.15967,50613.7305
3400,26.853466,20.5152245,23.4145737,6.89951754,-5.5661087,3,10.9694986,6955.40479,49316.5039
3400,26.853466,20.5152245,23.4145737,6.89951754,-5.5661087,4,13.7716656,9386.22461,48661.5273
3400,26.853466,20.5152245,23.4145737,6.89951754,-5.5661087,5,19.1159096,13120.6885,45508.2461
3400,26.853466,20.5152245,23.4145737,6.89951754,-5.5661087,6,22.9287109,15886.7207,43335.9688
3400,26.853466,20.5152245,23.4145737,6.89951754,-5.5661087,7,26.0156841,18271.5879,41658.3711
3400,26.853466,20.5152245,23.4145737,6.89951754,-5.5661087,8,29.4771023,20928.8457,39347.1055
3400,26.853466,20.5152245,23.4145737,6.89951754,-5.5661087,9,33.5949936,24107.0547,36187.4609
3400,26.853466,20.5152245,23.4145737,6.89951754,-5.5661087,10,37.741478,27305.0801,32989.543
3400,26.853466,20.5152245,23.4145737,6.89951754,-5.5661087,11,38.8105011,28233.957,32060.666
3400,26.853466,20.5152245,23.4145737,6.89951754,-5.5661087,12,39.5407486,28946.5234,31348.0996
3400,26.853466,20.5152245,23.4145737,6.89951754,-5.5661087,13,40.2709923,29659.0879,30635.5352
3400,26.853466,20.5152245,23.4145737,6.89951754,-5.5661087,14,41.0012398,30371.6543,29922.9688
3400,26.853466,20.5152245,23.4145737,6.89951754,-5.5661087,15,43.0479851,31572.6777,28730.3398
3400,26.853466,20.5152245,23.4145737,6.89951754,-5.5661087,16,45.0683136,32773.6992,27583.0371
3400,26.853466,20.5152245,23.4145737,6.89951754,-5.5661087,17,46.6291161,33648.0352,26904.5898
3400,26.853466,20.5152245,23.4145737,6.89951754,-5.5661087,18,48.607605,34824.7617,26142.4336
3400,26.853466,20.5152245,23.4145737,6.89951754,-5.5661087,19,50.6717224,36109.5156,25336.3047
3400,26.853466,20.5152245,23.4145737,6.89951754,-5.5661087,20,54.0676537,37871.3555,23722.1777
3400,26.853466,20.5152245,23.4145737,6.89951754,-5.5661087,21,56.0888062,39060.9062,22864.6348
3400,26.853466,20.5152245,23.4145737,6.89951754,-5.5661087,22,57.9103165,40239.4336,22255.8359
3400,26.853466,20.5152245,23.4145737,6.89951754,-5.5661087,23,59.7137222,41505.4297,21671.9277
3400,26.853466,20.5152245,23.4145737,6.89951754,-5.5661087,24,62.2688179,43190.9375,20121.4043
3400,26.853466,20.5152245,23.4145737,6.89951754,-5.5661087,25,65.5550308,45396.7891,17916.5977
3400,26.853466,20.5152245,23.4145737,6.89951754,-5.5661087,26,67.1286545,46394.0859,16919.3027
3400,26.853466,20.5152245,23.4145737,6.89951754,-5.5661087,27,68.0038834,47077.8516,16235.5361
3400,26.853466,20.5152245,23.4145737,6.89951754,-5.5661087,28,68.8791046,47761.6211,15551.7686
3400,26.853466,20.5152245,23.4145737,6.89951754,-5.5661087,29,69.7543259,48445.3867,14868.002
3400,26.853466,20.5152245,23.4145737,6.89951754,-5.5661087,30,70.6295471,49129.1523,14184.2344
3400,26.853466,20.5152245,23.4145737,6.89951754,-5.5661087,31,71.4285736,49753.3867,13560
3400,26.853466,20.5152245,23.4145737,6.89951754,-5.5661087,32,72.1316147,50211.2031,13104.915
3400,26.853466,20.5152245,23.4145737,6.89951754,-5.5661087,33,72.8332825,50669.0156,12656.1621
3400,26.853466,20.5152245,23.4145737,6.89951754,-5.5661087,34,73.5298538,51126.832,12223.9844
3400,26.853466,20.5152245,23.4145737,6.89951754,-5.5661087,35,74.2118607,51584.6445,11827.9766
3400,26.853466,20.5152245,23.4145737,6.89951754,-5.5661087,36,74.8613205,52042.4648,11497.1338
3400,26.853466,20.5152245,23.4145737,6.89951754,-5.5661087,37,75.4540863,52500.3828,11261.5098
3400,26.853466,20.5152245,23.4145737,6.89951754,-5.5661087,38,75.9724197,52959.5703,11133.9463
3400,26.853466,20.5152245,23.4145737,6.89951754,-5.5661087,39,76.428566,53428.9805,11086.1123
3400,26.853466,20.5152245,23.4145737,6.89951754,-5.5661087,40,76.8988571,53949.5781,11022.2051
3400,26.853466,20.5152245,23.4145737,6.89951754,-5.5661087,41,77.6534882,54625.3086,10568.7676
3400,26.853466,20.5152245,23.4145737,6.89951754,-5.5661087,42,78.8411179,55568.1094,9651.60352
3400,26.853466,20.5152245,23.4145737,6.89951754,-5.5661087,43,80.3064194,56717.9844,8502.42871
3400,26.853466,20.5152245,23.4145737,6.89951754,-5.5661087,44,80.9491501,57222.207,7998.2124
3400,26.853466,20.5152245,23.4145737,6.89951754,-5.5661087,45,81.5327301,57680.0195,7540.39844
3400,26.853466,20.5152245,23.4145737,6.89951754,-5.5661087,46,82.1163101,58137.832,7082.58398
3400,26.853466,20.5152245,23.4145737,6.89951754,-5.5661087,47,82.6998901,58595.6484,6624.77002
3400,26.853466,20.5152245,23.4145737,6.89951754,-5.5661087,48,83.2834702,59053.4609,6166.95605
3400,26.853466,20.5152245,23.4145737,6.89951754,-5.5661087,49,83.8670502,59511.2773,5709.14209
3400,26.853466,20.5152245,23.4145737,6.89951754,-5.5661087,50,84.4506302,59969.0898,5251.32812
3400,26.853466,20.5152245,23.4145737,6.89951754,-5.5661087,51,85.0342102,60426.9023,4793.51416
3400,26.853466,20.5152245,23.4145737,6.89951754,-5.5661087,52,85.6177902,60884.7188,4335.7002
3400,26.853466,20.5152245,23.4145737,6.89951754,-5.5661087,53,85.7142868,60960.418,4260
3400,26.853466,20.5152245,23.4145737,6.89951754,-5.5661087,54,87.0307846,61353.6211,3873.5542
3400,26.853466,20.5152245,23.4145737,6.89951754,-5.5661087,55,88.3208694,61746.8242,3523.59521
3400,26.853466,20.5152245,23.4145737,6.89951754,-5.5661087,56,89.4862595,62140.0586,3288.04932
3400,26.853466,20.5152245,23.4145737,6.89951754,-5.5661087,57,90.4107361,62536.8828,3218.84619
3400,26.853466,20.5152245,23.4145737,6.89951754,-5.5661087,58,91.4295197,63020.6719,3089.52515
3400,26.853466,20.5152245,23.4145737,6.89951754,-5.5661087,59,93.8208008,63888.5078,2231.93677
3400,26.853466,20.5152245,23.4145737,6.89951754,-5.5661087,60,94.9476624,64295.5312,1824.91309
3500,2.61635828,11.1843462,25.2704906,28.0983276,-9.61726856,0,0,0,54912
3500,2.61635828,11.1843462,25.2704906,28.0983276,-9.61726856,1,5.93778419,3539.53149,51395.9375
3500,2.61635828,11.1843462,25.2704906,28.0983276,-9.61726856,2,11.7843847,7079.06494,48017.1445
3500,2.61635828,11.1843462,25.2704906,28.0983276,-9.61726856,3,17.2230568,10620.2725,45033.1133
3500,2.61635828,11.1843462,25.2704906,28.0983276,-9.61726856,4,22.285717,14321.7988,42299.7266
3500,2.61635828,11.1843462,25.2704906,28.0983276,-9.61726856,5,30.9852562,19896.5,37041.8711
3500,2.61635828,11.1843462,25.2704906,28.0983276,-9.61726856,6,36.1761017,23406.0547,33856.0195
3500,2.61635828,11.1843462,25.2704906,28.0983276,-9.61726856,7,37.2798576,24590.0547,33057.6016
3500,2.61635828,11.1843462,25.2704906,28.0983276,-9.61726856,8,38.9026337,26165.4453,31670.834
3500,2.61635828,11.1843462,25.2704906,28.0983276,-9.61726856,9,41.4747849,28489.3809,29357.0234
3500,2.61635828,11.1843462,25.2704906,28.0983276,-9.61726856,10,42.8571434,29753.7559,28112
3500,2.61635828,11.1843462,25.2704906,28.0983276,-9.61726856,11,42.8571434,29753.7559,28112
3500,2.61635828,11.1843462,25.2704906,28.0983276,-9.61726856,12,42.8571434,29753.7559,28112
3500,2.61635828,11.1843462,25.2704906,28.0983276,-9.61726856,13,44.4671326,30797.8164,27072.0703
3500,2.61635828,11.1843462,25.2704906,28.0983276,-9.61726856,14,46.0698853,31841.8789,26048.8828
3500,2.61635828,11.1843462,25.2704906,28.0983276,-9.61726856,15,49.6500092,33631.7812,24337.1465
3500,2.61635828,11.1843462,25.2704906,28.0983276,-9.61726856,16,53.112648,35421.9023,22757.3125
3500,2.61635828,11.1843462,25.2704906,28.0983276,-9.61726856,17,56.3255119,37220.9102,21375.6953
3500,2.61635828,11.1843462,25.2704906,28.0983276,-9.61726856,18,59.3667793,39152.0156,20038.3301
3500,2.61635828,11.1843462,25.2704906,28.0983276,-9.61726856,19,63.6665993,41841.1289,17662.8633
3500,2.61635828,11.1843462,25.2704906,28.0983276,-9.61726856,20,70.4334488,45540.4141,13971.0908
3500,2.61635828,11.1843462,25.2704906,28.0983276,-9.61726856,21,71.4285736,45951.5039,13560
3500,2.61635828,11.1843462,25.2704906,28.0983276,-9.61726856,22,71.4285736,45951.5039,13560
3500,2.61635828,11.1843462,25.2704906,28.0983276,-9.61726856,23,72.5022049,46650.5508,12862.4404
3500,2.61635828,11.1843462,25.2704906,28.0983276,-9.61726856,24,73.5746994,47349.6016,12168.333
3500,2.61635828,11.1843462,25.2704906,28.0983276,-9.61726856,25,74.6429367,48048.6484,11483.2617
3500,2.61635828,11.1843462,25.2704906,28.0983276,-9.61726856,26,75.6989517,48747.6953,10817.9092
3500,2.61635828,11.1843462,25.2704906,28.0983276,-9.61726856,27,76.7273483,49446.75,10188.0791
3500,2.61635828,11.1843462,25.2704906,28.0983276,-9.61726856,28,77.7065887,50145.9453,9610.07031
3500,2.61635828,11.1843462,25.2704906,28.0983276,-9.61726856,29,78.6196213,50846.9688,9089.8418
3500,2.61635828,11.1843462,25.2704906,28.0983276,-9.61726856,30,79.4806595,51562.6797,8603.96289
3500,2.61635828,11.1843462,25.2704906,28.0983276,-9.61726856,31,80.3891525,52351.9375,8063.6792
3500,2.61635828,11.1843462,25.2704906,28.0983276,-9.61726856,32,81.6843796,53364.1055,7172.69922
3500,2.61635828,11.1843462,25.2704906,28.0983276,-9.61726856,33,83.5992432,54760.0195,5790.76318
3500,2.61635828,11.1843462,25.2704906,28.0983276,-9.61726856,34,85.7142868,56291.1641,4260
3500,2.61635828,11.1843462,25.2704906,28.0983276,-9.61726856,35,85.7142868,56291.1641,4260
3500,2.61635828,11.1843462,25.2704906,28.0983276,-9.61726856,36,85.7142868,56291.1641,4260
3500,2.61635828,11.1843462,25.2704906,28.0983276,-9.61726856,37,85.7142868,56291.1641,4260
3500,2.61635828,11.1843462,25.2704906,28.0983276,-9.61726856,38,87.7259293,56891.5547,3663.29224
3500,2.61635828,11.1843462,25.2704906,28.0983276,-9.61726856,39,89.7154541,57491.9453,3086.47632
3500,2.61635828,11.1843462,25.2704906,28.0983276,-9.61726856,40,91.5981979,58092.3828,2572.0083
3500,2.61635828,11.1843462,25.2704906,28.0983276,-9.61726856,41,93.2679596,58697.9805,2145.02148
3500,2.61635828,11.1843462,25.2704906,28.0983276,-9.61726856,42,95.1597519,59428.5312,1607.71643
3500,2.61635828,11.1843462,25.2704906,28.0983276,-9.61726856,43,99.0048828,60710.9102,330.923798
3500,2.61635828,11.1843462,25.2704906,28.0983276,-9.61726856,44,100,61041.8359,0
3500,2.61635828,11.1843462,25.2704906,28.0983276,-9.61726856,45,100,61041.8359,0
3500,2.61635828,11.1843462,25.2704906,28.0983276,-9.61726856,46,100,61041.8359,0
3500,2.61635828,11.1843462,25.2704906,28.0983276,-9.61726856,47,100,61041.8359,0
3500,2.61635828,11.1843462,25.2704906,28.0983276,-9.61726856,48,100,61041.8359,0
3500,2.61635828,11.1843462,25.2704906,28.0983276,-9.61726856,49,100,61041.8359,0
3500,2.61635828,11.1843462,25.2704906,28.0983276,-9.61726856,50,100,61041.8359,0
3500,2.61635828,11.1843462,25.2704906,28.0983276,-9.61726856,51,100,61041.8359,0
3500,2.61635828,11.1843462,25.2704906,28.0983276,-9.61726856,52,100,61041.8359,0
3500,2.61635828,11.1843462,25.2704906,28.0983276,-9.61726856,53,100,61041.8359,0
3500,2.61635828,11.1843462,25.2704906,28.0983276,-9.61726856,54,100,61041.8359,0
3500,2.61635828,11.1843462,25.2704906,28.0983276,-9.61726856,55,100,61041.8359,0
3500,2.61635828,11.1843462,25.2704906,28.0983276,-9.61726856,56,100,61041.8359,0
3500,2.61635828,11.1843462,25.2704906,28.0983276,-9.61726856,57,100,61041.8359,0
3500,2.61635828,11.1843462,25.2704906,28.0983276,-9.61726856,58,100,61041.8359,0
3500,2.61635828,11.1843462,25.2704906,28.0983276,-9.61726856,59,100,61041.8359,0
3500,2.61635828,11.1843462,25.2704906,28.0983276,-9.61726856,60,100,61041.8359,0
3600,12.4902935,5.08106136,2.56978607,24.202734,19.7579021,0,0,0,54912
3600,12.4902935,5.08106136,2.56978607,24.202734,19.7579021,1,6.85898876,4086.22632,50836.4375
3600,12.4902935,5.08106136,2.56978607,24.202734,19.7579021,2,13.6698408,8172.45264,46823.2344
3600,12.4902935,5.08106136,2.56978607,24.202734,19.7579021,3,20.258604,12258.832,42989.9805
3600,12.4902935,5.08106136,2.56978607,24.202734,19.7579021,4,26.5006313,16359.8613,39328.7773
3600,12.4902935,5.08106136,2.56978607,24.202734,19.7579021,5,33.3127289,20632.0625,35200.5195
3600,12.4902935,5.08106136,2.56978607,24.202734,19.7579021,6,37.6207199,23506.0742,32473.5645
3600,12.4902935,5.08106136,2.56978607,24.202734,19.7579021,7,38.9859657,24770.9297,31383.8828
3600,12.4902935,5.08106136,2.56978607,24.202734,19.7579021,8,40.4405746,26071.5488,30168.9551
3600,12.4902935,5.08106136,2.56978607,24.202734,19.7579021,9,42.0438461,27440.5703,28804.5312
3600,12.4902935,5.08106136,2.56978607,24.202734,19.7579021,10,42.8571434,28133.1289,28112
3600,12.4902935,5.08106136,2.56978607,24.202734,19.7579021,11,42.8571434,28133.1289,28112
3600,12.4902935,5.08106136,2.56978607,24.202734,19.7579021,12,42.8571434,28133.1289,28112
3600,12.4902935,5.08106136,2.56978607,24.202734,19.7579021,13,44.7162552,29338.4492,26908.5566
3600,12.4902935,5.08106136,2.56978607,24.202734,19.7579021,14,46.5715637,30543.7695,25712.7188
3600,12.4902935,5.08106136,2.56978607,24.202734,19.7579021,15,50.7322044,32610.127,23681.873
3600,12.4902935,5.08106136,2.56978607,24.202734,19.7579021,16,54.8297272,34676.5039,21711.0293
3600,12.4902935,5.08106136,2.56978607,24.202734,19.7579021,17,58.7841225,36743.6914,19833.4629
3600,12.4902935,5.08106136,2.56978607,24.202734,19.7579021,18,62.5489769,38822.9531,18023.9375
3600,12.4902935,5.08106136,2.56978607,24.202734,19.7579021,19,66.4520721,40971.4805,16017.9023
3600,12.4902935,5.08106136,2.56978607,24.202734,19.7579021,20,70.6335831,43122.8867,13869.9072
3600,12.4902935,5.08106136,2.56978607,24.202734,19.7579021,21,71.4285736,43432.793,13560
3600,12.4902935,5.08106136,2.56978607,24.202734,19.7579021,22,71.4285736,43432.793,13560
3600,12.4902935,5.08106136,2.56978607,24.202734,19.7579021,23,72.6681366,44239.8125,12753.6582
3600,12.4902935,5.08106136,2.56978607,24.202734,19.7579021,24,73.9071121,45046.832,11948.8838
3600,12.4902935,5.08106136,2.56978607,24.202734,19.7579021,25,75.1438446,45853.8477,11148.2158
3600,12.4902935,5.08106136,2.56978607,24.202734,19.7579021,26,76.3741379,46660.8672,10356.5049
3600,12.4902935,5.08106136,2.56978607,24.202734,19.7579021,27,77.5897522,47467.8867,9580.93457
3600,12.4902935,5.08106136,2.56978607,24.202734,19.7579021,28,78.7787552,48274.918,8828.95898
3600,12.4902935,5.08106136,2.56978607,24.202734,19.7579021,29,79.929863,49082.1172,8103.89551
3600,12.4902935,5.08106136,2.56978607,24.202734,19.7579021,30,81.0408554,49890.6562,7399.76758
3600,12.4902935,5.08106136,2.56978607,24.202734,19.7579021,31,82.1282501,50705.918,6697.61523
3600,12.4902935,5.08106136,2.56978607,24.202734,19.7579021,32,83.2903137,51541.5508,5917.04053
3600,12.4902935,5.08106136,2.56978607,24.202734,19.7579021,33,84.5554657,52412.2461,5052.69189
3600,12.4902935,5.08106136,2.56978607,24.202734,19.7579021,34,85.7142868,53205.1133,4260
3600,12.4902935,5.08106136,2.56978607,24.202734,19.7579021,35,85.7142868,53205.1133,4260
3600,12.4902935,5.08106136,2.56978607,24.202734,19.7579021,36,85.7142868,53205.1133,4260
3600,12.4902935,5.08106136,2.56978607,24.202734,19.7579021,37,85.7142868,53205.1133,4260
3600,12.4902935,5.08106136,2.56978607,24.202734,19.7579021,38,88.037735,53898.2383,3568.54932
3600,12.4902935,5.08106136,2.56978607,24.202734,19.7579021,39,90.3495331,54591.3594,2886.13525
3600,12.4902935,5.08106136,2.56978607,24.202734,19.7579021,40,92.604187,55284.4883,2232.06177
3600,12.4902935,5.08106136,2.56978607,24.202734,19.7579021,41,94.7326584,55978.0898,1619.6051
3600,12.4902935,5.08106136,2.56978607,24.202734,19.7579021,42,96.8039093,56683.1094,1002.37854
3600,12.4902935,5.08106136,2.56978607,24.202734,19.7579021,43,99.2050095,57438.5547,249.471497
3600,12.4902935,5.08106136,2.56978607,24.202734,19.7579021,44,100,57688.0234,0
3600,12.4902935,5.08106136,2.56978607,24.202734,19.7579021,45,100,57688.0234,0
3600,12.4902935,5.08106136,2.56978607,24.202734,19.7579021,46,100,57688.0234,0
3600,12.4902935,5.08106136,2.56978607,24.202734,19.7579021,47,100,57688.0234,0
3600,12.4902935,5.08106136,2.56978607,24.202734,19.7579021,48,100,57688.0234,0
3600,12.4902935,5.08106136,2.56978607,24.202734,19.7579021,49,100,57688.0234,0
3600,12.4902935,5.08106136,2.56978607,24.202734,19.7579021,50,100,57688.0234,0
3600,12.4902935,5.08106136,2.56978607,24.202734,19.7579021,51,100,57688.0234,0
3600,12.4902935,5.08106136,2.56978607,24.202734,19.7579021,52,100,57688.0234,0
3600,12.4902935,5.08106136,2.56978607,24.202734,19.7579021,53,100,57688.0234,0
3600,12.4902935,5.08106136,2.56978607,24.202734,19.7579021,54,100,57688.0234,0
3600,12.4902935,5.08106136,2.56978607,24.202734,19.7579021,55,100,57688.0234,0
3600,12.4902935,5.08106136,2.56978607,24.202734,19.7579021,56,100,57688.0234,0
3600,12.4902935,5.08106136,2.56978607,24.202734,19.7579021,57,100,57688.0234,0
3600,12.4902935,5.08106136,2.56978607,24.202734,19.7579021,58,100,57688.0234,0
3600,12.4902935,5.08106136,2.56978607,24.202734,19.7579021,59,100,57688.0234,0
3600,12.4902935,5.08106136,2.56978607,24.202734,19.7579021,60,100,57688.0234,0
3700,5.82283735,21.0744228,14.5212698,9.7311697,-3.4969337,0,0,0,54912
3700,5.82283735,21.0744228,14.5212698,9.7311697,-3.4969337,1,5.24694872,3130.74414,51825.4805
3700,5.82283735,21.0744228,14.5212698,9.7311697,-3.4969337,2,10.343503,6261.48926,48997.6094
3700,5.82283735,21.0744228,14.5212698,9.7311697,-3.4969337,3,14.7898178,9393.16504,46915.8125
3700,5.82283735,21.0744228,14.5212698,9.7311697,-3.4969337,4,18.4378719,12613.9316,45519.293
3700,5.82283735,21.0744228,14.5212698,9.7311697,-3.4969337,5,24.4008198,16875.6465,41854.6016
3700,5.82283735,21.0744228,14.5212698,9.7311697,-3.4969337,6,29.1380463,20364.0781,38976.1133
3700,5.82283735,21.0744228,14.5212698,9.7311697,-3.4969337,7,33.2423134,23548.1523,36518.5859
3700,5.82283735,21.0744228,14.5212698,9.7311697,-3.4969337,8,36.7727432,26353.8457,34068.3125
3700,5.82283735,21.0744228,14.5212698,9.7311697,-3.4969337,9,38.443924,28003.0273,32438.2051
3700,5.82283735,21.0744228,14.5212698,9.7311697,-3.4969337,10,40.1423264,29668.0312,30773.3105
3700,5.82283735,21.0744228,14.5212698,9.7311697,-3.4969337,11,41.1240578,30630.4121,29810.9277
3700,5.82283735,21.0744228,14.5212698,9.7311697,-3.4969337,12,42.1057816,31592.7871,28848.5547
3700,5.82283735,21.0744228,14.5212698,9.7311697,-3.4969337,13,42.8571434,32329.3398,28112
3700,5.82283735,21.0744228,14.5212698,9.7311697,-3.4969337,14,44.280632,33252.8203,27196.3027
3700,5.82283735,21.0744228,14.5212698,9.7311697,-3.4969337,15,47.470047,34836,25661.0781
3700,5.82283735,21.0744228,14.5212698,9.7311697,-3.4969337,16,50.5664139,36419.1836,24271.7441
3700,5.82283735,21.0744228,14.5212698,9.7311697,-3.4969337,17,53.3371315,38002.5195,23230.6934
3700,5.82283735,21.0744228,14.5212698,9.7311697,-3.4969337,18,55.541584,39594.3242,22642.2285
3700,5.82283735,21.0744228,14.5212698,9.7311697,-3.4969337,19,57.6480865,41342.2344,22047.3418
3700,5.82283735,21.0744228,14.5212698,9.7311697,-3.4969337,20,61.7495918,43806.0664,19735.2461
3700,5.82283735,21.0744228,14.5212698,9.7311697,-3.4969337,21,65.4705811,46228.3008,17314.0898
3700,5.82283735,21.0744228,14.5212698,9.7311697,-3.4969337,22,68.1108093,47811.7656,15730.627
3700,5.82283735,21.0744228,14.5212698,9.7311697,-3.4969337,23,70.584877,49320.1914,14222.1982
3700,5.82283735,21.0744228,14.5212698,9.7311697,-3.4969337,24,71.4285736,49982.3906,13560
3700,5.82283735,21.0744228,14.5212698,9.7311697,-3.4969337,25,72.3780746,50600.7031,12944.4902
3700,5.82283735,21.0744228,14.5212698,9.7311697,-3.4969337,26,73.3256836,51219.0156,12335.4854
3700,5.82283735,21.0744228,14.5212698,9.7311697,-3.4969337,27,74.2662125,51837.3281,11743.5078
3700,5.82283735,21.0744228,14.5212698,9.7311697,-3.4969337,28,75.1865387,52455.6445,11188.6855
3700,5.82283735,21.0744228,14.5212698,9.7311697,-3.4969337,29,76.0617599,53073.9609,10700.8057
3700,5.82283735,21.0744228,14.5212698,9.7311697,-3.4969337,30,76.8584442,53692.3555,10310.7627
3700,5.82283735,21.0744228,14.5212698,9.7311697,-3.4969337,31,77.5513153,54311.7656,10032.0166
3700,5.82283735,21.0744228,14.5212698,9.7311697,-3.4969337,32,78.1506577,54939.3398,9837.51172
3700,5.82283735,21.0744228,14.5212698,9.7311697,-3.4969337,33,78.7318878,55607.7852,9638.2041
3700,5.82283735,21.0744228,14.5212698,9.7311697,-3.4969337,34,79.5911407,56400.1016,9074.23926
3700,5.82283735,21.0744228,14.5212698,9.7311697,-3.4969337,35,80.8480225,57405.6719,8095.00439
3700,5.82283735,21.0744228,14.5212698,9.7311697,-3.4969337,36,82.3331146,58576.5898,6924.80615
3700,5.82283735,21.0744228,14.5212698,9.7311697,-3.4969337,37,83.1646576,59231.9609,6269.44189
3700,5.82283735,21.0744228,14.5212698,9.7311697,-3.4969337,38,83.9491882,59850.2734,5651.12891
3700,5.82283735,21.0744228,14.5212698,9.7311697,-3.4969337,39,84.7337189,60468.5859,5032.81592
3700,5.82283735,21.0744228,14.5212698,9.7311697,-3.4969337,40,85.5182495,61086.8984,4414.50293
3700,5.82283735,21.0744228,14.5212698,9.7311697,-3.4969337,41,85.7142868,61241.4023,4260
3700,5.82283735,21.0744228,14.5212698,9.7311697,-3.4969337,42,87.4922409,61772.4531,3735.89038
3700,5.82283735,21.0744228,14.5212698,9.7311697,-3.4969337,43,89.2335663,62303.5039,3249.26221
3700,5.82283735,21.0744228,14.5212698,9.7311697,-3.4969337,44,90.802124,62834.5781,2880.17261
3700,5.82283735,21.0744228,14.5212698,9.7311697,-3.4969337,45,92.0319748,63368.5234,2682.78198
3700,5.82283735,21.0744228,14.5212698,9.7311697,-3.4969337,46,93.2533188,63971.9062,2443.52881
3700,5.82283735,21.0744228,14.5212698,9.7311697,-3.4969337,47,95.7455673,64881.9453,1544.01392
3700,5.82283735,21.0744228,14.5212698,9.7311697,-3.4969337,48,97.2392578,65424.0352,1001.92761
3700,5.82283735,21.0744228,14.5212698,9.7311697,-3.4969337,49,98.7025299,65955.0859,470.876495
3700,5.82283735,21.0744228,14.5212698,9.7311697,-3.4969337,50,100,66425.9609,0
3700,5.82283735,21.0744228,14.5212698,9.7311697,-3.4969337,51,100,66425.9609,0
3700,5.82283735,21.0744228,14.5212698,9.7311697,-3.4969337,52,100,66425.9609,0
3700,5.82283735,21.0744228,14.5212698,9.7311697,-3.4969337,53,100,66425.9609,0
3700,5.82283735,21.0744228,14.5212698,9.7311697,-3.4969337,54,100,66425.9609,0
3700,5.82283735,21.0744228,14.5212698,9.7311697,-3.4969337,55,100,66425.9609,0
3700,5.82283735,21.0744228,14.5212698,9.7311697,-3.4969337,56,100,66425.9609,0
3700,5.82283735,21.0744228,14.5212698,9.7311697,-3.4969337,57,100,66425.9609,0
3700,5.82283735,21.0744228,14.5212698,9.7311697,-3.4969337,58,100,66425.9609,0
3700,5.82283735,21.0744228,14.5212698,9.7311697,-3.4969337,59,100,66425.9609,0
3700,5.82283735,21.0744228,14.5212698,9.7311697,-3.4969337,60,100,66425.9609,0
3800,25.7163582,12.6138973,6.5148387,24.755291,-1.72484994,0,0,0,54912
3800,25.7163582,12.6138973,6.5148387,24.755291,-1.72484994,1,4.79561949,2859.08276,52079.3867
3800,25.7163582,12.6138973,6.5148387,24.755291,-1.72484994,2,9.50829315,5718.16602,49401.5859
3800,25.7163582,12.6138973,6.5148387,24.755291,-1.72484994,3,13.8498926,8577.57812,47170.5703
3800,25.7163582,12.6138973,6.5148387,24.755291,-1.72484994,4,17.6656227,11468.5176,45371.5156
3800,25.7163582,12.6138973,6.5148387,24.755291,-1.72484994,5,22.5156517,14727.8193,42469.5586
3800,25.7163582,12.6138973,6.5148387,24.755291,-1.72484994,6,26.8997478,17713.4785,39848.9727
3800,25.7163582,12.6138973,6.5148387,24.755291,-1.72484994,7,31.0071087,20591.4336,37405.8867
3800,25.7163582,12.6138973,6.5148387,24.755291,-1.72484994,8,35.2768822,23546.3555,34663.6992
3800,25.7163582,12.6138973,6.5148387,24.755291,-1.72484994,9,37.6372528,25348.084,32873.3867
3800,25.7163582,12.6138973,6.5148387,24.755291,-1.72484994,10,38.8732872,26475.5918,31745.9434
3800,25.7163582,12.6138973,6.5148387,24.755291,-1.72484994,11,39.8367844,27354.4629,30867.0723
3800,25.7163582,12.6138973,6.5148387,24.755291,-1.72484994,12,40.8002777,28233.3301,29988.2051
3800,25.7163582,12.6138973,6.5148387,24.755291,-1.72484994,13,41.7637711,29112.1953,29109.3379
3800,25.7163582,12.6138973,6.5148387,24.755291,-1.72484994,14,42.7272644,29991.0625,28230.4707
3800,25.7163582,12.6138973,6.5148387,24.755291,-1.72484994,15,44.481884,30711.9922,27514.7051
3800,25.7163582,12.6138973,6.5148387,24.755291,-1.72484994,16,47.386898,32157.7969,26106.5898
3800,25.7163582,12.6138973,6.5148387,24.755291,-1.72484994,17,50.1883774,33603.6133,24804.7598
3800,25.7163582,12.6138973,6.5148387,24.755291,-1.72484994,18,52.7559662,35050.6875,23690.918
3800,25.7163582,12.6138973,6.5148387,24.755291,-1.72484994,19,55.1753922,36528.332,22688.1543
3800,25.7163582,12.6138973,6.5148387,24.755291,-1.72484994,20,58.041996,38142.5234,21432.0918
3800,25.7163582,12.6138973,6.5148387,24.755291,-1.72484994,21,60.4479828,39619.6758,20374.3262
3800,25.7163582,12.6138973,6.5148387,24.755291,-1.72484994,22,63.1854286,41210.5156,18866.4805
3800,25.7163582,12.6138973,6.5148387,24.755291,-1.72484994,23,66.1796188,42948.3867,17129.2539
3800,25.7163582,12.6138973,6.5148387,24.755291,-1.72484994,24,68.1779099,44144.6367,15933.002
3800,25.7163582,12.6138973,6.5148387,24.755291,-1.72484994,25,69.3331757,44987.9844,15089.6543
3800,25.7163582,12.6138973,6.5148387,24.755291,-1.72484994,26,70.4884338,45831.332,14246.3057
3800,25.7163582,12.6138973,6.5148387,24.755291,-1.72484994,27,71.4285736,46517.6406,13560
3800,25.7163582,12.6138973,6.5148387,24.755291,-1.72484994,28,72.2957916,47082.3008,12997.0176
3800,25.7163582,12.6138973,6.5148387,24.755291,-1.72484994,29,73.161972,47646.9609,12437.9277
3800,25.7163582,12.6138973,6.5148387,24.755291,-1.72484994,30,74.0242691,48211.6211,11889.0293
3800,25.7163582,12.6138973,6.5148387,24.755291,-1.72484994,31,74.8754578,48776.2812,11362.3711
3800,25.7163582,12.6138973,6.5148387,24.755291,-1.72484994,32,75.7015381,49340.9453,10875.7812
3800,25.7163582,12.6138973,6.5148387,24.755291,-1.72484994,33,76.4829941,49905.6328,10447.7695
3800,25.7163582,12.6138973,6.5148387,24.755291,-1.72484994,34,77.2030106,50470.6836,10086.6221
3800,25.7163582,12.6138973,6.5148387,24.755291,-1.72484994,35,77.8621063,51038.6211,9777.89258
3800,25.7163582,12.6138973,6.5148387,24.755291,-1.72484994,36,78.4932785,51621.0234,9476.29004
3800,25.7163582,12.6138973,6.5148387,24.755291,-1.72484994,37,79.2565155,52247.2578,8986.73242
3800,25.7163582,12.6138973,6.5148387,24.755291,-1.72484994,38,80.2019653,52948.957,8300.79492
3800,25.7163582,12.6138973,6.5148387,24.755291,-1.72484994,39,81.2386169,53709.1719,7541.01318
3800,25.7163582,12.6138973,6.5148387,24.755291,-1.72484994,40,82.0267639,54286.9453,6963.24219
3800,25.7163582,12.6138973,6.5148387,24.755291,-1.72484994,41,82.7970276,54851.6055,6398.58154
3800,25.7163582,12.6138973,6.5148387,24.755291,-1.72484994,42,83.5672836,55416.2656,5833.9209
3800,25.7163582,12.6138973,6.5148387,24.755291,-1.72484994,43,84.3375397,55980.9258,5269.25977
3800,25.7163582,12.6138973,6.5148387,24.755291,-1.72484994,44,85.1078033,56545.5859,4704.59912
3800,25.7163582,12.6138973,6.5148387,24.755291,-1.72484994,45,85.7142868,56990.1875,4260
3800,25.7163582,12.6138973,6.5148387,24.755291,-1.72484994,46,87.3390274,57475.1562,3779.18408
3800,25.7163582,12.6138973,6.5148387,24.755291,-1.72484994,47,88.943634,57960.1289,3320.80225
3800,25.7163582,12.6138973,6.5148387,24.755291,-1.72484994,48,90.4512939,58445.1055,2932.77808
3800,25.7163582,12.6138973,6.5148387,24.755291,-1.72484994,49,91.7562408,58931.1016,2648.22485
3800,25.7163582,12.6138973,6.5148387,24.755291,-1.72484994,50,92.9996109,59441.668,2355.60425
3800,25.7163582,12.6138973,6.5148387,24.755291,-1.72484994,51,94.8274612,60060.7539,1742.81946
3800,25.7163582,12.6138973,6.5148387,24.755291,-1.72484994,52,96.2784042,60549.6289,1253.94421
3800,25.7163582,12.6138973,6.5148387,24.755291,-1.72484994,53,97.7177505,61034.6016,768.973511
3800,25.7163582,12.6138973,6.5148387,24.755291,-1.72484994,54,99.1571045,61519.5703,284.002808
3800,25.7163582,12.6138973,6.5148387,24.755291,-1.72484994,55,100,61803.5742,0
3800,25.7163582,12.6138973,6.5148387,24.755291,-1.72484994,56,100,61803.5742,0
3800,25.7163582,12.6138973,6.5148387,24.755291,-1.72484994,57,100,61803.5742,0
3800,25.7163582,12.6138973,6.5148387,24.755291,-1.72484994,58,100,61803.5742,0
3800,25.7163582,12.6138973,6.5148387,24.755291,-1.72484994,59,100,61803.5742,0
3800,25.7163582,12.6138973,6.5148387,24.755291,-1.72484994,60,100,61803.5742,0
3900,19.8140678,9.83597374,5.37730789,17.2766457,7.52211475,0,0,0,54912
3900,19.8140678,9.83597374,5.37730789,17.2766457,7.52211475,1,5.32566929,3174.22974,51758.4102
3900,19.8140678,9.83597374,5.37730789,17.2766457,7.52211475,2,10.579319,6348.45996,48725.5391
3900,19.8140678,9.83597374,5.37730789,17.2766457,7.52211475,3,15.5071726,9522.9834,46041.0234
3900,19.8140678,9.83597374,5.37730789,17.2766457,7.52211475,4,19.9612541,12725.5967,43689.832
3900,19.8140678,9.83597374,5.37730789,17.2766457,7.52211475,5,25.3520565,16256.4121,40437.6602
3900,19.8140678,9.83597374,5.37730789,17.2766457,7.52211475,6,30.3189411,19543.418,37435.332
3900,19.8140678,9.83597374,5.37730789,17.2766457,7.52211475,7,35.0327072,22734.4629,34583.3867
3900,19.8140678,9.83597374,5.37730789,17.2766457,7.52211475,8,37.4672012,24579.1426,32904.5898
3900,19.8140678,9.83597374,5.37730789,17.2766457,7.52211475,9,38.8009262,25771.4297,31721.2051
3900,19.8140678,9.83597374,5.37730789,17.2766457,7.52211475,10,40.1464424,26968.7051,30523.9805
3900,19.8140678,9.83597374,5.37730789,17.2766457,7.52211475,11,41.2430305,27944.4492,29548.2363
3900,19.8140678,9.83597374,5.37730789,17.2766457,7.52211475,12,42.3396149,28920.1895,28572.4941
3900,19.8140678,9.83597374,5.37730789,17.2766457,7.52211475,13,42.8571434,29380.6855,28112
3900,19.8140678,9.83597374,5.37730789,17.2766457,7.52211475,14,44.3010483,30316.9922,27179.3262
3900,19.8140678,9.83597374,5.37730789,17.2766457,7.52211475,15,47.5434647,31922.1641,25596.5371
3900,19.8140678,9.83597374,5.37730789,17.2766457,7.52211475,16,50.7413368,33527.3359,24081.8398
3900,19.8140678,9.83597374,5.37730789,17.2766457,7.52211475,17,53.7787132,35132.5547,22729.7188
3900,19.8140678,9.83597374,5.37730789,17.2766457,7.52211475,18,56.5134125,36740.4453,21590.1133
3900,19.8140678,9.83597374,5.37730789,17.2766457,7.52211475,19,59.1125717,38397.5547,20471.1484
3900,19.8140678,9.83597374,5.37730789,17.2766457,7.52211475,20,62.5531425,40280.3867,18659.1348
3900,19.8140678,9.83597374,5.37730789,17.2766457,7.52211475,21,65.8833389,42150.1055,16789.9199
3900,19.8140678,9.83597374,5.37730789,17.2766457,7.52211475,22,68.8380356,43755.3633,15184.6611
3900,19.8140678,9.83597374,5.37730789,17.2766457,7.52211475,23,70.8759766,44986.582,13953.4424
3900,19.8140678,9.83597374,5.37730789,17.2766457,7.52211475,24,71.4285736,45380.0234,13560
3900,19.8140678,9.83597374,5.37730789,17.2766457,7.52211475,25,72.3914185,46006.9258,12934.4072
3900,19.8140678,9.83597374,5.37730789,17.2766457,7.52211475,26,73.353363,46633.8281,12311.8506
3900,19.8140678,9.83597374,5.37730789,17.2766457,7.52211475,27,74.3119507,47260.7305,11697.2402
3900,19.8140678,9.83597374,5.37730789,17.2766457,7.52211475,28,75.2608948,47887.6289,11099.9717
3900,19.8140678,9.83597374,5.37730789,17.2766457,7.52211475,29,76.1879807,48514.5312,10533.9473
3900,19.8140678,9.83597374,5.37730789,17.2766457,7.52211475,30,77.0759277,49141.4609,10013.5986
3900,19.8140678,9.83597374,5.37730789,17.2766457,7.52211475,31,77.9093704,49768.707,9545.34766
3900,19.8140678,9.83597374,5.37730789,17.2766457,7.52211475,32,78.687767,50398.5273,9117.65039
3900,19.8140678,9.83597374,5.37730789,17.2766457,7.52211475,33,79.4398193,51041.2344,8693.90137
3900,19.8140678,9.83597374,5.37730789,17.2766457,7.52211475,34,80.3108139,51723,8118.71631
3900,19.8140678,9.83597374,5.37730789,17.2766457,7.52211475,35,81.3477097,52472,7382.00684
3900,19.8140678,9.83597374,5.37730789,17.2766457,7.52211475,36,82.4678497,53273.1328,6581.20947
3900,19.8140678,9.83597374,5.37730789,17.2766457,7.52211475,37,83.3609695,53911.7188,5942.62695
3900,19.8140678,9.83597374,5.37730789,17.2766457,7.52211475,38,84.2377548,54538.6211,5315.72559
3900,19.8140678,9.83597374,5.37730789,17.2766457,7.52211475,39,85.1145325,55165.5195,4688.82422
3900,19.8140678,9.83597374,5.37730789,17.2766457,7.52211475,40,85.7142868,55594.3438,4260
3900,19.8140678,9.83597374,5.37730789,17.2766457,7.52211475,41,87.5185013,56132.7734,3724.81226
3900,19.8140678,9.83597374,5.37730789,17.2766457,7.52211475,42,89.3052597,56671.1992,3207.11841
3900,19.8140678,9.83597374,5.37730789,17.2766457,7.52211475,43,91.0073624,57209.6367,2744.28638
3900,19.8140678,9.83597374,5.37730789,17.2766457,7.52211475,44,92.5291595,57748.9766,2362.0249
3900,19.8140678,9.83597374,5.37730789,17.2766457,7.52211475,45,93.9927826,58310.207,1970.7406
3900,19.8140678,9.83597374,5.37730789,17.2766457,7.52211475,46,95.9874878,58968.1289,1317.7334
3900,19.8140678,9.83597374,5.37730789,17.2766457,7.52211475,47,97.6375961,59510.0352,775.827026
3900,19.8140678,9.83597374,5.37730789,17.2766457,7.52211475,48,99.2771149,60048.4609,237.399673
3900,19.8140678,9.83597374,5.37730789,17.2766457,7.52211475,49,100,60285.8633,0
3900,19.8140678,9.83597374,5.37730789,17.2766457,7.52211475,50,100,60285.8633,0
3900,19.8140678,9.83597374,5.37730789,17.2766457,7.52211475,51,100,60285.8633,0
3900,19.8140678,9.83597374,5.37730789,17.2766457,7.52211475,52,100,60285.8633,0
3900,19.8140678,9.83597374,5.37730789,17.2766457,7.52211475,53,100,60285.8633,0
3900,19.8140678,9.83597374,5.37730789,17.2766457,7.52211475,54,100,60285.8633,0
3900,19.8140678,9.83597374,5.37730789,17.2766457,7.52211475,55,100,60285.8633,0
3900,19.8140678,9.83597374,5.37730789,17.2766457,7.52211475,56,100,60285.8633,0
3900,19.8140678,9.83597374,5.37730789,17.2766457,7.52211475,57,100,60285.8633,0
3900,19.8140678,9.83597374,5.37730789,17.2766457,7.52211475,58,100,60285.8633,0
3900,19.8140678,9.83597374,5.37730789,17.2766457,7.52211475,59,100,60285.8633,0
3900,19.8140678,9.83597374,5.37730789,17.2766457,7.52211475,60,100,60285.8633,0
4000,2.88090706,23.2695351,9.18645382,12.2535496,18.9924183,0,0,0,54912
4000,2.88090706,23.2695351,9.18645382,12.2535496,18.9924183,1,6.82371807,4072.44141,50888.3906
4000,2.88090706,23.2695351,9.18645382,12.2535496,18.9924183,2,13.4319239,8144.8833,47150.3711
4000,2.88090706,23.2695351,9.18645382,12.2535496,18.9924183,3,19.1149693,12217.9326,44236.5547
4000,2.88090706,23.2695351,9.18645382,12.2535496,18.9924183,4,23.5806427,16349.1025,42119.6445
4000,2.88090706,23.2695351,9.18645382,12.2535496,18.9924183,5,30.058506,21159.3691,37968.5859
4000,2.88090706,23.2695351,9.18645382,12.2535496,18.9924183,6,35.7338638,25465.1602,34336.2695
4000,2.88090706,23.2695351,9.18645382,12.2535496,18.9924183,7,37.6541939,27449.9336,33153.7227
4000,2.88090706,23.2695351,9.18645382,12.2535496,18.9924183,8,38.8373756,28878.4668,32117.6309
4000,2.88090706,23.2695351,9.18645382,12.2535496,18.9924183,9,40.5255966,30578.373,30438.7852
4000,2.88090706,23.2695351,9.18645382,12.2535496,18.9924183,10,42.239212,32288.6035,28728.6738
4000,2.88090706,23.2695351,9.18645382,12.2535496,18.9924183,11,42.8571434,32905.2773,28112
4000,2.88090706,23.2695351,9.18645382,12.2535496,18.9924183,12,42.8571434,32905.2773,28112
4000,2.88090706,23.2695351,9.18645382,12.2535496,18.9924183,13,44.7086411,34106.5312,26919.3398
4000,2.88090706,23.2695351,9.18645382,12.2535496,18.9924183,14,46.5428658,35307.7852,25761.5156
4000,2.88090706,23.2695351,9.18645382,12.2535496,18.9924183,15,50.6086617,37367.1719,23864.7559
4000,2.88090706,23.2695351,9.18645382,12.2535496,18.9924183,16,54.4041405,39426.6406,22242.8047
4000,2.88090706,23.2695351,9.18645382,12.2535496,18.9924183,17,57.6283722,41489.3281,21048.5195
4000,2.88090706,23.2695351,9.18645382,12.2535496,18.9924183,18,60.1820869,43599.9062,20173.2383
4000,2.88090706,23.2695351,9.18645382,12.2535496,18.9924183,19,63.2780952,45985.2891,18440.416
4000,2.88090706,23.2695351,9.18645382,12.2535496,18.9924183,20,67.9706421,48890.2578,15551.0723
4000,2.88090706,23.2695351,9.18645382,12.2535496,18.9924183,21,71.0449142,50705.1523,13736.1797
4000,2.88090706,23.2695351,9.18645382,12.2535496,18.9924183,22,71.4285736,50881.332,13560
4000,2.88090706,23.2695351,9.18645382,12.2535496,18.9924183,23,72.6636353,51685.6289,12758.7998
4000,2.88090706,23.2695351,9.18645382,12.2535496,18.9924183,24,73.8959808,52489.9219,11964.7822
4000,2.88090706,23.2695351,9.18645382,12.2535496,18.9924183,25,75.1181641,53294.2188,11189.5645
4000,2.88090706,23.2695351,9.18645382,12.2535496,18.9924183,26,76.3113861,54098.5156,10455.373
4000,2.88090706,23.2695351,9.18645382,12.2535496,18.9924183,27,77.4401093,54902.8125,9795.09863
4000,2.88090706,23.2695351,9.18645382,12.2535496,18.9924183,28,78.4570541,55707.1641,9242.8877
4000,2.88090706,23.2695351,9.18645382,12.2535496,18.9924183,29,79.326622,56512.1758,8814.02344
4000,2.88090706,23.2695351,9.18645382,12.2535496,18.9924183,30,80.0580826,57322.5117,8481.86328
4000,2.88090706,23.2695351,9.18645382,12.2535496,18.9924183,31,80.7276993,58159.5117,8162.86572
4000,2.88090706,23.2695351,9.18645382,12.2535496,18.9924183,32,81.669426,59077.3242,7497.19092
4000,2.88090706,23.2695351,9.18645382,12.2535496,18.9924183,33,82.9607391,60134.2617,6469.33398
4000,2.88090706,23.2695351,9.18645382,12.2535496,18.9924183,34,84.4115601,61299.0664,5305.32275
4000,2.88090706,23.2695351,9.18645382,12.2535496,18.9924183,35,85.4440308,62127.5352,4476.85791
4000,2.88090706,23.2695351,9.18645382,12.2535496,18.9924183,36,85.7142868,62344.3945,4260
4000,2.88090706,23.2695351,9.18645382,12.2535496,18.9924183,37,85.7142868,62344.3945,4260
4000,2.88090706,23.2695351,9.18645382,12.2535496,18.9924183,38,88.0266418,63035.1797,3576.87842
4000,2.88090706,23.2695351,9.18645382,12.2535496,18.9924183,39,90.2864532,63725.9648,2935.14233
4000,2.88090706,23.2695351,9.18645382,12.2535496,18.9924183,40,92.2997284,64416.7695,2423.19873
4000,2.88090706,23.2695351,9.18645382,12.2535496,18.9924183,41,93.8300018,65109.4414,2102.13428
4000,2.88090706,23.2695351,9.18645382,12.2535496,18.9924183,42,95.2115173,65847.4141,1766.21753
4000,2.88090706,23.2695351,9.18645382,12.2535496,18.9924183,43,97.7281647,66785.4453,839.807068
4000,2.88090706,23.2695351,9.18645382,12.2535496,18.9924183,44,99.6163406,67483.4375,141.822678
4000,2.88090706,23.2695351,9.18645382,12.2535496,18.9924183,45,100,67625.2578,0
4000,2.88090706,23.2695351,9.18645382,12.2535496,18.9924183,46,100,67625.2578,0
4000,2.88090706,23.2695351,9.18645382,12.2535496,18.9924183,47,100,67625.2578,0
4000,2.88090706,23.2695351,9.18645382,12.2535496,18.9924183,48,100,67625.2578,0
4000,2.88090706,23.2695351,9.18645382,12.2535496,18.9924183,49,100,67625.2578,0
4000,2.88090706,23.2695351,9.18645382,12.2535496,18.9924183,50,100,67625.2578,0
4000,2.88090706,23.2695351,9.18645382,12.2535496,18.9924183,51,100,67625.2578,0
4000,2.88090706,23.2695351,9.18645382,12.2535496,18.9924183,52,100,67625.2578,0
4000,2.88090706,23.2695351,9.18645382,12.2535496,18.9924183,53,100,67625.2578,0
4000,2.88090706,23.2695351,9.18645382,12.2535496,18.9924183,54,100,67625.2578,0
4000,2.88090706,23.2695351,9.18645382,12.2535496,18.9924183,55,100,67625.2578,0
4000,2.88090706,23.2695351,9.18645382,12.2535496,18.9924183,56,100,67625.2578,0
4000,2.88090706,23.2695351,9.18645382,12.2535496,18.9924183,57,100,67625.2578,0
4000,2.88090706,23.2695351,9.18645382,12.2535496,18.9924183,58,100,67625.2578,0
4000,2.88090706,23.2695351,9.18645382,12.2535496,18.9924183,59,100,67625.2578,0
4000,2.88090706,23.2695351,9.18645382,12.2535496,18.9924183,60,100,67625.2578,0
4100,15.5737972,23.2024593,23.4609814,26.3731976,-7.74316931,0,0,0,54912
4100,15.5737972,23.2024593,23.4609814,26.3731976,-7.74316931,1,5.17762613,3090.02222,51870.668
4100,15.5737972,23.2024593,23.4609814,26.3731976,-7.74316931,2,10.1921911,6180.04639,49114.1016
4100,15.5737972,23.2024593,23.4609814,26.3731976,-7.74316931,3,14.5080957,9271.41699,47178.625
4100,15.5737972,23.2024593,23.4609814,26.3731976,-7.74316931,4,18.0337219,12491.8242,45966.6719
4100,15.5737972,23.2024593,23.4609814,26.3731976,-7.74316931,5,24.6031227,17219.8867,41895.918
4100,15.5737972,23.2024593,23.4609814,26.3731976,-7.74316931,6,29.4327869,20827.9648,38959.3711
4100,15.5737972,23.2024593,23.4609814,26.3731976,-7.74316931,7,33.4123497,23995.2266,36592.0234
4100,15.5737972,23.2024593,23.4609814,26.3731976,-7.74316931,8,36.6806183,26715.0645,34263.4961
4100,15.5737972,23.2024593,23.4609814,26.3731976,-7.74316931,9,38.6182938,28659.6562,32339.9023
4100,15.5737972,23.2024593,23.4609814,26.3731976,-7.74316931,10,40.5907974,30627.166,30372.5117
4100,15.5737972,23.2024593,23.4609814,26.3731976,-7.74316931,11,41.5431175,31577.0332,29422.6445
4100,15.5737972,23.2024593,23.4609814,26.3731976,-7.74316931,12,42.4954224,32526.8906,28472.7891
4100,15.5737972,23.2024593,23.4609814,26.3731976,-7.74316931,13,42.8571434,32887.6797,28112
4100,15.5737972,23.2024593,23.4609814,26.3731976,-7.74316931,14,44.2619972,33799.1484,27209.1016
4100,15.5737972,23.2024593,23.4609814,26.3731976,-7.74316931,15,47.408329,35361.7344,25699.3105
4100,15.5737972,23.2024593,23.4609814,26.3731976,-7.74316931,16,50.4537697,36924.3242,24350.1445
4100,15.5737972,23.2024593,23.4609814,26.3731976,-7.74316931,17,53.148098,38487.1367,23384.375
4100,15.5737972,23.2024593,23.4609814,26.3731976,-7.74316931,18,55.2453194,40062.2188,22913.9492
4100,15.5737972,23.2024593,23.4609814,26.3731976,-7.74316931,19,57.349926,41863.3906,22382.2285
4100,15.5737972,23.2024593,23.4609814,26.3731976,-7.74316931,20,62.0279045,44701.4688,19711.207
4100,15.5737972,23.2024593,23.4609814,26.3731976,-7.74316931,21,66.1268692,47479.3008,16934.5625
4100,15.5737972,23.2024593,23.4609814,26.3731976,-7.74316931,22,68.6873016,49042.2969,15371.5664
4100,15.5737972,23.2024593,23.4609814,26.3731976,-7.74316931,23,70.9406815,50464.1953,13949.668
4100,15.5737972,23.2024593,23.4609814,26.3731976,-7.74316931,24,71.4285736,50853.8633,13560
4100,15.5737972,23.2024593,23.4609814,26.3731976,-7.74316931,25,72.3656998,51464.1328,12952.8164
4100,15.5737972,23.2024593,23.4609814,26.3731976,-7.74316931,26,73.3007584,52074.4062,12352.7939
4100,15.5737972,23.2024593,23.4609814,26.3731976,-7.74316931,27,74.2281342,52684.6758,11771.5176
4100,15.5737972,23.2024593,23.4609814,26.3731976,-7.74316931,28,75.133606,53294.9453,11231.1484
4100,15.5737972,23.2024593,23.4609814,26.3731976,-7.74316931,29,75.9902649,53905.2227,10764.4805
4100,15.5737972,23.2024593,23.4609814,26.3731976,-7.74316931,30,76.7624512,54515.6133,10405.502
4100,15.5737972,23.2024593,23.4609814,26.3731976,-7.74316931,31,77.4244156,55127.4727,10168.7051
4100,15.5737972,23.2024593,23.4609814,26.3731976,-7.74316931,32,77.9920959,55751.1562,10021.8203
4100,15.5737972,23.2024593,23.4609814,26.3731976,-7.74316931,33,78.5616608,56434.0352,9855.45215
4100,15.5737972,23.2024593,23.4609814,26.3731976,-7.74316931,34,79.4827347,57296.3242,9244.57227
4100,15.5737972,23.2024593,23.4609814,26.3731976,-7.74316931,35,80.9227829,58467.4805,8102.41309
4100,15.5737972,23.2024593,23.4609814,26.3731976,-7.74316931,36,82.6810684,59878.1133,6692.56982
4100,15.5737972,23.2024593,23.4609814,26.3731976,-7.74316931,37,83.5089417,60542.0547,6028.63477
4100,15.5737972,23.2024593,23.4609814,26.3731976,-7.74316931,38,84.2699051,61152.3242,5418.36426
4100,15.5737972,23.2024593,23.4609814,26.3731976,-7.74316931,39,85.0308609,61762.5977,4808.09375
4100,15.5737972,23.2024593,23.4609814,26.3731976,-7.74316931,40,85.7142868,62310.6914,4260
4100,15.5737972,23.2024593,23.4609814,26.3731976,-7.74316931,41,87.4688263,62834.832,3743.49854
4100,15.5737972,23.2024593,23.4609814,26.3731976,-7.74316931,42,89.1836166,63358.9766,3268.26367
4100,15.5737972,23.2024593,23.4609814,26.3731976,-7.74316931,43,90.7119141,63883.1562,2922.42749
4100,15.5737972,23.2024593,23.4609814,26.3731976,-7.74316931,44,91.8825836,64411.4922,2764.63135
4100,15.5737972,23.2024593,23.4609814,26.3731976,-7.74316931,45,93.1190262,65040.3945,2536.62451
4100,15.5737972,23.2024593,23.4609814,26.3731976,-7.74316931,46,96.0071869,66113.4453,1475.16052
4100,15.5737972,23.2024593,23.4609814,26.3731976,-7.74316931,47,97.4691544,66653.5781,935.033447
4100,15.5737972,23.2024593,23.4609814,26.3731976,-7.74316931,48,98.8878479,67177.7188,410.88974
4100,15.5737972,23.2024593,23.4609814,26.3731976,-7.74316931,49,100,67588.6094,0
4100,15.5737972,23.2024593,23.4609814,26.3731976,-7.74316931,50,100,67588.6094,0
4100,15.5737972,23.2024593,23.4609814,26.3731976,-7.74316931,51,100,67588.6094,0
4100,15.5737972,23.2024593,23.4609814,26.3731976,-7.74316931,52,100,67588.6094,0
4100,15.5737972,23.2024593,23.4609814,26.3731976,-7.74316931,53,100,67588.6094,0
4100,15.5737972,23.2024593,23.4609814,26.3731976,-7.74316931,54,100,67588.6094,0
4100,15.5737972,23.2024593,23.4609814,26.3731976,-7.74316931,55,100,67588.6094,0
4100,15.5737972,23.2024593,23.4609814,26.3731976,-7.74316931,56,100,67588.6094,0
4100,15.5737972,23.2024593,23.4609814,26.3731976,-7.74316931,57,100,67588.6094,0
4100,15.5737972,23.2024593,23.4609814,26.3731976,-7.74316931,58,100,67588.6094,0
4100,15.5737972,23.2024593,23.4609814,26.3731976,-7.74316931,59,100,67588.6094,0
4100,15.5737972,23.2024593,23.4609814,26.3731976,-7.74316931,60,100,67588.6094,0
4200,12.2174301,11.6215906,16.5341587,29.0773392,26.6188278,0,0,0,54912
4200,12.2174301,11.6215906,16.5341587,29.0773392,26.6188278,1,7.5552268,4503.88623,50432.5
4200,12.2174301,11.6215906,16.5341587,29.0773392,26.6188278,2,14.9899435,9007.77441,46095.6367
4200,12.2174301,11.6215906,16.5341587,29.0773392,26.6188278,3,21.8842964,13512.6484,42169.7227
4200,12.2174301,11.6215906,16.5341587,29.0773392,26.6188278,4,28.0865059,18112.0762,38576.2812
4200,12.2174301,11.6215906,16.5341587,29.0773392,26.6188278,5,36.7657509,23816.2676,33201.3242
4200,12.2174301,11.6215906,16.5341587,29.0773392,26.6188278,6,38.218586,25580.3535,32108.9062
4200,12.2174301,11.6215906,16.5341587,29.0773392,26.6188278,7,39.5341797,27021.4238,31068.4941
4200,12.2174301,11.6215906,16.5341587,29.0773392,26.6188278,8,41.2183037,28693.3301,29592.5879
4200,12.2174301,11.6215906,16.5341587,29.0773392,26.6188278,9,42.8571434,30184.4355,28112
4200,12.2174301,11.6215906,16.5341587,29.0773392,26.6188278,10,42.8571434,30184.4355,28112
4200,12.2174301,11.6215906,16.5341587,29.0773392,26.6188278,11,42.8571434,30184.4355,28112
4200,12.2174301,11.6215906,16.5341587,29.0773392,26.6188278,12,42.8571434,30184.4355,28112
4200,12.2174301,11.6215906,16.5341587,29.0773392,26.6188278,13,44.9057426,31512.9551,26787.7734
4200,12.2174301,11.6215906,16.5341587,29.0773392,26.6188278,14,46.9447746,32841.4727,25480.9453
4200,12.2174301,11.6215906,16.5341587,29.0773392,26.6188278,15,51.4981499,35119.0352,23284.6035
4200,12.2174301,11.6215906,16.5341587,29.0773392,26.6188278,16,55.896183,37396.7305,21225.418
4200,12.2174301,11.6215906,16.5341587,29.0773392,26.6188278,17,59.9556198,39679.668,19376.1934
4200,12.2174301,11.6215906,16.5341587,29.0773392,26.6188278,18,63.6509476,42040.5078,17632.3008
4200,12.2174301,11.6215906,16.5341587,29.0773392,26.6188278,19,68.1227493,44848.4102,15150.3096
4200,12.2174301,11.6215906,16.5341587,29.0773392,26.6188278,20,71.4285736,46805.2852,13560
4200,12.2174301,11.6215906,16.5341587,29.0773392,26.6188278,21,71.4285736,46805.2852,13560
4200,12.2174301,11.6215906,16.5341587,29.0773392,26.6188278,22,71.4285736,46805.2852,13560
4200,12.2174301,11.6215906,16.5341587,29.0773392,26.6188278,23,72.7947083,47694.793,12672.041
4200,12.2174301,11.6215906,16.5341587,29.0773392,26.6188278,24,74.1593475,48584.2969,11787.6699
4200,12.2174301,11.6215906,16.5341587,29.0773392,26.6188278,25,75.5183487,49473.8008,10912.6875
4200,12.2174301,11.6215906,16.5341587,29.0773392,26.6188278,26,76.8611984,50363.3047,10058.1943
4200,12.2174301,11.6215906,16.5341587,29.0773392,26.6188278,27,78.1675568,51252.8164,9240.61621
4200,12.2174301,11.6215906,16.5341587,29.0773392,26.6188278,28,79.4088974,52142.4062,8476.9502
4200,12.2174301,11.6215906,16.5341587,29.0773392,26.6188278,29,80.5610962,53033.0781,7774.1416
4200,12.2174301,11.6215906,16.5341587,29.0773392,26.6188278,30,81.6298141,53932.4102,7113.62598
4200,12.2174301,11.6215906,16.5341587,29.0773392,26.6188278,31,82.6873016,54875.1172,6429.625
4200,12.2174301,11.6215906,16.5341587,29.0773392,26.6188278,32,84.0309753,55949.2969,5481.37354
4200,12.2174301,11.6215906,16.5341587,29.0773392,26.6188278,33,85.7142868,57185.1914,4260
4200,12.2174301,11.6215906,16.5341587,29.0773392,26.6188278,34,85.7142868,57185.1914,4260
4200,12.2174301,11.6215906,16.5341587,29.0773392,26.6188278,35,85.7142868,57185.1914,4260
4200,12.2174301,11.6215906,16.5341587,29.0773392,26.6188278,36,85.7142868,57185.1914,4260
4200,12.2174301,11.6215906,16.5341587,29.0773392,26.6188278,37,85.7142868,57185.1914,4260
4200,12.2174301,11.6215906,16.5341587,29.0773392,26.6188278,38,88.2739258,57949.1641,3499.85815
4200,12.2174301,11.6215906,16.5341587,29.0773392,26.6188278,39,90.8043137,58713.1328,2760.3855
4200,12.2174301,11.6215906,16.5341587,29.0773392,26.6188278,40,93.1936188,59477.1289,2085.71777
4200,12.2174301,11.6215906,16.5341587,29.0773392,26.6188278,41,95.2907257,60244.168,1504.27136
4200,12.2174301,11.6215906,16.5341587,29.0773392,26.6188278,42,97.4081573,61084.9023,864.336792
4200,12.2174301,11.6215906,16.5341587,29.0773392,26.6188278,43,100,61955.0469,0
4200,12.2174301,11.6215906,16.5341587,29.0773392,26.6188278,44,100,61955.0469,0
4200,12.2174301,11.6215906,16.5341587,29.0773392,26.6188278,45,100,61955.0469,0
4200,12.2174301,11.6215906,16.5341587,29.0773392,26.6188278,46,100,61955.0469,0
4200,12.2174301,11.6215906,16.5341587,29.0773392,26.6188278,47,100,61955.0469,0
4200,12.2174301,11.6215906,16.5341587,29.0773392,26.6188278,48,100,61955.0469,0
4200,12.2174301,11.6215906,16.5341587,29.0773392,26.6188278,49,100,61955.0469,0
4200,12.2174301,11.6215906,16.5341587,29.0773392,26.6188278,50,100,61955.0469,0
4200,12.2174301,11.6215906,16.5341587,29.0773392,26.6188278,51,100,61955.0469,0
4200,12.2174301,11.6215906,16.5341587,29.0773392,26.6188278,52,100,61955.0469,0
4200,12.2174301,11.6215906,16.5341587,29.0773392,26.6188278,53,100,61955.0469,0
4200,12.2174301,11.6215906,16.5341587,29.0773392,26.6188278,54,100,61955.0469,0
4200,12.2174301,11.6215906,16.5341587,29.0773392,26.6188278,55,100,61955.0469,0
4200,12.2174301,11.6215906,16.5341587,29.0773392,26.6188278,56,100,61955.0469,0
4200,12.2174301,11.6215906,16.5341587,29.0773392,26.6188278,57,100,61955.0469,0
4200,12.2174301,11.6215906,16.5341587,29.0773392,26.6188278,58,100,61955.0469,0
4200,12.2174301,11.6215906,16.5341587,29.0773392,26.6188278,59,100,61955.0469,0
4200,12.2174301,11.6215906,16.5341587,29.0773392,26.6188278,60,100,61955.0469,0
4300,27.0401173,21.797184,21.6696854,6.12000799,-7.41815996,0,0,0,54912
4300,27.0401173,21.797184,21.6696854,6.12000799,-7.41815996,1,3.77108812,2250.28784,52707.4531
4300,27.0401173,21.797184,21.6696854,6.12000799,-7.41815996,2,7.43045568,4500.57715,50770.4258
4300,27.0401173,21.797184,21.6696854,6.12000799,-7.41815996,3,10.6088009,6751.94141,49604.9453
4300,27.0401173,21.797184,21.6696854,6.12000799,-7.41815996,4,13.2576361,9106.30176,49137.3945
4300,27.0401173,21.797184,21.6696854,6.12000799,-7.41815996,5,18.2807827,12664.0781,46197.1172
4300,27.0401173,21.797184,21.6696854,6.12000799,-7.41815996,6,21.9027405,15327.8799,44164.1797
4300,27.0401173,21.797184,21.6696854,6.12000799,-7.41815996,7,24.8527508,17639.8203,42603.7031
4300,27.0401173,21.797184,21.6696854,6.12000799,-7.41815996,8,28.1553383,20203.2109,40407.9219
4300,27.0401173,21.797184,21.6696854,6.12000799,-7.41815996,9,32.0695572,23247.498,37383.3633
4300,27.0401173,21.797184,21.6696854,6.12000799,-7.41815996,10,36.0106697,26310.0801,34320.8945
4300,27.0401173,21.797184,21.6696854,6.12000799,-7.41815996,11,38.3030128,28028.0957,32602.877
4300,27.0401173,21.797184,21.6696854,6.12000799,-7.41815996,12,39.0044823,28719.8223,31911.1504
4300,27.0401173,21.797184,21.6696854,6.12000799,-7.41815996,13,39.7059517,29411.5488,31219.4238
4300,27.0401173,21.797184,21.6696854,6.12000799,-7.41815996,14,40.4074211,30103.2754,30527.6973
4300,27.0401173,21.797184,21.6696854,6.12000799,-7.41815996,15,42.3867645,31269.1758,29370.7168
4300,27.0401173,21.797184,21.6696854,6.12000799,-7.41815996,16,44.3388824,32435.0742,28261.8945
4300,27.0401173,21.797184,21.6696854,6.12000799,-7.41815996,17,46.1628799,33601.0117,27304.0879
4300,27.0401173,21.797184,21.6696854,6.12000799,-7.41815996,18,47.3841515,34419.8555,26917.666
4300,27.0401173,21.797184,21.6696854,6.12000799,-7.41815996,19,49.3567886,35661.6797,26151.748
4300,27.0401173,21.797184,21.6696854,6.12000799,-7.41815996,20,52.604847,37343.9023,24523.7266
4300,27.0401173,21.797184,21.6696854,6.12000799,-7.41815996,21,54.6574478,38497.6992,23513.3535
4300,27.0401173,21.797184,21.6696854,6.12000799,-7.41815996,22,56.5618591,39635.7891,22728.0195
4300,27.0401173,21.797184,21.6696854,6.12000799,-7.41815996,23,58.3011322,40779.5508,22189.5859
4300,27.0401173,21.797184,21.6696854,6.12000799,-7.41815996,24,60.0121956,42004.0508,21689.791
4300,27.0401173,21.797184,21.6696854,6.12000799,-7.41815996,25,62.4320068,43615.8164,20221.4453
4300,27.0401173,21.797184,21.6696854,6.12000799,-7.41815996,26,65.5258713,45707.9219,18130.4531
4300,27.0401173,21.797184,21.6696854,6.12000799,-7.41815996,27,66.6351547,46493.668,17344.707
4300,27.0401173,21.797184,21.6696854,6.12000799,-7.41815996,28,67.4758301,47157.4375,16680.9375
4300,27.0401173,21.797184,21.6696854,6.12000799,-7.41815996,29,68.3165131,47821.2109,16017.166
4300,27.0401173,21.797184,21.6696854,6.12000799,-7.41815996,30,69.157196,48484.9805,15353.3945
4300,27.0401173,21.797184,21.6696854,6.12000799,-7.41815996,31,69.997879,49148.75,14689.624
4300,27.0401173,21.797184,21.6696854,6.12000799,-7.41815996,32,70.8385544,49812.5234,14025.8535
4300,27.0401173,21.797184,21.6696854,6.12000799,-7.41815996,33,71.4285736,50278.375,13560
4300,27.0401173,21.797184,21.6696854,6.12000799,-7.41815996,34,72.1110382,50722.8008,13118.4746
4300,27.0401173,21.797184,21.6696854,6.12000799,-7.41815996,35,72.792099,51167.2266,12683.6768
4300,27.0401173,21.797184,21.6696854,6.12000799,-7.41815996,36,73.4678955,51611.6523,12266.4893
4300,27.0401173,21.797184,21.6696854,6.12000799,-7.41815996,37,74.128685,52056.0781,11887.7314
4300,27.0401173,21.797184,21.6696854,6.12000799,-7.41815996,38,74.7559891,52500.5078,11578.2129
4300,27.0401173,21.797184,21.6696854,6.12000799,-7.41815996,39,75.3251572,52945.0273,11369.876
4300,27.0401173,21.797184,21.6696854,6.12000799,-7.41815996,40,75.8182068,53390.7227,11276.5293
4300,27.0401173,21.797184,21.6696854,6.12000799,-7.41815996,41,76.2470398,53845.8555,11269.3193
4300,27.0401173,21.797184,21.6696854,6.12000799,-7.41815996,42,76.6844711,54348.2344,11252.165
4300,27.0401173,21.797184,21.6696854,6.12000799,-7.41815996,43,77.390892,54993.8242,10842.7607
4300,27.0401173,21.797184,21.6696854,6.12000799,-7.41815996,44,78.5018616,55885.9492,9977.875
4300,27.0401173,21.797184,21.6696854,6.12000799,-7.41815996,45,79.8677368,56969.2266,8895.33984
4300,27.0401173,21.797184,21.6696854,6.12000799,-7.41815996,46,80.4823151,57456.4922,8408.08008
4300,27.0401173,21.797184,21.6696854,6.12000799,-7.41815996,47,81.0428696,57900.918,7963.65479
4300,27.0401173,21.797184,21.6696854,6.12000799,-7.41815996,48,81.6034241,58345.3438,7519.229
4300,27.0401173,21.797184,21.6696854,6.12000799,-7.41815996,49,82.1639786,58789.7695,7074.80371
4300,27.0401173,21.797184,21.6696854,6.12000799,-7.41815996,50,82.7245331,59234.1914,6630.37842
4300,27.0401173,21.797184,21.6696854,6.12000799,-7.41815996,51,83.2850876,59678.6172,6185.95312
4300,27.0401173,21.797184,21.6696854,6.12000799,-7.41815996,52,83.8456345,60123.043,5741.52734
4300,27.0401173,21.797184,21.6696854,6.12000799,-7.41815996,53,84.406189,60567.4688,5297.10205
4300,27.0401173,21.797184,21.6696854,6.12000799,-7.41815996,54,84.9667435,61011.8945,4852.67676
4300,27.0401173,21.797184,21.6696854,6.12000799,-7.41815996,55,85.527298,61456.3203,4408.25146
4300,27.0401173,21.797184,21.6696854,6.12000799,-7.41815996,56,85.7142868,61604.5703,4260
4300,27.0401173,21.797184,21.6696854,6.12000799,-7.41815996,57,86.992157,61986.2773,3885.47534
4300,27.0401173,21.797184,21.6696854,6.12000799,-7.41815996,58,88.2428055,62367.9805,3549.71777
4300,27.0401173,21.797184,21.6696854,6.12000799,-7.41815996,59,89.3653412,62749.7109,3335.52686
4300,27.0401173,21.797184,21.6696854,6.12000799,-7.41815996,60,90.2412949,63134.7617,3298.57397
4400,24.3506565,8.41748905,17.9811687,21.7709217,-19.2951508,0,0,0,54912
4400,24.3506565,8.41748905,17.9811687,21.7709217,-19.2951508,1,3.91629386,2333.88379,52595.7812
4400,24.3506565,8.41748905,17.9811687,21.7709217,-19.2951508,2,7.78720427,4667.76904,50382.8672
4400,24.3506565,8.41748905,17.9811687,21.7709217,-19.2951508,3,11.4529686,7002.57861,48467.3984
4400,24.3506565,8.41748905,17.9811687,21.7709217,-19.2951508,4,14.9375877,9426.00391,46772.6094
4400,24.3506565,8.41748905,17.9811687,21.7709217,-19.2951508,5,20.4576797,12884.8145,43552.2578
4400,24.3506565,8.41748905,17.9811687,21.7709217,-19.2951508,6,24.6376648,15574.4746,41106.2227
4400,24.3506565,8.41748905,17.9811687,21.7709217,-19.2951508,7,28.212204,17961.4023,39009.4883
4400,24.3506565,8.41748905,17.9811687,21.7709217,-19.2951508,8,32.0758896,20564.6699,36548.1836
4400,24.3506565,8.41748905,17.9811687,21.7709217,-19.2951508,9,36.4720078,23581.6895,33538.7812
4400,24.3506565,8.41748905,17.9811687,21.7709217,-19.2951508,10,38.6857071,25344.418,31776.0957
4400,24.3506565,8.41748905,17.9811687,21.7709217,-19.2951508,11,39.5024757,26061.8496,31058.666
4400,24.3506565,8.41748905,17.9811687,21.7709217,-19.2951508,12,40.3192329,26779.2734,30341.2422
4400,24.3506565,8.41748905,17.9811687,21.7709217,-19.2951508,13,41.135994,27496.6973,29623.8184
4400,24.3506565,8.41748905,17.9811687,21.7709217,-19.2951508,14,41.952755,28214.1191,28906.3945
4400,24.3506565,8.41748905,17.9811687,21.7709217,-19.2951508,15,44.0962296,29423.332,27700.627
4400,24.3506565,8.41748905,17.9811687,21.7709217,-19.2951508,16,45.4995766,29992.0918,27153.9082
4400,24.3506565,8.41748905,17.9811687,21.7709217,-19.2951508,17,47.8235588,31172.3379,26057.1445
4400,24.3506565,8.41748905,17.9811687,21.7709217,-19.2951508,18,50.0361633,32356.1309,25056.0527
4400,24.3506565,8.41748905,17.9811687,21.7709217,-19.2951508,19,52.363121,33625.7227,24022.5176
4400,24.3506565,8.41748905,17.9811687,21.7709217,-19.2951508,20,55.735508,35274.3516,22515.3379
4400,24.3506565,8.41748905,17.9811687,21.7709217,-19.2951508,21,57.9118118,36473.2109,21550.2402
4400,24.3506565,8.41748905,17.9811687,21.7709217,-19.2951508,22,60.0828362,37727.9023,20575.4121
4400,24.3506565,8.41748905,17.9811687,21.7709217,-19.2951508,23,62.8309746,39315.7812,19042.916
4400,24.3506565,8.41748905,17.9811687,21.7709217,-19.2951508,24,66.1999969,41316.9297,17042.1973
4400,24.3506565,8.41748905,17.9811687,21.7709217,-19.2951508,25,67.8207779,42263.6016,16095.5244
4400,24.3506565,8.41748905,17.9811687,21.7709217,-19.2951508,26,68.8003387,42952.0312,15407.0947
4400,24.3506565,8.41748905,17.9811687,21.7709217,-19.2951508,27,69.7799072,43640.4609,14718.666
4400,24.3506565,8.41748905,17.9811687,21.7709217,-19.2951508,28,70.7594757,44328.8906,14030.2363
4400,24.3506565,8.41748905,17.9811687,21.7709217,-19.2951508,29,71.4285736,44799.1289,13560
4400,24.3506565,8.41748905,17.9811687,21.7709217,-19.2951508,30,72.136528,45260.0625,13100.1846
4400,24.3506565,8.41748905,17.9811687,21.7709217,-19.2951508,31,72.8439178,45721,12642.9668
4400,24.3506565,8.41748905,17.9811687,21.7709217,-19.2951508,32,73.5491943,46181.9336,12192.5498
4400,24.3506565,8.41748905,17.9811687,21.7709217,-19.2951508,33,74.2483978,46642.8672,11756.9736
4400,24.3506565,8.41748905,17.9811687,21.7709217,-19.2951508,34,74.9338074,47103.8086,11348.1338
4400,24.3506565,8.41748905,17.9811687,21.7709217,-19.2951508,35,75.5945206,47564.8281,10978.3232
4400,24.3506565,8.41748905,17.9811687,21.7709217,-19.2951508,36,76.2217026,48026.8516,10652.3643
4400,24.3506565,8.41748905,17.9811687,21.7709217,-19.2951508,37,76.822876,48497,10355.1924
4400,24.3506565,8.41748905,17.9811687,21.7709217,-19.2951508,38,77.4527359,49007.7969,10031.7754
4400,24.3506565,8.41748905,17.9811687,21.7709217,-19.2951508,39,78.2974701,49641.8086,9488.97266
4400,24.3506565,8.41748905,17.9811687,21.7709217,-19.2951508,40,79.4891968,50487.9336,8653.36914
4400,24.3506565,8.41748905,17.9811687,21.7709217,-19.2951508,41,80.9208603,51498.5195,7643.06885
4400,24.3506565,8.41748905,17.9811687,21.7709217,-19.2951508,42,81.6261749,51996.3125,7145.27783
4400,24.3506565,8.41748905,17.9811687,21.7709217,-19.2951508,43,82.2792664,52457.2461,6684.34229
4400,24.3506565,8.41748905,17.9811687,21.7709217,-19.2951508,44,82.9323578,52918.1836,6223.40674
4400,24.3506565,8.41748905,17.9811687,21.7709217,-19.2951508,45,83.5854492,53379.1172,5762.47119
4400,24.3506565,8.41748905,17.9811687,21.7709217,-19.2951508,46,84.2385483,53840.0547,5301.53613
4400,24.3506565,8.41748905,17.9811687,21.7709217,-19.2951508,47,84.8916397,54300.9883,4840.60059
4400,24.3506565,8.41748905,17.9811687,21.7709217,-19.2951508,48,85.5447311,54761.9258,4379.66504
4400,24.3506565,8.41748905,17.9811687,21.7709217,-19.2951508,49,85.7142868,54881.5898,4260
4400,24.3506565,8.41748905,17.9811687,21.7709217,-19.2951508,50,87.0410004,55277.4727,3866.88843
4400,24.3506565,8.41748905,17.9811687,21.7709217,-19.2951508,51,88.35672,55673.3594,3488.7478
4400,24.3506565,8.41748905,17.9811687,21.7709217,-19.2951508,52,89.6189957,56069.2656,3157.53955
4400,24.3506565,8.41748905,17.9811687,21.7709217,-19.2951508,53,90.7734833,56468.0273,2893.20288
4400,24.3506565,8.41748905,17.9811687,21.7709217,-19.2951508,54,92.0594025,56935.8555,2570.81348
4400,24.3506565,8.41748905,17.9811687,21.7709217,-19.2951508,55,94.4386063,57708.7031,1802.1698
4400,24.3506565,8.41748905,17.9811687,21.7709217,-19.2951508,56,95.6941528,58115.5664,1395.30847
4400,24.3506565,8.41748905,17.9811687,21.7709217,-19.2951508,57,96.9158325,58511.4492,999.4245
4400,24.3506565,8.41748905,17.9811687,21.7709217,-19.2951508,58,98.1375046,58907.3359,603.540405
4400,24.3506565,8.41748905,17.9811687,21.7709217,-19.2951508,59,99.3591843,59303.2188,207.656387
4400,24.3506565,8.41748905,17.9811687,21.7709217,-19.2951508,60,100,59510.875,0
4500,7.97616816,12.8449678,21.4769211,8.6873703,3.98572302,0,0,0,54912
4500,7.97616816,12.8449678,21.4769211,8.6873703,3.98572302,1,5.47636175,3265.00586,51673.9492
4500,7.97616816,12.8449678,21.4769211,8.6873703,3.98572302,2,10.8562927,6530.01318,48593.5469
4500,7.97616816,12.8449678,21.4769211,8.6873703,3.98572302,3,15.806922,9796.36523,45967.1016
4500,7.97616816,12.8449678,21.4769211,8.6873703,3.98572302,4,20.3028202,13191.4697,43683.8828
4500,7.97616816,12.8449678,21.4769211,8.6873703,3.98572302,5,27.7929802,18090.9316,39148.3086
4500,7.97616816,12.8449678,21.4769211,8.6873703,3.98572302,6,33.406147,21872.8613,35738.1445
4500,7.97616816,12.8449678,21.4769211,8.6873703,3.98572302,7,36.4892387,24223.1758,33830.6641
4500,7.97616816,12.8449678,21.4769211,8.6873703,3.98572302,8,37.8853912,25618.2207,32652.248
4500,7.97616816,12.8449678,21.4769211,8.6873703,3.98572302,9,40.0610771,27614.4258,30667.6699
4500,7.97616816,12.8449678,21.4769211,8.6873703,3.98572302,10,42.2700005,29633.498,28648.6621
4500,7.97616816,12.8449678,21.4769211,8.6873703,3.98572302,11,42.8571434,30170.1621,28112
4500,7.97616816,12.8449678,21.4769211,8.6873703,3.98572302,12,42.8571434,30170.1621,28112
4500,7.97616816,12.8449678,21.4769211,8.6873703,3.98572302,13,44.3421631,31133.2461,27153.6602
4500,7.97616816,12.8449678,21.4769211,8.6873703,3.98572302,14,45.819519,32096.3281,26214.5508
4500,7.97616816,12.8449678,21.4769211,8.6873703,3.98572302,15,49.1160278,33747.4062,24653.2441
4500,7.97616816,12.8449678,21.4769211,8.6873703,3.98572302,16,52.2887154,35398.6602,23243.502
4500,7.97616816,12.8449678,21.4769211,8.6873703,3.98572302,17,55.1968231,37057.0508,22064.4766
4500,7.97616816,12.8449678,21.4769211,8.6873703,3.98572302,18,57.8810997,38821.5273,20981.8945
4500,7.97616816,12.8449678,21.4769211,8.6873703,3.98572302,19,61.5763474,41194.7695,18968.873
4500,7.97616816,12.8449678,21.4769211,8.6873703,3.98572302,20,67.7738876,44719.0039,15453.2617
4500,7.97616816,12.8449678,21.4769211,8.6873703,3.98572302,21,70.6160583,46271.4648,13900.8018
4500,7.97616816,12.8449678,21.4769211,8.6873703,3.98572302,22,71.4285736,46612.2656,13560
4500,7.97616816,12.8449678,21.4769211,8.6873703,3.98572302,23,72.4189072,47257.0977,12916.8799
4500,7.97616816,12.8449678,21.4769211,8.6873703,3.98572302,24,73.4080429,47901.9258,12277.7236
4500,7.97616816,12.8449678,21.4769211,8.6873703,3.98572302,25,74.3926697,48546.7539,11648.9453
4500,7.97616816,12.8449678,21.4769211,8.6873703,3.98572302,26,75.3643646,49191.5859,11042.8135
4500,7.97616816,12.8449678,21.4769211,8.6873703,3.98572302,27,76.3068924,49836.418,10477.4814
4500,7.97616816,12.8449678,21.4769211,8.6873703,3.98572302,28,77.1976929,50481.3711,9971.71387
4500,7.97616816,12.8449678,21.4769211,8.6873703,3.98572302,29,78.0187225,51127.7852,9532.93555
4500,7.97616816,12.8449678,21.4769211,8.6873703,3.98572302,30,78.7810822,51785.9961,9138.68066
4500,7.97616816,12.8449678,21.4769211,8.6873703,3.98572302,31,79.5688705,52503.2734,8707.34473
4500,7.97616816,12.8449678,21.4769211,8.6873703,3.98572302,32,80.6828003,53399.5742,7950.22803
4500,7.97616816,12.8449678,21.4769211,8.6873703,3.98572302,33,82.308403,54604.0586,6761.79395
4500,7.97616816,12.8449678,21.4769211,8.6873703,3.98572302,34,84.272934,56047.5039,5318.78906
4500,7.97616816,12.8449678,21.4769211,8.6873703,3.98572302,35,85.2236557,56745.8828,4620.41064
4500,7.97616816,12.8449678,21.4769211,8.6873703,3.98572302,36,85.7142868,57106.293,4260
4500,7.97616816,12.8449678,21.4769211,8.6873703,3.98572302,37,85.7142868,57106.293,4260
4500,7.97616816,12.8449678,21.4769211,8.6873703,3.98572302,38,87.5696716,57660.1211,3710.40552
4500,7.97616816,12.8449678,21.4769211,8.6873703,3.98572302,39,89.4016418,58213.9453,3183.65649
4500,7.97616816,12.8449678,21.4769211,8.6873703,3.98572302,40,91.1210403,58767.8047,2728.52734
4500,7.97616816,12.8449678,21.4769211,8.6873703,3.98572302,41,92.6144409,59325.8125,2375.65186
4500,7.97616816,12.8449678,21.4769211,8.6873703,3.98572302,42,94.24897,59984.168,1939.2334
4500,7.97616816,12.8449678,21.4769211,8.6873703,3.98572302,43,97.5,61085.7031,844.115906
4500,7.97616816,12.8449678,21.4769211,8.6873703,3.98572302,44,99.1874924,61655.4766,274.341339
4500,7.97616816,12.8449678,21.4769211,8.6873703,3.98572302,45,100,61929.8203,0
4500,7.97616816,12.8449678,21.4769211,8.6873703,3.98572302,46,100,61929.8203,0
4500,7.97616816,12.8449678,21.4769211,8.6873703,3.98572302,47,100,61929.8203,0
4500,7.97616816,12.8449678,21.4769211,8.6873703,3.98572302,48,100,61929.8203,0
4500,7.97616816,12.8449678,21.4769211,8.6873703,3.98572302,49,100,61929.8203,0
4500,7.97616816,12.8449678,21.4769211,8.6873703,3.98572302,50,100,61929.8203,0
4500,7.97616816,12.8449678,21.4769211,8.6873703,3.98572302,51,100,61929.8203,0
4500,7.97616816,12.8449678,21.4769211,8.6873703,3.98572302,52,100,61929.8203,0
4500,7.97616816,12.8449678,21.4769211,8.6873703,3.98572302,53,100,61929.8203,0
4500,7.97616816,12.8449678,21.4769211,8.6873703,3.98572302,54,100,61929.8203,0
4500,7.97616816,12.8449678,21.4769211,8.6873703,3.98572302,55,100,61929.8203,0
4500,7.97616816,12.8449678,21.4769211,8.6873703,3.98572302,56,100,61929.8203,0
4500,7.97616816,12.8449678,21.4769211,8.6873703,3.98572302,57,100,61929.8203,0
4500,7.97616816,12.8449678,21.4769211,8.6873703,3.98572302,58,100,61929.8203,0
4500,7.97616816,12.8449678,21.4769211,8.6873703,3.98572302,59,100,61929.8203,0
4500,7.97616816,12.8449678,21.4769211,8.6873703,3.98572302,60,100,61929.8203,0
4600,7.1829052,17.6657848,28.8704472,1.44092214,-16.29846,0,0,0,54912
4600,7.1829052,17.6657848,28.8704472,1.44092214,-16.29846,1,4.14771748,2474.03271,52475.0391
4600,7.1829052,17.6657848,28.8704472,1.44092214,-16.29846,2,8.1954546,4948.06787,50254.8906
4600,7.1829052,17.6657848,28.8704472,1.44092214,-16.29846,3,11.8072386,7423.92529,48659.1016
4600,7.1829052,17.6657848,28.8704472,1.44092214,-16.29846,4,15.0487623,10074.3516,47537.8633
4600,7.1829052,17.6657848,28.8704472,1.44092214,-16.29846,5,22.0332813,14764.4502,43348.2227
4600,7.1829052,17.6657848,28.8704472,1.44092214,-16.29846,6,26.5752392,17939.3477,40684.6133
4600,7.1829052,17.6657848,28.8704472,1.44092214,-16.29846,7,30.0155563,20517.8789,38715.1172
4600,7.1829052,17.6657848,28.8704472,1.44092214,-16.29846,8,33.9911118,23522.5879,36008.3438
4600,7.1829052,17.6657848,28.8704472,1.44092214,-16.29846,9,37.845047,26659.2031,32887.7148
4600,7.1829052,17.6657848,28.8704472,1.44092214,-16.29846,10,40.0880203,28796.4668,30750.543
4600,7.1829052,17.6657848,28.8704472,1.44092214,-16.29846,11,40.8861771,29556.9844,29990.0234
4600,7.1829052,17.6657848,28.8704472,1.44092214,-16.29846,12,41.6843185,30317.4902,29229.5195
4600,7.1829052,17.6657848,28.8704472,1.44092214,-16.29846,13,42.48246,31077.9941,28469.0137
4600,7.1829052,17.6657848,28.8704472,1.44092214,-16.29846,14,42.8571434,31435.0098,28112
4600,7.1829052,17.6657848,28.8704472,1.44092214,-16.29846,15,45.3875694,32686.0977,26874.6641
4600,7.1829052,17.6657848,28.8704472,1.44092214,-16.29846,16,47.8856964,33937.1875,25702.8047
4600,7.1829052,17.6657848,28.8704472,1.44092214,-16.29846,17,50.2307549,35188.3398,24736.5684
4600,7.1829052,17.6657848,28.8704472,1.44092214,-16.29846,18,52.2527237,36446.7148,24114.5488
4600,7.1829052,17.6657848,28.8704472,1.44092214,-16.29846,19,54.3685684,37883.7266,23547.3105
4600,7.1829052,17.6657848,28.8704472,1.44092214,-16.29846,20,58.537159,40204.0312,21825.3184
4600,7.1829052,17.6657848,28.8704472,1.44092214,-16.29846,21,61.7348251,42285.0664,19860.5195
4600,7.1829052,17.6657848,28.8704472,1.44092214,-16.29846,22,66.0017624,45153.3594,16993.125
4600,7.1829052,17.6657848,28.8704472,1.44092214,-16.29846,23,68.1499023,46405.0039,15741.4824
4600,7.1829052,17.6657848,28.8704472,1.44092214,-16.29846,24,70.0895615,47565.1289,14581.3574
4600,7.1829052,17.6657848,28.8704472,1.44092214,-16.29846,25,71.0462952,48294.8984,13851.5879
4600,7.1829052,17.6657848,28.8704472,1.44092214,-16.29846,26,71.4285736,48586.4883,13560
4600,7.1829052,17.6657848,28.8704472,1.44092214,-16.29846,27,72.1789398,49075.1016,13073.7354
4600,7.1829052,17.6657848,28.8704472,1.44092214,-16.29846,28,72.9280548,49563.7148,12592.9238
4600,7.1829052,17.6657848,28.8704472,1.44092214,-16.29846,29,73.6724777,50052.3281,12126.3848
4600,7.1829052,17.6657848,28.8704472,1.44092214,-16.29846,30,74.4034805,50540.9453,11690.9922
4600,7.1829052,17.6657848,28.8704472,1.44092214,-16.29846,31,75.104393,51029.5664,11311.71
4600,7.1829052,17.6657848,28.8704472,1.44092214,-16.29846,32,75.7526245,51518.3438,11014.3516
4600,7.1829052,17.6657848,28.8704472,1.44092214,-16.29846,33,76.331871,52009.1094,10809.1514
4600,7.1829052,17.6657848,28.8704472,1.44092214,-16.29846,34,76.8601303,52515.8672,10665.4141
4600,7.1829052,17.6657848,28.8704472,1.44092214,-16.29846,35,77.4424744,53102.7109,10471.8281
4600,7.1829052,17.6657848,28.8704472,1.44092214,-16.29846,36,78.4223557,53932.2773,9833.67969
4600,7.1829052,17.6657848,28.8704472,1.44092214,-16.29846,37,80.0369263,55179.6992,8608.33594
4600,7.1829052,17.6657848,28.8704472,1.44092214,-16.29846,38,82.0880356,56751.1055,7037.52979
4600,7.1829052,17.6657848,28.8704472,1.44092214,-16.29846,39,82.8207397,57312.3281,6476.31104
4600,7.1829052,17.6657848,28.8704472,1.44092214,-16.29846,40,83.4586639,57800.9453,5987.69678
4600,7.1829052,17.6657848,28.8704472,1.44092214,-16.29846,41,84.0965805,58289.5586,5499.08203
4600,7.1829052,17.6657848,28.8704472,1.44092214,-16.29846,42,84.7344971,58778.1719,5010.46777
4600,7.1829052,17.6657848,28.8704472,1.44092214,-16.29846,43,85.3724213,59266.7891,4521.85303
4600,7.1829052,17.6657848,28.8704472,1.44092214,-16.29846,44,85.7142868,59528.6406,4260
4600,7.1829052,17.6657848,28.8704472,1.44092214,-16.29846,45,87.1196671,59948.2969,3846.16187
4600,7.1829052,17.6657848,28.8704472,1.44092214,-16.29846,46,88.5007248,60367.9531,3463.74316
4600,7.1829052,17.6657848,28.8704472,1.44092214,-16.29846,47,89.7662354,60787.6602,3179.82446
4600,7.1829052,17.6657848,28.8704472,1.44092214,-16.29846,48,90.811142,61212.9844,3036.6167
4600,7.1829052,17.6657848,28.8704472,1.44092214,-16.29846,49,92.0972137,61774.3711,2780.46533
4600,7.1829052,17.6657848,28.8704472,1.44092214,-16.29846,50,95.3836823,62936.6328,1627.02649
4600,7.1829052,17.6657848,28.8704472,1.44092214,-16.29846,51,96.6357193,63377.9141,1185.745
4600,7.1829052,17.6657848,28.8704472,1.44092214,-16.29846,52,97.8264008,63797.5742,766.088257
4600,7.1829052,17.6657848,28.8704472,1.44092214,-16.29846,53,99.0170822,64217.2305,346.431458
4600,7.1829052,17.6657848,28.8704472,1.44092214,-16.29846,54,100,64563.6602,0
4600,7.1829052,17.6657848,28.8704472,1.44092214,-16.29846,55,100,64563.6602,0
4600,7.1829052,17.6657848,28.8704472,1.44092214,-16.29846,56,100,64563.6602,0
4600,7.1829052,17.6657848,28.8704472,1.44092214,-16.29846,57,100,64563.6602,0
4600,7.1829052,17.6657848,28.8704472,1.44092214,-16.29846,58,100,64563.6602,0
4600,7.1829052,17.6657848,28.8704472,1.44092214,-16.29846,59,100,64563.6602,0
4600,7.1829052,17.6657848,28.8704472,1.44092214,-16.29846,60,100,64563.6602,0
4700,18.9688568,8.04291153,18.9470615,5.42297268,-4.96514082,0,0,0,54912
4700,18.9688568,8.04291153,18.9470615,5.42297268,-4.96514082,1,4.27674103,2548.59595,52380.2812
4700,18.9688568,8.04291153,18.9470615,5.42297268,-4.96514082,2,8.50611019,5097.19336,49947.2734
4700,18.9688568,8.04291153,18.9470615,5.42297268,-4.96514082,3,12.5211601,7646.83496,47798.3125
4700,18.9688568,8.04291153,18.9470615,5.42297268,-4.96514082,4,16.3589573,10296.4951,45844.8633
4700,18.9688568,8.04291153,18.9470615,5.42297268,-4.96514082,5,22.4817162,14114.7725,42254.4375
4700,18.9688568,8.04291153,18.9470615,5.42297268,-4.96514082,6,27.0871773,17064.9258,39537.0625
4700,18.9688568,8.04291153,18.9470615,5.42297268,-4.96514082,7,31.0111485,19673.3926,37205.8789
4700,18.9688568,8.04291153,18.9470615,5.42297268,-4.96514082,8,35.2588425,22526.0371,34488.8789
4700,18.9688568,8.04291153,18.9470615,5.42297268,-4.96514082,9,37.9298439,24597.041,32425.1523
4700,18.9688568,8.04291153,18.9470615,5.42297268,-4.96514082,10,39.7259064,26169.2734,30852.9629
4700,18.9688568,8.04291153,18.9470615,5.42297268,-4.96514082,11,40.6208916,26952.7051,30069.5293
4700,18.9688568,8.04291153,18.9470615,5.42297268,-4.96514082,12,41.5158615,27736.1309,29286.1055
4700,18.9688568,8.04291153,18.9470615,5.42297268,-4.96514082,13,42.4108353,28519.5566,28502.6797
4700,18.9688568,8.04291153,18.9470615,5.42297268,-4.96514082,14,42.8571434,28910.2363,28112
4700,18.9688568,8.04291153,18.9470615,5.42297268,-4.96514082,15,45.4653549,30199.0312,26829.4668
4700,18.9688568,8.04291153,18.9470615,5.42297268,-4.96514082,16,48.0583344,31487.8262,25576.7422
4700,18.9688568,8.04291153,18.9470615,5.42297268,-4.96514082,17,50.5776787,32776.6562,24417.6309
4700,18.9688568,8.04291153,18.9470615,5.42297268,-4.96514082,18,52.934906,34069.625,23414.3809
4700,18.9688568,8.04291153,18.9470615,5.42297268,-4.96514082,19,55.3721886,35464.9453,22415.0547
4700,18.9688568,8.04291153,18.9470615,5.42297268,-4.96514082,20,59.0731926,37366.3398,20786.0605
4700,18.9688568,8.04291153,18.9470615,5.42297268,-4.96514082,21,62.1458931,39130.6484,19074.6719
4700,18.9688568,8.04291153,18.9470615,5.42297268,-4.96514082,22,65.8807526,41346.0117,16859.7188
4700,18.9688568,8.04291153,18.9470615,5.42297268,-4.96514082,23,68.2934189,42635.125,15570.6064
4700,18.9688568,8.04291153,18.9470615,5.42297268,-4.96514082,24,69.9854965,43635.0547,14570.6768
4700,18.9688568,8.04291153,18.9470615,5.42297268,-4.96514082,25,71.0588837,44386.8164,13818.9131
4700,18.9688568,8.04291153,18.9470615,5.42297268,-4.96514082,26,71.4285736,44645.7305,13560
4700,18.9688568,8.04291153,18.9470615,5.42297268,-4.96514082,27,72.2016602,45149.0703,13057.7295
4700,18.9688568,8.04291153,18.9470615,5.42297268,-4.96514082,28,72.9741669,45652.4102,12557.9414
4700,18.9688568,8.04291153,18.9470615,5.42297268,-4.96514082,29,73.7444611,46155.7539,12064.6514
4700,18.9688568,8.04291153,18.9470615,5.42297268,-4.96514082,30,74.5084076,46659.0938,11585.542
4700,18.9688568,8.04291153,18.9470615,5.42297268,-4.96514082,31,75.2579651,47162.4375,11131.9775
4700,18.9688568,8.04291153,18.9470615,5.42297268,-4.96514082,32,75.98172,47665.8711,10715.6934
4700,18.9688568,8.04291153,18.9470615,5.42297268,-4.96514082,33,76.6704865,48170.4453,10341.1328
4700,18.9688568,8.04291153,18.9470615,5.42297268,-4.96514082,34,77.3329239,48684.1797,9992.67383
4700,18.9688568,8.04291153,18.9470615,5.42297268,-4.96514082,35,78.0301437,49243.8008,9612.09668
4700,18.9688568,8.04291153,18.9470615,5.42297268,-4.96514082,36,78.9672394,49942.4883,9000.55859
4700,18.9688568,8.04291153,18.9470615,5.42297268,-4.96514082,37,80.2935104,50880.582,8072.51611
4700,18.9688568,8.04291153,18.9470615,5.42297268,-4.96514082,38,81.890976,52004.3047,6949.06934
4700,18.9688568,8.04291153,18.9470615,5.42297268,-4.96514082,39,82.6657639,52549.2422,6404.13037
4700,18.9688568,8.04291153,18.9470615,5.42297268,-4.96514082,40,83.3814163,53052.5859,5900.78955
4700,18.9688568,8.04291153,18.9470615,5.42297268,-4.96514082,41,84.0970612,53555.9258,5397.44922
4700,18.9688568,8.04291153,18.9470615,5.42297268,-4.96514082,42,84.8127136,54059.2656,4894.10889
4700,18.9688568,8.04291153,18.9470615,5.42297268,-4.96514082,43,85.5283585,54562.6055,4390.76807
4700,18.9688568,8.04291153,18.9470615,5.42297268,-4.96514082,44,85.7142868,54693.375,4260
4700,18.9688568,8.04291153,18.9470615,5.42297268,-4.96514082,45,87.1631012,55125.6797,3830.34473
4700,18.9688568,8.04291153,18.9470615,5.42297268,-4.96514082,46,88.6004333,55557.9844,3414.9939
4700,18.9688568,8.04291153,18.9470615,5.42297268,-4.96514082,47,89.9819489,55990.3164,3044.48291
4700,18.9688568,8.04291153,18.9470615,5.42297268,-4.96514082,48,91.2513428,56425.8672,2737.37354
4700,18.9688568,8.04291153,18.9470615,5.42297268,-4.96514082,49,92.6760712,56939.375,2362.83374
4700,18.9688568,8.04291153,18.9470615,5.42297268,-4.96514082,50,95.3264923,57797.1523,1509.07495
4700,18.9688568,8.04291153,18.9470615,5.42297268,-4.96514082,51,96.7036819,58241.8477,1064.38049
4700,18.9688568,8.04291153,18.9470615,5.42297268,-4.96514082,52,98.0425034,58674.1484,632.075989
4700,18.9688568,8.04291153,18.9470615,5.42297268,-4.96514082,53,99.3813171,59106.4531,199.771484
4700,18.9688568,8.04291153,18.9470615,5.42297268,-4.96514082,54,100,59306.2266,0
4700,18.9688568,8.04291153,18.9470615,5.42297268,-4.96514082,55,100,59306.2266,0
4700,18.9688568,8.04291153,18.9470615,5.42297268,-4.96514082,56,100,59306.2266,0
4700,18.9688568,8.04291153,18.9470615,5.42297268,-4.96514082,57,100,59306.2266,0
4700,18.9688568,8.04291153,18.9470615,5.42297268,-4.96514082,58,100,59306.2266,0
4700,18.9688568,8.04291153,18.9470615,5.42297268,-4.96514082,59,100,59306.2266,0
4700,18.9688568,8.04291153,18.9470615,5.42297268,-4.96514082,60,100,59306.2266,0
4800,7.81537104,10.8937511,4.54501724,23.9340839,-10.343112,0,0,0,54912
4800,7.81537104,10.8937511,4.54501724,23.9340839,-10.343112,1,5.39454365,3215.61304,51719.2461
4800,7.81537104,10.8937511,4.54501724,23.9340839,-10.343112,2,10.7083731,6431.22656,48660.1953
4800,7.81537104,10.8937511,4.54501724,23.9340839,-10.343112,3,15.6585503,9647.125,45987
4800,7.81537104,10.8937511,4.54501724,23.9340839,-10.343112,4,20.0785923,12890.3174,43686.793
4800,7.81537104,10.8937511,4.54501724,23.9340839,-10.343112,5,25.4547768,16452.4238,40433.2969
4800,7.81537104,10.8937511,4.54501724,23.9340839,-10.343112,6,30.4215164,19777.6211,37423.3906
4800,7.81537104,10.8937511,4.54501724,23.9340839,-10.343112,7,35.1338692,23009.5723,34567.0039
4800,7.81537104,10.8937511,4.54501724,23.9340839,-10.343112,8,37.493557,24833.8262,32926.4766
4800,7.81537104,10.8937511,4.54501724,23.9340839,-10.343112,9,38.8212891,26032.7051,31737.457
4800,7.81537104,10.8937511,4.54501724,23.9340839,-10.343112,10,40.1612282,27236.4297,30533.7852
4800,7.81537104,10.8937511,4.54501724,23.9340839,-10.343112,11,41.2615776,28224.8945,29545.3203
4800,7.81537104,10.8937511,4.54501724,23.9340839,-10.343112,12,42.3619308,29213.3574,28556.8594
4800,7.81537104,10.8937511,4.54501724,23.9340839,-10.343112,13,42.8571434,29658.2168,28112
4800,7.81537104,10.8937511,4.54501724,23.9340839,-10.343112,14,44.3198128,30606.7305,27167.5098
4800,7.81537104,10.8937511,4.54501724,23.9340839,-10.343112,15,47.6036682,32232.8281,25566.2012
4800,7.81537104,10.8937511,4.54501724,23.9340839,-10.343112,16,50.8376045,33858.9258,24040.3066
4800,7.81537104,10.8937511,4.54501724,23.9340839,-10.343112,17,53.8921432,35485.0703,22694.4785
4800,7.81537104,10.8937511,4.54501724,23.9340839,-10.343112,18,56.6099701,37113.8125,21584.3828
4800,7.81537104,10.8937511,4.54501724,23.9340839,-10.343112,19,59.1666718,38790.3789,20503.834
4800,7.81537104,10.8937511,4.54501724,23.9340839,-10.343112,20,62.5902061,40686.2812,18686.3691
4800,7.81537104,10.8937511,4.54501724,23.9340839,-10.343112,21,65.9157562,42569.4375,16803.7676
4800,7.81537104,10.8937511,4.54501724,23.9340839,-10.343112,22,68.8799896,44195.6211,15177.584
4800,7.81537104,10.8937511,4.54501724,23.9340839,-10.343112,23,70.8983994,45432.0898,13941.1143
4800,7.81537104,10.8937511,4.54501724,23.9340839,-10.343112,24,71.4285736,45813.207,13560
4800,7.81537104,10.8937511,4.54501724,23.9340839,-10.343112,25,72.4039536,46448.2812,12926.375
4800,7.81537104,10.8937511,4.54501724,23.9340839,-10.343112,26,73.378334,47083.3555,12296.1123
4800,7.81537104,10.8937511,4.54501724,23.9340839,-10.343112,27,74.348938,47718.4297,11674.6504
4800,7.81537104,10.8937511,4.54501724,23.9340839,-10.343112,28,75.3087311,48353.5039,11072.3955
4800,7.81537104,10.8937511,4.54501724,23.9340839,-10.343112,29,76.2440567,48988.5781,10504.7451
4800,7.81537104,10.8937511,4.54501724,23.9340839,-10.343112,30,77.1356812,49623.6797,9987.68555
4800,7.81537104,10.8937511,4.54501724,23.9340839,-10.343112,31,77.9666595,50259.0898,9528.37012
4800,7.81537104,10.8937511,4.54501724,23.9340839,-10.343112,32,78.7363586,50897,9114.31934
4800,7.81537104,10.8937511,4.54501724,23.9340839,-10.343112,33,79.4749908,51547.4336,8706.39258
4800,7.81537104,10.8937511,4.54501724,23.9340839,-10.343112,34,80.3376541,52235.8164,8136.04834
4800,7.81537104,10.8937511,4.54501724,23.9340839,-10.343112,35,81.3700256,52989.5352,7395.94385
4800,7.81537104,10.8937511,4.54501724,23.9340839,-10.343112,36,82.4839401,53793.9102,6591.94043
4800,7.81537104,10.8937511,4.54501724,23.9340839,-10.343112,37,83.3794022,54440.3398,5945.51562
4800,7.81537104,10.8937511,4.54501724,23.9340839,-10.343112,38,84.2591476,55075.4141,5310.44141
4800,7.81537104,10.8937511,4.54501724,23.9340839,-10.343112,39,85.1388931,55710.4883,4675.3667
4800,7.81537104,10.8937511,4.54501724,23.9340839,-10.343112,40,85.7142868,56125.8555,4260
4800,7.81537104,10.8937511,4.54501724,23.9340839,-10.343112,41,87.5418777,56671.3008,3718.14111
4800,7.81537104,10.8937511,4.54501724,23.9340839,-10.343112,42,89.3498917,57216.7461,3195.65723
4800,7.81537104,10.8937511,4.54501724,23.9340839,-10.343112,43,91.0632324,57762.2031,2733.93628
4800,7.81537104,10.8937511,4.54501724,23.9340839,-10.343112,44,92.5759506,58308.5352,2361.57373
4800,7.81537104,10.8937511,4.54501724,23.9340839,-10.343112,45,94.016449,58876.1445,1982.19165
4800,7.81537104,10.8937511,4.54501724,23.9340839,-10.343112,46,96.0016403,59537.6992,1326.07507
4800,7.81537104,10.8937511,4.54501724,23.9340839,-10.343112,47,97.656456,60086.5273,777.247742
4800,7.81537104,10.8937511,4.54501724,23.9340839,-10.343112,48,99.3010788,60631.9766,231.800751
4800,7.81537104,10.8937511,4.54501724,23.9340839,-10.343112,49,100,60863.7773,0
4800,7.81537104,10.8937511,4.54501724,23.9340839,-10.343112,50,100,60863.7773,0
4800,7.81537104,10.8937511,4.54501724,23.9340839,-10.343112,51,100,60863.7773,0
4800,7.81537104,10.8937511,4.54501724,23.9340839,-10.343112,52,100,60863.7773,0
4800,7.81537104,10.8937511,4.54501724,23.9340839,-10.343112,53,100,60863.7773,0
4800,7.81537104,10.8937511,4.54501724,23.9340839,-10.343112,54,100,60863.7773,0
4800,7.81537104,10.8937511,4.54501724,23.9340839,-10.343112,55,100,60863.7773,0
4800,7.81537104,10.8937511,4.54501724,23.9340839,-10.343112,56,100,60863.7773,0
4800,7.81537104,10.8937511,4.54501724,23.9340839,-10.343112,57,100,60863.7773,0
4800,7.81537104,10.8937511,4.54501724,23.9340839,-10.343112,58,100,60863.7773,0
4800,7.81537104,10.8937511,4.54501724,23.9340839,-10.343112,59,100,60863.7773,0
4800,7.81537104,10.8937511,4.54501724,23.9340839,-10.343112,60,100,60863.7773,0
4900,2.95309925,14.3930178,6.03327894,8.90270996,25.0072994,0,0,0,54912
4900,2.95309925,14.3930178,6.03327894,8.90270996,25.0072994,1,6.95551157,4147.50195,50794.7031
4900,2.95309925,14.3930178,6.03327894,8.90270996,25.0072994,2,13.7739868,8295.00391,46854.0508
4900,2.95309925,14.3930178,6.03327894,8.90270996,25.0072994,3,19.9834671,12442.9043,43423.1797
4900,2.95309925,14.3930178,6.03327894,8.90270996,25.0072994,4,25.3224583,16628.9492,40483.0234
4900,2.95309925,14.3930178,6.03327894,8.90270996,25.0072994,5,32.073658,21260.6621,36259.0547
4900,2.95309925,14.3930178,6.03327894,8.90270996,25.0072994,6,37.3279495,24992.5996,32943.6836
4900,2.95309925,14.3930178,6.03327894,8.90270996,25.0072994,7,38.4215202,26290.3535,32142.1348
4900,2.95309925,14.3930178,6.03327894,8.90270996,25.0072994,8,39.7434044,27681.2266,30994
4900,2.95309925,14.3930178,6.03327894,8.90270996,25.0072994,9,41.425869,29250.1953,29438.0566
4900,2.95309925,14.3930178,6.03327894,8.90270996,25.0072994,10,42.8571434,30576.3262,28112
4900,2.95309925,14.3930178,6.03327894,8.90270996,25.0072994,11,42.8571434,30576.3262,28112
4900,2.95309925,14.3930178,6.03327894,8.90270996,25.0072994,12,42.8571434,30576.3262,28112
4900,2.95309925,14.3930178,6.03327894,8.90270996,25.0072994,13,44.7434311,31799.7207,26893.9219
4900,2.95309925,14.3930178,6.03327894,8.90270996,25.0072994,14,46.6188164,33023.1172,25697.3887
4900,2.95309925,14.3930178,6.03327894,8.90270996,25.0072994,15,50.7993202,35120.4609,23700.6367
4900,2.95309925,14.3930178,6.03327894,8.90270996,25.0072994,16,54.8042336,37217.8555,21873.8574
4900,2.95309925,14.3930178,6.03327894,8.90270996,25.0072994,17,58.4254074,39317.3672,20311.4863
4900,2.95309925,14.3930178,6.03327894,8.90270996,25.0072994,18,61.5686798,41448.3047,18944.6211
4900,2.95309925,14.3930178,6.03327894,8.90270996,25.0072994,19,65.0720291,43759.5898,17036.9668
4900,2.95309925,14.3930178,6.03327894,8.90270996,25.0072994,20,69.7108154,46411.8633,14394.3584
4900,2.95309925,14.3930178,6.03327894,8.90270996,25.0072994,21,71.4285736,47246.2227,13560
4900,2.95309925,14.3930178,6.03327894,8.90270996,25.0072994,22,71.4285736,47246.2227,13560
4900,2.95309925,14.3930178,6.03327894,8.90270996,25.0072994,23,72.6865616,48065.3438,12742.7949
4900,2.95309925,14.3930178,6.03327894,8.90270996,25.0072994,24,73.9428329,48884.4648,11930.0322
4900,2.95309925,14.3930178,6.03327894,8.90270996,25.0072994,25,75.192688,49703.582,11128.8984
4900,2.95309925,14.3930178,6.03327894,8.90270996,25.0072994,26,76.4241714,50522.7031,10353.1406
4900,2.95309925,14.3930178,6.03327894,8.90270996,25.0072994,27,77.6142578,51341.8242,9623.10254
4900,2.95309925,14.3930178,6.03327894,8.90270996,25.0072994,28,78.7310486,52160.9805,8959.90332
4900,2.95309925,14.3930178,6.03327894,8.90270996,25.0072994,29,79.7475052,52980.5703,8372.97461
4900,2.95309925,14.3930178,6.03327894,8.90270996,25.0072994,30,80.6641769,53803.6523,7845.65869
4900,2.95309925,14.3930178,6.03327894,8.90270996,25.0072994,31,81.5290146,54644.2383,7325.47852
4900,2.95309925,14.3930178,6.03327894,8.90270996,25.0072994,32,82.5828094,55537.8555,6587.81689
4900,2.95309925,14.3930178,6.03327894,8.90270996,25.0072994,33,83.8866653,56522.7734,5620.8833
4900,2.95309925,14.3930178,6.03327894,8.90270996,25.0072994,34,85.3038101,57578.4883,4565.66309
4900,2.95309925,14.3930178,6.03327894,8.90270996,25.0072994,35,85.7142868,57884.1523,4260
4900,2.95309925,14.3930178,6.03327894,8.90270996,25.0072994,36,85.7142868,57884.1523,4260
4900,2.95309925,14.3930178,6.03327894,8.90270996,25.0072994,37,85.7142868,57884.1523,4260
4900,2.95309925,14.3930178,6.03327894,8.90270996,25.0072994,38,88.0708771,58587.6719,3561.22241
4900,2.95309925,14.3930178,6.03327894,8.90270996,25.0072994,39,90.3941803,59291.1875,2888.04346
4900,2.95309925,14.3930178,6.03327894,8.90270996,25.0072994,40,92.5578918,59994.7188,2295.14502
4900,2.95309925,14.3930178,6.03327894,8.90270996,25.0072994,41,94.3904419,60699.4766,1820.24133
4900,2.95309925,14.3930178,6.03327894,8.90270996,25.0072994,42,96.0969543,61433.9609,1334.44153
4900,2.95309925,14.3930178,6.03327894,8.90270996,25.0072994,43,98.6102524,62299.7383,475.851593
4900,2.95309925,14.3930178,6.03327894,8.90270996,25.0072994,44,100,62775.5938,0
4900,2.95309925,14.3930178,6.03327894,8.90270996,25.0072994,45,100,62775.5938,0
4900,2.95309925,14.3930178,6.03327894,8.90270996,25.0072994,46,100,62775.5938,0
4900,2.95309925,14.3930178,6.03327894,8.90270996,25.0072994,47,100,62775.5938,0
4900,2.95309925,14.3930178,6.03327894,8.90270996,25.0072994,48,100,62775.5938,0
4900,2.95309925,14.3930178,6.03327894,8.90270996,25.0072994,49,100,62775.5938,0
4900,2.95309925,14.3930178,6.03327894,8.90270996,25.0072994,50,100,62775.5938,0
4900,2.95309925,14.3930178,6.03327894,8.90270996,25.0072994,51,100,62775.5938,0
4900,2.95309925,14.3930178,6.03327894,8.90270996,25.0072994,52,100,62775.5938,0
4900,2.95309925,14.3930178,6.03327894,8.90270996,25.0072994,53,100,62775.5938,0
4900,2.95309925,14.3930178,6.03327894,8.90270996,25.0072994,54,100,62775.5938,0
4900,2.95309925,14.3930178,6.03327894,8.90270996,25.0072994,55,100,62775.5938,0
4900,2.95309925,14.3930178,6.03327894,8.90270996,25.0072994,56,100,62775.5938,0
4900,2.95309925,14.3930178,6.03327894,8.90270996,25.0072994,57,100,62775.5938,0
4900,2.95309925,14.3930178,6.03327894,8.90270996,25.0072994,58,100,62775.5938,0
4900,2.95309925,14.3930178,6.03327894,8.90270996,25.0072994,59,100,62775.5938,0
4900,2.95309925,14.3930178,6.03327894,8.90270996,25.0072994,60,100,62775.5938,0
5000,4.90008163,6.99205828,14.765275,14.8413944,-12.8596048,0,0,0,54912
5000,4.90008163,6.99205828,14.765275,14.8413944,-12.8596048,1,5.01401377,2987.64478,51939.0273
5000,4.90008163,6.99205828,14.765275,14.8413944,-12.8596048,2,9.97969627,5975.29102,49051.8711
5000,4.90008163,6.99205828,14.765275,14.8413944,-12.8596048,3,14.7255812,8963.8916,46411.5977
5000,4.90008163,6.99205828,14.765275,14.8413944,-12.8596048,4,19.2682762,12043.9688,43936.7656
5000,4.90008163,6.99205828,14.765275,14.8413944,-12.8596048,5,25.9482346,16192.8564,39985.9609
5000,4.90008163,6.99205828,14.765275,14.8413944,-12.8596048,6,31.2272034,19547.7617,36833.4219
5000,4.90008163,6.99205828,14.765275,14.8413944,-12.8596048,7,35.8704338,22590.1641,34032.0703
5000,4.90008163,6.99205828,14.765275,14.8413944,-12.8596048,8,37.4415817,23935.8203,32804.3359
5000,4.90008163,6.99205828,14.765275,14.8413944,-12.8596048,9,39.309906,25559.3945,31187.0898
5000,4.90008163,6.99205828,14.765275,14.8413944,-12.8596048,10,41.2014694,27199.2168,29547.3027
5000,4.90008163,6.99205828,14.765275,14.8413944,-12.8596048,11,42.2608681,28117.6113,28628.9102
5000,4.90008163,6.99205828,14.765275,14.8413944,-12.8596048,12,42.8571434,28634.5215,28112
5000,4.90008163,6.99205828,14.765275,14.8413944,-12.8596048,13,44.2163277,29515.791,27233.3125
5000,4.90008163,6.99205828,14.765275,14.8413944,-12.8596048,14,45.5716896,30397.0605,26365.0918
5000,4.90008163,6.99205828,14.765275,14.8413944,-12.8596048,15,48.6074104,31907.8789,24903.1406
5000,4.90008163,6.99205828,14.765275,14.8413944,-12.8596048,16,51.5802193,33418.8242,23523.6602
5000,4.90008163,6.99205828,14.765275,14.8413944,-12.8596048,17,54.4174614,34934.8398,22268.584
5000,4.90008163,6.99205828,14.765275,14.8413944,-12.8596048,18,57.1643448,36526.2227,21048.3828
5000,4.90008163,6.99205828,14.765275,14.8413944,-12.8596048,19,60.6519165,38550.1211,19220.5664
5000,4.90008163,6.99205828,14.765275,14.8413944,-12.8596048,20,65.9404678,41391.7734,16383.6094
5000,4.90008163,6.99205828,14.765275,14.8413944,-12.8596048,21,68.8323059,42916.9609,14858.4258
5000,4.90008163,6.99205828,14.765275,14.8413944,-12.8596048,22,71.3197174,44172.1562,13603.2275
5000,4.90008163,6.99205828,14.765275,14.8413944,-12.8596048,23,71.4285736,44215.3867,13560
5000,4.90008163,6.99205828,14.765275,14.8413944,-12.8596048,24,72.3348541,44805.4375,12970.8789
5000,4.90008163,6.99205828,14.765275,14.8413944,-12.8596048,25,73.2405396,45395.4883,12383.916
5000,4.90008163,6.99205828,14.765275,14.8413944,-12.8596048,26,74.1439743,45985.5391,11802.6016
5000,4.90008163,6.99205828,14.765275,14.8413944,-12.8596048,27,75.0409393,46575.5898,11233.6152
5000,4.90008163,6.99205828,14.765275,14.8413944,-12.8596048,28,75.9232025,47165.6445,10686.8359
5000,4.90008163,6.99205828,14.765275,14.8413944,-12.8596048,29,76.7790298,47755.7852,10172.4619
5000,4.90008163,6.99205828,14.765275,14.8413944,-12.8596048,30,77.5986786,48346.9609,9694.30957
5000,4.90008163,6.99205828,14.765275,14.8413944,-12.8596048,31,78.3895035,48946.5195,9238.43359
5000,4.90008163,6.99205828,14.765275,14.8413944,-12.8596048,32,79.2086639,49588.0469,8752.55859
5000,4.90008163,6.99205828,14.765275,14.8413944,-12.8596048,33,80.2540512,50356.7578,8059.60742
5000,4.90008163,6.99205828,14.765275,14.8413944,-12.8596048,34,81.6643906,51344.4336,7080.67139
5000,4.90008163,6.99205828,14.765275,14.8413944,-12.8596048,35,83.3259583,52501.8789,5923.46289
5000,4.90008163,6.99205828,14.765275,14.8413944,-12.8596048,36,84.2277527,53129.9805,5295.36572
5000,4.90008163,6.99205828,14.765275,14.8413944,-12.8596048,37,85.0749207,53720.0312,4705.31396
5000,4.90008163,6.99205828,14.765275,14.8413944,-12.8596048,38,85.7142868,54165.3438,4260
5000,4.90008163,6.99205828,14.765275,14.8413944,-12.8596048,39,87.4128265,54672.1211,3755.52515
5000,4.90008163,6.99205828,14.765275,14.8413944,-12.8596048,40,89.0996552,55178.9023,3263.4856
5000,4.90008163,6.99205828,14.765275,14.8413944,-12.8596048,41,90.7294083,55685.7031,2810.42627
5000,4.90008163,6.99205828,14.765275,14.8413944,-12.8596048,42,92.242569,56195.4531,2412.33887
5000,4.90008163,6.99205828,14.765275,14.8413944,-12.8596048,43,93.8887482,56776.4961,1952.10425
5000,4.90008163,6.99205828,14.765275,14.8413944,-12.8596048,44,96.6850891,57672.4102,1059.6853
5000,4.90008163,6.99205828,14.765275,14.8413944,-12.8596048,45,98.3058395,58190.5195,541.575562
5000,4.90008163,6.99205828,14.765275,14.8413944,-12.8596048,46,99.8911438,58697.2969,34.7975731
5000,4.90008163,6.99205828,14.765275,14.8413944,-12.8596048,47,100,58732.0938,0
5000,4.90008163,6.99205828,14.765275,14.8413944,-12.8596048,48,100,58732.0938,0
5000,4.90008163,6.99205828,14.765275,14.8413944,-12.8596048,49,100,58732.0938,0
5000,4.90008163,6.99205828,14.765275,14.8413944,-12.8596048,50,100,58732.0938,0
5000,4.90008163,6.99205828,14.765275,14.8413944,-12.8596048,51,100,58732.0938,0
5000,4.90008163,6.99205828,14.765275,14.8413944,-12.8596048,52,100,58732.0938,0
5000,4.90008163,6.99205828,14.765275,14.8413944,-12.8596048,53,100,58732.0938,0
5000,4.90008163,6.99205828,14.765275,14.8413944,-12.8596048,54,100,58732.0938,0
5000,4.90008163,6.99205828,14.765275,14.8413944,-12.8596048,55,100,58732.0938,0
5000,4.90008163,6.99205828,14.765275,14.8413944,-12.8596048,56,100,58732.0938,0
5000,4.90008163,6.99205828,14.765275,14.8413944,-12.8596048,57,100,58732.0938,0
5000,4.90008163,6.99205828,14.765275,14.8413944,-12.8596048,58,100,58732.0938,0
5000,4.90008163,6.99205828,14.765275,14.8413944,-12.8596048,59,100,58732.0938,0
5000,4.90008163,6.99205828,14.765275,14.8413944,-12.8596048,60,100,58732.0938,0
5100,2.28735352,26.750927,13.8538342,20.3846416,8.77475643,0,0,0,54912
5100,2.28735352,26.750927,13.8538342,20.3846416,8.77475643,1,6.72821093,4016.80566,50951.3281
5100,2.28735352,26.750927,13.8538342,20.3846416,8.77475643,2,13.2129431,8033.61279,47318.9805
5100,2.28735352,26.750927,13.8538342,20.3846416,8.77475643,3,18.6666584,12051.3398,44633.9219
5100,2.28735352,26.750927,13.8538342,20.3846416,8.77475643,4,22.8400459,16157.2549,42843.6211
5100,2.28735352,26.750927,13.8538342,20.3846416,8.77475643,5,29.6088848,21293.5547,38465.1562
5100,2.28735352,26.750927,13.8538342,20.3846416,8.77475643,6,35.2007332,25664.418,34868.5273
5100,2.28735352,26.750927,13.8538342,20.3846416,8.77475643,7,37.3367577,27863.0352,33592.1562
5100,2.28735352,26.750927,13.8538342,20.3846416,8.77475643,8,38.5336914,29365.8633,32540.4844
5100,2.28735352,26.750927,13.8538342,20.3846416,8.77475643,9,40.3833199,31280.4453,30650.1152
5100,2.28735352,26.750927,13.8538342,20.3846416,8.77475643,10,42.2645416,33210.6914,28720.0059
5100,2.28735352,26.750927,13.8538342,20.3846416,8.77475643,11,42.8571434,33818.6953,28112
5100,2.28735352,26.750927,13.8538342,20.3846416,8.77475643,12,42.8571434,33818.6953,28112
5100,2.28735352,26.750927,13.8538342,20.3846416,8.77475643,13,44.683094,35003.5391,26937.0371
5100,2.28735352,26.750927,13.8538342,20.3846416,8.77475643,14,46.4894791,36188.3828,25802.1211
5100,2.28735352,26.750927,13.8538342,20.3846416,8.77475643,15,50.4848099,38219.6367,23957.8262
5100,2.28735352,26.750927,13.8538342,20.3846416,8.77475643,16,54.1773033,40251.0117,22429.4238
5100,2.28735352,26.750927,13.8538342,20.3846416,8.77475643,17,57.2394753,42287.2734,21391.4883
5100,2.28735352,26.750927,13.8538342,20.3846416,8.77475643,18,59.6006203,44396.1953,20702.6758
5100,2.28735352,26.750927,13.8538342,20.3846416,8.77475643,19,62.7174644,46922.0859,18926.9824
5100,2.28735352,26.750927,13.8538342,20.3846416,8.77475643,20,67.907547,50236.3242,15630.7012
5100,2.28735352,26.750927,13.8538342,20.3846416,8.77475643,21,70.89328,52054.1094,13812.9219
5100,2.28735352,26.750927,13.8538342,20.3846416,8.77475643,22,71.4285736,52307.0312,13560
5100,2.28735352,26.750927,13.8538342,20.3846416,8.77475643,23,72.6467056,53100.3398,12770.251
5100,2.28735352,26.750927,13.8538342,20.3846416,8.77475643,24,73.8617477,53893.6445,11988.7588
5100,2.28735352,26.750927,13.8538342,20.3846416,8.77475643,25,75.0652847,54686.9531,11228.8799
5100,2.28735352,26.750927,13.8538342,20.3846416,8.77475643,26,76.2360764,55480.2617,10516.1641
5100,2.28735352,26.750927,13.8538342,20.3846416,8.77475643,27,77.334259,56273.5742,9888.42383
5100,2.28735352,26.750927,13.8538342,20.3846416,8.77475643,28,78.3077011,57066.9648,9384.89551
5100,2.28735352,26.750927,13.8538342,20.3846416,8.77475643,29,79.1193314,57861.3555,9022.92578
5100,2.28735352,26.750927,13.8538342,20.3846416,8.77475643,30,79.7852173,58663.832,8770.16895
5100,2.28735352,26.750927,13.8538342,20.3846416,8.77475643,31,80.401619,59506.7617,8522.74023
5100,2.28735352,26.750927,13.8538342,20.3846416,8.77475643,32,81.3539886,60472.3086,7847.05469
5100,2.28735352,26.750927,13.8538342,20.3846416,8.77475643,33,82.7520599,61648.9453,6703.84814
5100,2.28735352,26.750927,13.8538342,20.3846416,8.77475643,34,84.3756638,62989.25,5364.45605
5100,2.28735352,26.750927,13.8538342,20.3846416,8.77475643,35,85.3816147,63819.2383,4534.47461
5100,2.28735352,26.750927,13.8538342,20.3846416,8.77475643,36,85.7142868,64093.7109,4260
5100,2.28735352,26.750927,13.8538342,20.3846416,8.77475643,37,85.7142868,64093.7109,4260
5100,2.28735352,26.750927,13.8538342,20.3846416,8.77475643,38,87.9944382,64775.0586,3587.46216
5100,2.28735352,26.750927,13.8538342,20.3846416,8.77475643,39,90.2151413,65456.4102,2962.50195
5100,2.28735352,26.750927,13.8538342,20.3846416,8.77475643,40,92.1592636,66137.7812,2486.74634
5100,2.28735352,26.750927,13.8538342,20.3846416,8.77475643,41,93.5753784,66821.9922,2229.73999
5100,2.28735352,26.750927,13.8538342,20.3846416,8.77475643,42,94.8895111,67574.9453,1939.00293
5100,2.28735352,26.750927,13.8538342,20.3846416,8.77475643,43,97.6446228,68631.4375,895.870911
5100,2.28735352,26.750927,13.8538342,20.3846416,8.77475643,44,99.4647064,69323.7109,203.59935
5100,2.28735352,26.750927,13.8538342,20.3846416,8.77475643,45,100,69527.3047,0
5100,2.28735352,26.750927,13.8538342,20.3846416,8.77475643,46,100,69527.3047,0
5100,2.28735352,26.750927,13.8538342,20.3846416,8.77475643,47,100,69527.3047,0
5100,2.28735352,26.750927,13.8538342,20.3846416,8.77475643,48,100,69527.3047,0
5100,2.28735352,26.750927,13.8538342,20.3846416,8.77475643,49,100,69527.3047,0
5100,2.28735352,26.750927,13.8538342,20.3846416,8.77475643,50,100,69527.3047,0
5100,2.28735352,26.750927,13.8538342,20.3846416,8.77475643,51,100,69527.3047,0
5100,2.28735352,26.750927,13.8538342,20.3846416,8.77475643,52,100,69527.3047,0
5100,2.28735352,26.750927,13.8538342,20.3846416,8.77475643,53,100,69527.3047,0
5100,2.28735352,26.750927,13.8538342,20.3846416,8.77475643,54,100,69527.3047,0
5100,2.28735352,26.750927,13.8538342,20.3846416,8.77475643,55,100,69527.3047,0
5100,2.28735352,26.750927,13.8538342,20.3846416,8.77475643,56,100,69527.3047,0
5100,2.28735352,26.750927,13.8538342,20.3846416,8.77475643,57,100,69527.3047,0
5100,2.28735352,26.750927,13.8538342,20.3846416,8.77475643,58,100,69527.3047,0
5100,2.28735352,26.750927,13.8538342,20.3846416,8.77475643,59,100,69527.3047,0
5100,2.28735352,26.750927,13.8538342,20.3846416,8.77475643,60,100,69527.3047,0
5200,7.03790283,14.041131,26.7254314,12.9775248,16.598835,0,0,0,54912
5200,7.03790283,14.041131,26.7254314,12.9775248,16.598835,1,6.4473381,3844.35083,51097.1133
5200,7.03790283,14.041131,26.7254314,12.9775248,16.598835,2,12.7707186,7688.7041,47454.5547
5200,7.03790283,14.041131,26.7254314,12.9775248,16.598835,3,18.5448055,11534.7461,44308.0117
5200,7.03790283,14.041131,26.7254314,12.9775248,16.598835,4,23.7393913,15542.6406,41515.5469
5200,7.03790283,14.041131,26.7254314,12.9775248,16.598835,5,32.6713829,21441.6133,36014.3477
5200,7.03790283,14.041131,26.7254314,12.9775248,16.598835,6,36.7112656,24389.2773,33473.0664
5200,7.03790283,14.041131,26.7254314,12.9775248,16.598835,7,37.8178787,25667.8945,32678.5215
5200,7.03790283,14.041131,26.7254314,12.9775248,16.598835,8,39.4656181,27341.6445,31241.5762
5200,7.03790283,14.041131,26.7254314,12.9775248,16.598835,9,42.0853844,29771.0898,28824.8398
5200,7.03790283,14.041131,26.7254314,12.9775248,16.598835,10,42.8571434,31047.5488,28112
5200,7.03790283,14.041131,26.7254314,12.9775248,16.598835,11,42.8571434,31047.5488,28112
5200,7.03790283,14.041131,26.7254314,12.9775248,16.598835,12,42.8571434,31047.5488,28112
5200,7.03790283,14.041131,26.7254314,12.9775248,16.598835,13,44.6055832,32181.5234,26983.2129
5200,7.03790283,14.041131,26.7254314,12.9775248,16.598835,14,46.344162,33315.4961,25875.4434
5200,7.03790283,14.041131,26.7254314,12.9775248,16.598835,15,50.2205811,35259.543,24029.5293
5200,7.03790283,14.041131,26.7254314,12.9775248,16.598835,16,53.9382896,37203.8125,22349.2617
5200,7.03790283,14.041131,26.7254314,12.9775248,16.598835,17,57.3182068,39157.0508,20920.0293
5200,7.03790283,14.041131,26.7254314,12.9775248,16.598835,18,60.4117355,41243.6484,19578.8262
5200,7.03790283,14.041131,26.7254314,12.9775248,16.598835,19,64.766716,44095.5,17120.7383
5200,7.03790283,14.041131,26.7254314,12.9775248,16.598835,20,71.0236359,47493.9688,13731.6953
5200,7.03790283,14.041131,26.7254314,12.9775248,16.598835,21,71.4285736,47665.668,13560
5200,7.03790283,14.041131,26.7254314,12.9775248,16.598835,22,71.4285736,47665.668,13560
5200,7.03790283,14.041131,26.7254314,12.9775248,16.598835,23,72.5946198,48424.9141,12802.6191
5200,7.03790283,14.041131,26.7254314,12.9775248,16.598835,24,73.7591095,49184.1641,12049.5732
5200,7.03790283,14.041131,26.7254314,12.9775248,16.598835,25,74.9178009,49943.4141,11307.8701
5200,7.03790283,14.041131,26.7254314,12.9775248,16.598835,26,76.0598679,50702.6602,10590.9238
5200,7.03790283,14.041131,26.7254314,12.9775248,16.598835,27,77.1644974,51461.918,9918.57422
5200,7.03790283,14.041131,26.7254314,12.9775248,16.598835,28,78.2028961,52221.3164,9311.31836
5200,7.03790283,14.041131,26.7254314,12.9775248,16.598835,29,79.1523895,52982.5586,8777.04883
5200,7.03790283,14.041131,26.7254314,12.9775248,16.598835,30,80.0274887,53758.6289,8289.51465
5200,7.03790283,14.041131,26.7254314,12.9775248,16.598835,31,80.9340134,54608.9492,7751.76318
5200,7.03790283,14.041131,26.7254314,12.9775248,16.598835,32,82.2484436,55684.3125,6828.54443
5200,7.03790283,14.041131,26.7254314,12.9775248,16.598835,33,84.2010574,57147.0859,5383.31738
5200,7.03790283,14.041131,26.7254314,12.9775248,16.598835,34,85.7142868,58270.8828,4260
5200,7.03790283,14.041131,26.7254314,12.9775248,16.598835,35,85.7142868,58270.8828,4260
5200,7.03790283,14.041131,26.7254314,12.9775248,16.598835,36,85.7142868,58270.8828,4260
5200,7.03790283,14.041131,26.7254314,12.9775248,16.598835,37,85.7142868,58270.8828,4260
5200,7.03790283,14.041131,26.7254314,12.9775248,16.598835,38,87.8986893,58922.9805,3612.52856
5200,7.03790283,14.041131,26.7254314,12.9775248,16.598835,39,90.0529785,59575.0742,2990.02954
5200,7.03790283,14.041131,26.7254314,12.9775248,16.598835,40,92.0629196,60227.2148,2445.81445
5200,7.03790283,14.041131,26.7254314,12.9775248,16.598835,41,93.7850342,60884.5703,2012.69507
5200,7.03790283,14.041131,26.7254314,12.9775248,16.598835,42,95.6817017,61668.0703,1471.80151
5200,7.03790283,14.041131,26.7254314,12.9775248,16.598835,43,99.5950623,63008.6719,138.212936
5200,7.03790283,14.041131,26.7254314,12.9775248,16.598835,44,100,63146.8828,0
5200,7.03790283,14.041131,26.7254314,12.9775248,16.598835,45,100,63146.8828,0
5200,7.03790283,14.041131,26.7254314,12.9775248,16.598835,46,100,63146.8828,0
5200,7.03790283,14.041131,26.7254314,12.9775248,16.598835,47,100,63146.8828,0
5200,7.03790283,14.041131,26.7254314,12.9775248,16.598835,48,100,63146.8828,0
5200,7.03790283,14.041131,26.7254314,12.9775248,16.598835,49,100,63146.8828,0
5200,7.03790283,14.041131,26.7254314,12.9775248,16.598835,50,100,63146.8828,0
5200,7.03790283,14.041131,26.7254314,12.9775248,16.598835,51,100,63146.8828,0
5200,7.03790283,14.041131,26.7254314,12.9775248,16.598835,52,100,63146.8828,0
5200,7.03790283,14.041131,26.7254314,12.9775248,16.598835,53,100,63146.8828,0
5200,7.03790283,14.041131,26.7254314,12.9775248,16.598835,54,100,63146.8828,0
5200,7.03790283,14.041131,26.7254314,12.9775248,16.598835,55,100,63146.8828,0
5200,7.03790283,14.041131,26.7254314,12.9775248,16.598835,56,100,63146.8828,0
5200,7.03790283,14.041131,26.7254314,12.9775248,16.598835,57,100,63146.8828,0
5200,7.03790283,14.041131,26.7254314,12.9775248,16.598835,58,100,63146.8828,0
5200,7.03790283,14.041131,26.7254314,12.9775248,16.598835,59,100,63146.8828,0
5200,7.03790283,14.041131,26.7254314,12.9775248,16.598835,60,100,63146.8828,0
5300,8.60605145,7.36630821,16.0707607,9.92154217,-10.5241728,0,0,0,54912
5300,8.60605145,7.36630821,16.0707607,9.92154217,-10.5241728,1,4.7356267,2821.8689,52105.5898
5300,8.60605145,7.36630821,16.0707607,9.92154217,-10.5241728,2,9.42317963,5643.73877,49389.5859
5300,8.60605145,7.36630821,16.0707607,9.92154217,-10.5241728,3,13.8925304,8466.60742,46933.6875
5300,8.60605145,7.36630821,16.0707607,9.92154217,-10.5241728,4,18.1694107,11385.1611,44652.7773
5300,8.60605145,7.36630821,16.0707607,9.92154217,-10.5241728,5,24.660778,15421.6904,40824.9297
5300,8.60605145,7.36630821,16.0707607,9.92154217,-10.5241728,6,29.6917095,18627.7148,37832.1055
5300,8.60605145,7.36630821,16.0707607,9.92154217,-10.5241728,7,34.0630646,21506.8594,35206.918
5300,8.60605145,7.36630821,16.0707607,9.92154217,-10.5241728,8,36.9601059,23598.8652,33239.1445
5300,8.60605145,7.36630821,16.0707607,9.92154217,-10.5241728,9,38.8006859,25203.9199,31640.7559
5300,8.60605145,7.36630821,16.0707607,9.92154217,-10.5241728,10,40.6652679,26825.9727,30018.7422
5300,8.60605145,7.36630821,16.0707607,9.92154217,-10.5241728,11,41.6624184,27693.4082,29151.3066
5300,8.60605145,7.36630821,16.0707607,9.92154217,-10.5241728,12,42.6595612,28560.8359,28283.8789
5300,8.60605145,7.36630821,16.0707607,9.92154217,-10.5241728,13,42.8571434,28732.7129,28112
5300,8.60605145,7.36630821,16.0707607,9.92154217,-10.5241728,14,44.140892,29565.084,27282.3496
5300,8.60605145,7.36630821,16.0707607,9.92154217,-10.5241728,15,47.0250816,30992.0703,25872.127
5300,8.60605145,7.36630821,16.0707607,9.92154217,-10.5241728,16,49.8795433,32419.0586,24512.8965
5300,8.60605145,7.36630821,16.0707607,9.92154217,-10.5241728,17,52.6264114,33846.2109,23275.293
5300,8.60605145,7.36630821,16.0707607,9.92154217,-10.5241728,18,55.1808052,35282.4609,22189.748
5300,8.60605145,7.36630821,16.0707607,9.92154217,-10.5241728,19,57.9105492,36886.3633,20988.8691
5300,8.60605145,7.36630821,16.0707607,9.92154217,-10.5241728,20,62.4578094,39259.168,18669.1016
5300,8.60605145,7.36630821,16.0707607,9.92154217,-10.5241728,21,66.4560013,41587.2969,16341.3506
5300,8.60605145,7.36630821,16.0707607,9.92154217,-10.5241728,22,69.1443939,43014.5859,14914.0615
5300,8.60605145,7.36630821,16.0707607,9.92154217,-10.5241728,23,71.1327057,44162.7344,13765.9121
5300,8.60605145,7.36630821,16.0707607,9.92154217,-10.5241728,24,71.4285736,44368.6484,13560
5300,8.60605145,7.36630821,16.0707607,9.92154217,-10.5241728,25,72.2845688,44925.9609,13003.6689
5300,8.60605145,7.36630821,16.0707607,9.92154217,-10.5241728,26,73.1399612,45483.2695,12449.6113
5300,8.60605145,7.36630821,16.0707607,9.92154217,-10.5241728,27,73.9931183,46040.582,11901.5059
5300,8.60605145,7.36630821,16.0707607,9.92154217,-10.5241728,28,74.8398438,46597.8906,11366.3867
5300,8.60605145,7.36630821,16.0707607,9.92154217,-10.5241728,29,75.6719437,47155.207,10854.6641
5300,8.60605145,7.36630821,16.0707607,9.92154217,-10.5241728,30,76.4777908,47712.6094,10377.082
5300,8.60605145,7.36630821,16.0707607,9.92154217,-10.5241728,31,77.2478409,48271.0977,9937.66797
5300,8.60605145,7.36630821,16.0707607,9.92154217,-10.5241728,32,77.9900513,48838.3555,9521.78418
5300,8.60605145,7.36630821,16.0707607,9.92154217,-10.5241728,33,78.7636108,49449.5078,9074.61426
5300,8.60605145,7.36630821,16.0707607,9.92154217,-10.5241728,34,79.7706833,50193.6992,8410.23926
5300,8.60605145,7.36630821,16.0707607,9.92154217,-10.5241728,35,81.1554718,51166.9219,7446.22021
5300,8.60605145,7.36630821,16.0707607,9.92154217,-10.5241728,36,82.8017502,52317.7305,6295.66357
5300,8.60605145,7.36630821,16.0707607,9.92154217,-10.5241728,37,83.6560669,52914.8398,5698.55664
5300,8.60605145,7.36630821,16.0707607,9.92154217,-10.5241728,38,84.4534378,53472.1523,5141.24512
5300,8.60605145,7.36630821,16.0707607,9.92154217,-10.5241728,39,85.2508163,54029.4609,4583.93408
5300,8.60605145,7.36630821,16.0707607,9.92154217,-10.5241728,40,85.7142868,54353.3945,4260
5300,8.60605145,7.36630821,16.0707607,9.92154217,-10.5241728,41,87.3185272,54832.0547,3783.76807
5300,8.60605145,7.36630821,16.0707607,9.92154217,-10.5241728,42,88.9111328,55310.7148,3320.63721
5300,8.60605145,7.36630821,16.0707607,9.92154217,-10.5241728,43,90.4469986,55789.3984,2898.573
5300,8.60605145,7.36630821,16.0707607,9.92154217,-10.5241728,44,91.8677826,56271.1641,2534.44531
5300,8.60605145,7.36630821,16.0707607,9.92154217,-10.5241728,45,93.4322662,56827.5039,2105.38037
5300,8.60605145,7.36630821,16.0707607,9.92154217,-10.5241728,46,96.1867676,57713.1953,1223.36743
5300,8.60605145,7.36630821,16.0707607,9.92154217,-10.5241728,47,97.7156906,58203.7109,732.856079
5300,8.60605145,7.36630821,16.0707607,9.92154217,-10.5241728,48,99.2076645,58682.3672,254.1978
5300,8.60605145,7.36630821,16.0707607,9.92154217,-10.5241728,49,100,58936.5664,0
5300,8.60605145,7.36630821,16.0707607,9.92154217,-10.5241728,50,100,58936.5664,0
5300,8.60605145,7.36630821,16.0707607,9.92154217,-10.5241728,51,100,58936.5664,0
5300,8.60605145,7.36630821,16.0707607,9.92154217,-10.5241728,52,100,58936.5664,0
5300,8.60605145,7.36630821,16.0707607,9.92154217,-10.5241728,53,100,58936.5664,0
5300,8.60605145,7.36630821,16.0707607,9.92154217,-10.5241728,54,100,58936.5664,0
5300,8.60605145,7.36630821,16.0707607,9.92154217,-10.5241728,55,100,58936.5664,0
5300,8.60605145,7.36630821,16.0707607,9.92154217,-10.5241728,56,100,58936.5664,0
5300,8.60605145,7.36630821,16.0707607,9.92154217,-10.5241728,57,100,58936.5664,0
5300,8.60605145,7.36630821,16.0707607,9.92154217,-10.5241728,58,100,58936.5664,0
5300,8.60605145,7.36630821,16.0707607,9.92154217,-10.5241728,59,100,58936.5664,0
5300,8.60605145,7.36630821,16.0707607,9.92154217,-10.5241728,60,100,58936.5664,0
5400,27.3457661,22.9066696,1.79235029,23.0463829,-10.1855125,0,0,0,54912
5400,27.3457661,22.9066696,1.79235029,23.0463829,-10.1855125,1,4.22365713,2520.61792,52439.4492
5400,27.3457661,22.9066696,1.79235029,23.0463829,-10.1855125,2,8.31595325,5041.23584,50248.0391
5400,27.3457661,22.9066696,1.79235029,23.0463829,-10.1855125,3,11.8430691,7561.94238,48868.4922
5400,27.3457661,22.9066696,1.79235029,23.0463829,-10.1855125,4,14.582818,10091.1328,48322.1484
5400,27.3457661,22.9066696,1.79235029,23.0463829,-10.1855125,5,18.0703373,12719.4434,46342.7695
5400,27.3457661,22.9066696,1.79235029,23.0463829,-10.1855125,6,21.4269905,15274.1201,44451.0625
5400,27.3457661,22.9066696,1.79235029,23.0463829,-10.1855125,7,24.624485,17799.8164,42715.082
5400,27.3457661,22.9066696,1.79235029,23.0463829,-10.1855125,8,27.9597893,20346.2227,40555
5400,27.3457661,22.9066696,1.79235029,23.0463829,-10.1855125,9,31.4774685,22932.2402,37989.7148
5400,27.3457661,22.9066696,1.79235029,23.0463829,-10.1855125,10,35.0057411,25519.7637,35402.3086
5400,27.3457661,22.9066696,1.79235029,23.0463829,-10.1855125,11,37.3014603,27281.9219,33640.1484
5400,27.3457661,22.9066696,1.79235029,23.0463829,-10.1855125,12,38.080143,28056.7461,32865.3242
5400,27.3457661,22.9066696,1.79235029,23.0463829,-10.1855125,13,38.8588295,28831.5703,32090.5
5400,27.3457661,22.9066696,1.79235029,23.0463829,-10.1855125,14,39.6375122,29606.3945,31315.6758
5400,27.3457661,22.9066696,1.79235029,23.0463829,-10.1855125,15,41.8474579,30912.3555,30019.0879
5400,27.3457661,22.9066696,1.79235029,23.0463829,-10.1855125,16,44.0253792,32218.3184,28773.1094
5400,27.3457661,22.9066696,1.79235029,23.0463829,-10.1855125,17,46.0529022,33524.2812,27685.8672
5400,27.3457661,22.9066696,1.79235029,23.0463829,-10.1855125,18,47.7825737,34830.5859,26833.998
5400,27.3457661,22.9066696,1.79235029,23.0463829,-10.1855125,19,48.6898766,35474.6523,26681.5977
5400,27.3457661,22.9066696,1.79235029,23.0463829,-10.1855125,20,51.0812378,36794.1328,25384.793
5400,27.3457661,22.9066696,1.79235029,23.0463829,-10.1855125,21,53.3796768,38070.082,24151.5957
5400,27.3457661,22.9066696,1.79235029,23.0463829,-10.1855125,22,55.6260185,39344.7305,23027.666
5400,27.3457661,22.9066696,1.79235029,23.0463829,-10.1855125,23,57.7394257,40619.3906,22123.7168
5400,27.3457661,22.9066696,1.79235029,23.0463829,-10.1855125,24,59.6522331,41894.5156,21484.7305
5400,27.3457661,22.9066696,1.79235029,23.0463829,-10.1855125,25,61.4231415,43176.293,20964.5527
5400,27.3457661,22.9066696,1.79235029,23.0463829,-10.1855125,26,63.4902382,44489.9648,19801.5977
5400,27.3457661,22.9066696,1.79235029,23.0463829,-10.1855125,27,64.7653961,45423.7891,18868.9434
5400,27.3457661,22.9066696,1.79235029,23.0463829,-10.1855125,28,65.6986008,46167.3242,18125.4062
5400,27.3457661,22.9066696,1.79235029,23.0463829,-10.1855125,29,66.6317673,46910.8359,17381.8965
5400,27.3457661,22.9066696,1.79235029,23.0463829,-10.1855125,30,67.5649338,47654.3477,16638.3848
5400,27.3457661,22.9066696,1.79235029,23.0463829,-10.1855125,31,68.4981079,48397.8555,15894.875
5400,27.3457661,22.9066696,1.79235029,23.0463829,-10.1855125,32,69.4312744,49141.3672,15151.3643
5400,27.3457661,22.9066696,1.79235029,23.0463829,-10.1855125,33,70.3644409,49884.8789,14407.8535
5400,27.3457661,22.9066696,1.79235029,23.0463829,-10.1855125,34,71.2976151,50628.3906,13664.3428
5400,27.3457661,22.9066696,1.79235029,23.0463829,-10.1855125,35,71.4285736,50732.7305,13560
5400,27.3457661,22.9066696,1.79235029,23.0463829,-10.1855125,36,72.1930161,51230.5469,13065.2324
5400,27.3457661,22.9066696,1.79235029,23.0463829,-10.1855125,37,72.9557953,51728.3633,12577.5352
5400,27.3457661,22.9066696,1.79235029,23.0463829,-10.1855125,38,73.7123871,52226.1758,12108.3447
5400,27.3457661,22.9066696,1.79235029,23.0463829,-10.1855125,39,74.4513321,52723.9922,11679.541
5400,27.3457661,22.9066696,1.79235029,23.0463829,-10.1855125,40,75.1509399,53221.8047,11323.5039
5400,27.3457661,22.9066696,1.79235029,23.0463829,-10.1855125,41,75.7823029,53719.6289,11073.8877
5400,27.3457661,22.9066696,1.79235029,23.0463829,-10.1855125,42,76.3231506,54217.5469,10946.25
5400,27.3457661,22.9066696,1.79235029,23.0463829,-10.1855125,43,76.7761078,54716.2461,10918.2734
5400,27.3457661,22.9066696,1.79235029,23.0463829,-10.1855125,44,77.175415,55218.832,10925.6094
5400,27.3457661,22.9066696,1.79235029,23.0463829,-10.1855125,45,77.6948853,55733.2188,10659.4326
5400,27.3457661,22.9066696,1.79235029,23.0463829,-10.1855125,46,78.3475571,56267.9062,10153.3672
5400,27.3457661,22.9066696,1.79235029,23.0463829,-10.1855125,47,79.03508,56818.3438,9603.71484
5400,27.3457661,22.9066696,1.79235029,23.0463829,-10.1855125,48,79.6617203,57319.6875,9102.37695
5400,27.3457661,22.9066696,1.79235029,23.0463829,-10.1855125,49,80.2839432,57817.5,8604.56152
5400,27.3457661,22.9066696,1.79235029,23.0463829,-10.1855125,50,80.9061737,58315.3164,8106.74707
5400,27.3457661,22.9066696,1.79235029,23.0463829,-10.1855125,51,81.5283966,58813.1289,7608.93213
5400,27.3457661,22.9066696,1.79235029,23.0463829,-10.1855125,52,82.1506271,59310.9453,7111.11719
5400,27.3457661,22.9066696,1.79235029,23.0463829,-10.1855125,53,82.77285,59808.7617,6613.30225
5400,27.3457661,22.9066696,1.79235029,23.0463829,-10.1855125,54,83.3950806,60306.5742,6115.48779
5400,27.3457661,22.9066696,1.79235029,23.0463829,-10.1855125,55,84.0173111,60804.3906,5617.67285
5400,27.3457661,22.9066696,1.79235029,23.0463829,-10.1855125,56,84.639534,61302.2031,5119.85791
5400,27.3457661,22.9066696,1.79235029,23.0463829,-10.1855125,57,85.2617645,61800.0195,4622.04297
5400,27.3457661,22.9066696,1.79235029,23.0463829,-10.1855125,58,85.7142868,62162.0625,4260
5400,27.3457661,22.9066696,1.79235029,23.0463829,-10.1855125,59,87.145546,62589.6211,3839.98608
5400,27.3457661,22.9066696,1.79235029,23.0463829,-10.1855125,60,88.5447845,63017.1797,3460.71265
5500,14.3852148,18.2402058,6.69442558,19.8927021,-6.88708353,0,0,0,54912
5500,14.3852148,18.2402058,6.69442558,19.8927021,-6.88708353,1,5.02992678,3000.42163,51949.8555
5500,14.3852148,18.2402058,6.69442558,19.8927021,-6.88708353,2,9.93472958,6000.84375,49211.5742
5500,14.3852148,18.2402058,6.69442558,19.8927021,-6.88708353,3,14.2918816,9001.65625,47119.4492
5500,14.3852148,18.2402058,6.69442558,19.8927021,-6.88708353,4,17.8989754,12039.8057,45660.207
5500,14.3852148,18.2402058,6.69442558,19.8927021,-6.88708353,5,22.7962837,15514.2109,42702.5352
5500,14.3852148,18.2402058,6.69442558,19.8927021,-6.88708353,6,27.1613541,18664.5371,40080.1211
5500,14.3852148,18.2402058,6.69442558,19.8927021,-6.88708353,7,31.19487,21687.3086,37686.1875
5500,14.3852148,18.2402058,6.69442558,19.8927021,-6.88708353,8,35.4375076,24801.2344,34879.8828
5500,14.3852148,18.2402058,6.69442558,19.8927021,-6.88708353,9,37.685955,26634.4023,33063.2227
5500,14.3852148,18.2402058,6.69442558,19.8927021,-6.88708353,10,38.9567223,27851.1855,31846.5352
5500,14.3852148,18.2402058,6.69442558,19.8927021,-6.88708353,11,39.9200058,28773.502,30924.2188
5500,14.3852148,18.2402058,6.69442558,19.8927021,-6.88708353,12,40.8832893,29695.8164,30001.9043
5500,14.3852148,18.2402058,6.69442558,19.8927021,-6.88708353,13,41.8465729,30618.1309,29079.5918
5500,14.3852148,18.2402058,6.69442558,19.8927021,-6.88708353,14,42.8098564,31540.4434,28157.2773
5500,14.3852148,18.2402058,6.69442558,19.8927021,-6.88708353,15,44.5614624,32217.9609,27487.2246
5500,14.3852148,18.2402058,6.69442558,19.8927021,-6.88708353,16,47.5997238,33735.2383,26024.4473
5500,14.3852148,18.2402058,6.69442558,19.8927021,-6.88708353,17,50.4834137,35252.5273,24715.3633
5500,14.3852148,18.2402058,6.69442558,19.8927021,-6.88708353,18,53.0278702,36771.3125,23678.4531
5500,14.3852148,18.2402058,6.69442558,19.8927021,-6.88708353,19,55.3486938,38326.3008,22810.1621
5500,14.3852148,18.2402058,6.69442558,19.8927021,-6.88708353,20,58.2026405,40042.9961,21611.3301
5500,14.3852148,18.2402058,6.69442558,19.8927021,-6.88708353,21,60.5149765,41597.4023,20663.375
5500,14.3852148,18.2402058,6.69442558,19.8927021,-6.88708353,22,63.2533989,43286.4453,19094.3457
5500,14.3852148,18.2402058,6.69442558,19.8927021,-6.88708353,23,66.2954407,45149.6211,17232.1016
5500,14.3852148,18.2402058,6.69442558,19.8927021,-6.88708353,24,68.2540512,46388.4727,15993.252
5500,14.3852148,18.2402058,6.69442558,19.8927021,-6.88708353,25,69.4087143,47273.5117,15108.2129
5500,14.3852148,18.2402058,6.69442558,19.8927021,-6.88708353,26,70.5633698,48158.5508,14223.1738
5500,14.3852148,18.2402058,6.69442558,19.8927021,-6.88708353,27,71.4285736,48821.7227,13560
5500,14.3852148,18.2402058,6.69442558,19.8927021,-6.88708353,28,72.3385849,49414.2969,12969.8516
5500,14.3852148,18.2402058,6.69442558,19.8927021,-6.88708353,29,73.2470245,50006.8711,12385.333
5500,14.3852148,18.2402058,6.69442558,19.8927021,-6.88708353,30,74.1495972,50599.4453,11815.5518
5500,14.3852148,18.2402058,6.69442558,19.8927021,-6.88708353,31,75.0353699,51192.0234,11277.9297
5500,14.3852148,18.2402058,6.69442558,19.8927021,-6.88708353,32,75.8834991,51784.5977,10798.248
5500,14.3852148,18.2402058,6.69442558,19.8927021,-6.88708353,33,76.6655884,52377.207,10403.2822
5500,14.3852148,18.2402058,6.69442558,19.8927021,-6.88708353,34,77.3588104,52970.2422,10105.0967
5500,14.3852148,18.2402058,6.69442558,19.8927021,-6.88708353,35,77.9662323,53566.6992,9883.46777
5500,14.3852148,18.2402058,6.69442558,19.8927021,-6.88708353,36,78.5333939,54180.2812,9675.92773
5500,14.3852148,18.2402058,6.69442558,19.8927021,-6.88708353,37,79.2718964,54845.7812,9208.07129
5500,14.3852148,18.2402058,6.69442558,19.8927021,-6.88708353,38,80.2364426,55600.6523,8475.99316
5500,14.3852148,18.2402058,6.69442558,19.8927021,-6.88708353,39,81.3067245,56424.8242,7652.44727
5500,14.3852148,18.2402058,6.69442558,19.8927021,-6.88708353,40,82.0967865,57032.9258,7044.34668
5500,14.3852148,18.2402058,6.69442558,19.8927021,-6.88708353,41,82.8666763,57625.5,6451.77197
5500,14.3852148,18.2402058,6.69442558,19.8927021,-6.88708353,42,83.6365662,58218.0781,5859.19727
5500,14.3852148,18.2402058,6.69442558,19.8927021,-6.88708353,43,84.406456,58810.6523,5266.62256
5500,14.3852148,18.2402058,6.69442558,19.8927021,-6.88708353,44,85.1763458,59403.2266,4674.04785
5500,14.3852148,18.2402058,6.69442558,19.8927021,-6.88708353,45,85.7142868,59817.2734,4260
5500,14.3852148,18.2402058,6.69442558,19.8927021,-6.88708353,46,87.4186096,60326.2188,3757.06274
5500,14.3852148,18.2402058,6.69442558,19.8927021,-6.88708353,47,89.0924835,60835.1641,3286.56616
5500,14.3852148,18.2402058,6.69442558,19.8927021,-6.88708353,48,90.6217728,61344.1211,2917.81177
5500,14.3852148,18.2402058,6.69442558,19.8927021,-6.88708353,49,91.8587875,61854.2773,2698.94604
5500,14.3852148,18.2402058,6.69442558,19.8927021,-6.88708353,50,93.0005569,62393.5352,2474.84595
5500,14.3852148,18.2402058,6.69442558,19.8927021,-6.88708353,51,94.872673,63061.3125,1816.17822
5500,14.3852148,18.2402058,6.69442558,19.8927021,-6.88708353,52,96.3225479,63574.8828,1302.60913
5500,14.3852148,18.2402058,6.69442558,19.8927021,-6.88708353,53,97.7593765,64083.8281,793.663879
5500,14.3852148,18.2402058,6.69442558,19.8927021,-6.88708353,54,99.1961975,64592.7734,284.718628
5500,14.3852148,18.2402058,6.69442558,19.8927021,-6.88708353,55,100,64877.4922,0
5500,14.3852148,18.2402058,6.69442558,19.8927021,-6.88708353,56,100,64877.4922,0
5500,14.3852148,18.2402058,6.69442558,19.8927021,-6.88708353,57,100,64877.4922,0
5500,14.3852148,18.2402058,6.69442558,19.8927021,-6.88708353,58,100,64877.4922,0
5500,14.3852148,18.2402058,6.69442558,19.8927021,-6.88708353,59,100,64877.4922,0
5500,14.3852148,18.2402058,6.69442558,19.8927021,-6.88708353,60,100,64877.4922,0
5600,25.1804485,8.69052029,4.30253792,28.9099884,2.91075349,0,0,0,54912
5600,25.1804485,8.69052029,4.30253792,28.9099884,2.91075349,1,5.22850752,3115.96997,51814.2656
5600,25.1804485,8.69052029,4.30253792,28.9099884,2.91075349,2,10.3944731,6231.94043,48823.1953
5600,25.1804485,8.69052029,4.30253792,28.9099884,2.91075349,3,15.2761459,9348.12988,46139.9453
5600,25.1804485,8.69052029,4.30253792,28.9099884,2.91075349,4,19.7336121,12485.29,43755.0547
5600,25.1804485,8.69052029,4.30253792,28.9099884,2.91075349,5,24.9444981,15867.4805,40619.0625
5600,25.1804485,8.69052029,4.30253792,28.9099884,2.91075349,6,29.8354645,19067.6465,37670.418
5600,25.1804485,8.69052029,4.30253792,28.9099884,2.91075349,7,34.5247765,22196.1699,34841.5039
5600,25.1804485,8.69052029,4.30253792,28.9099884,2.91075349,8,37.3669586,24240.7578,32943.4844
5600,25.1804485,8.69052029,4.30253792,28.9099884,2.91075349,9,38.6327934,25360.2578,31831.8477
5600,25.1804485,8.69052029,4.30253792,28.9099884,2.91075349,10,39.9083138,26483.4844,30708.666
5600,25.1804485,8.69052029,4.30253792,28.9099884,2.91075349,11,40.9960518,27441.3184,29750.832
5600,25.1804485,8.69052029,4.30253792,28.9099884,2.91075349,12,42.083786,28399.1504,28793
5600,25.1804485,8.69052029,4.30253792,28.9099884,2.91075349,13,42.8571434,29080.1504,28112
5600,25.1804485,8.69052029,4.30253792,28.9099884,2.91075349,14,44.2746124,29999.2734,27196.0879
5600,25.1804485,8.69052029,4.30253792,28.9099884,2.91075349,15,47.4583893,31574.9824,25640.1523
5600,25.1804485,8.69052029,4.30253792,28.9099884,2.91075349,16,50.6034889,33150.6914,24144.3809
5600,25.1804485,8.69052029,4.30253792,28.9099884,2.91075349,17,53.6087914,34726.4375,22792.2598
5600,25.1804485,8.69052029,4.30253792,28.9099884,2.91075349,18,56.3478508,36304.1797,21628.2695
5600,25.1804485,8.69052029,4.30253792,28.9099884,2.91075349,19,58.9527359,37918.6641,20489.2598
5600,25.1804485,8.69052029,4.30253792,28.9099884,2.91075349,20,62.2431564,39701.6719,18768.8242
5600,25.1804485,8.69052029,4.30253792,28.9099884,2.91075349,21,65.4578705,41474.8867,16996.0547
5600,25.1804485,8.69052029,4.30253792,28.9099884,2.91075349,22,68.3893433,43050.6602,15420.2783
5600,25.1804485,8.69052029,4.30253792,28.9099884,2.91075349,23,70.6276779,44346.6602,14124.2783
5600,25.1804485,8.69052029,4.30253792,28.9099884,2.91075349,24,71.4285736,44910.9375,13560
5600,25.1804485,8.69052029,4.30253792,28.9099884,2.91075349,25,72.373764,45526.3359,12945.7607
5600,25.1804485,8.69052029,4.30253792,28.9099884,2.91075349,26,73.3181686,46141.7305,12334.2041
5600,25.1804485,8.69052029,4.30253792,28.9099884,2.91075349,27,74.2596664,46757.125,11729.6689
5600,25.1804485,8.69052029,4.30253792,28.9099884,2.91075349,28,75.1927872,47372.5195,11140.4551
5600,25.1804485,8.69052029,4.30253792,28.9099884,2.91075349,29,76.1069031,47987.9141,10578.8477
5600,25.1804485,8.69052029,4.30253792,28.9099884,2.91075349,30,76.9868927,48603.332,10057.6006
5600,25.1804485,8.69052029,4.30253792,28.9099884,2.91075349,31,77.8190689,49218.9844,9582.42676
5600,25.1804485,8.69052029,4.30253792,28.9099884,2.91075349,32,78.6021423,49836.5586,9143.4375
5600,25.1804485,8.69052029,4.30253792,28.9099884,2.91075349,33,79.359169,50463.7539,8709.70117
5600,25.1804485,8.69052029,4.30253792,28.9099884,2.91075349,34,80.2138748,51120.1094,8147.51367
5600,25.1804485,8.69052029,4.30253792,28.9099884,2.91075349,35,81.2030563,51826.6602,7451.82178
5600,25.1804485,8.69052029,4.30253792,28.9099884,2.91075349,36,82.2563705,52572.1367,6706.64502
5600,25.1804485,8.69052029,4.30253792,28.9099884,2.91075349,37,83.1384506,53196.2539,6082.5293
5600,25.1804485,8.69052029,4.30253792,28.9099884,2.91075349,38,84.0082092,53811.6484,5467.13379
5600,25.1804485,8.69052029,4.30253792,28.9099884,2.91075349,39,84.8779602,54427.043,4851.73877
5600,25.1804485,8.69052029,4.30253792,28.9099884,2.91075349,40,85.7142868,55018.7812,4260
5600,25.1804485,8.69052029,4.30253792,28.9099884,2.91075349,41,87.4855499,55547.3281,3734.31738
5600,25.1804485,8.69052029,4.30253792,28.9099884,2.91075349,42,89.2416534,56075.8711,3224.09106
5600,25.1804485,8.69052029,4.30253792,28.9099884,2.91075349,43,90.9240646,56604.4219,2762.33887
5600,25.1804485,8.69052029,4.30253792,28.9099884,2.91075349,44,92.4479523,57133.6484,2371.89844
5600,25.1804485,8.69052029,4.30253792,28.9099884,2.91075349,45,93.9107285,57679.2188,1976.48425
5600,25.1804485,8.69052029,4.30253792,28.9099884,2.91075349,46,95.8045044,58296.9766,1363.06885
5600,25.1804485,8.69052029,4.30253792,28.9099884,2.91075349,47,97.4393463,58828.1172,831.926575
5600,25.1804485,8.69052029,4.30253792,28.9099884,2.91075349,48,99.0662003,59356.6641,303.3815
5600,25.1804485,8.69052029,4.30253792,28.9099884,2.91075349,49,100,59660.0469,0
5600,25.1804485,8.69052029,4.30253792,28.9099884,2.91075349,50,100,59660.0469,0
5600,25.1804485,8.69052029,4.30253792,28.9099884,2.91075349,51,100,59660.0469,0
5600,25.1804485,8.69052029,4.30253792,28.9099884,2.91075349,52,100,59660.0469,0
5600,25.1804485,8.69052029,4.30253792,28.9099884,2.91075349,53,100,59660.0469,0
5600,25.1804485,8.69052029,4.30253792,28.9099884,2.91075349,54,100,59660.0469,0
5600,25.1804485,8.69052029,4.30253792,28.9099884,2.91075349,55,100,59660.0469,0
5600,25.1804485,8.69052029,4.30253792,28.9099884,2.91075349,56,100,59660.0469,0
5600,25.1804485,8.69052029,4.30253792,28.9099884,2.91075349,57,100,59660.0469,0
5600,25.1804485,8.69052029,4.30253792,28.9099884,2.91075349,58,100,59660.0469,0
5600,25.1804485,8.69052029,4.30253792,28.9099884,2.91075349,59,100,59660.0469,0
5600,25.1804485,8.69052029,4.30253792,28.9099884,2.91075349,60,100,59660.0469,0
5700,3.08758521,26.7042103,19.2109795,29.4134426,28.385767,0,0,0,54912
5700,3.08758521,26.7042103,19.2109795,29.4134426,28.385767,1,8.46695614,5054.82959,49913.207
5700,3.08758521,26.7042103,19.2109795,29.4134426,28.385767,2,16.6280327,10109.6611,45242.1602
5700,3.08758521,26.7042103,19.2109795,29.4134426,28.385767,3,23.4938164,15165.7588,41516.4062
5700,3.08758521,26.7042103,19.2109795,29.4134426,28.385767,4,28.7659874,20343.1426,38650.5938
5700,3.08758521,26.7042103,19.2109795,29.4134426,28.385767,5,37.4625244,26924.1504,32826.0977
5700,3.08758521,26.7042103,19.2109795,29.4134426,28.385767,6,38.6263504,28485.1172,32037.9668
5700,3.08758521,26.7042103,19.2109795,29.4134426,28.385767,7,39.6122932,30111.5469,31332.1719
5700,3.08758521,26.7042103,19.2109795,29.4134426,28.385767,8,41.149971,32034.0801,29860.0078
5700,3.08758521,26.7042103,19.2109795,29.4134426,28.385767,9,42.8571434,33806.2578,28112
5700,3.08758521,26.7042103,19.2109795,29.4134426,28.385767,10,42.8571434,33806.2578,28112
5700,3.08758521,26.7042103,19.2109795,29.4134426,28.385767,11,42.8571434,33806.2578,28112
5700,3.08758521,26.7042103,19.2109795,29.4134426,28.385767,12,42.8571434,33806.2578,28112
5700,3.08758521,26.7042103,19.2109795,29.4134426,28.385767,13,45.1549606,35297.2891,26630.832
5700,3.08758521,26.7042103,19.2109795,29.4134426,28.385767,14,47.4281998,36788.3203,25189.6406
5700,3.08758521,26.7042103,19.2109795,29.4134426,28.385767,15,52.4562569,39344.4883,22820.1035
5700,3.08758521,26.7042103,19.2109795,29.4134426,28.385767,16,57.1038437,41900.8242,20765.8594
5700,3.08758521,26.7042103,19.2109795,29.4134426,28.385767,17,60.960125,44463.8867,19199.3848
5700,3.08758521,26.7042103,19.2109795,29.4134426,28.385767,18,63.9462128,47126.8789,17954.0215
5700,3.08758521,26.7042103,19.2109795,29.4134426,28.385767,19,67.9510422,50363.3359,15466.4473
5700,3.08758521,26.7042103,19.2109795,29.4134426,28.385767,20,71.4285736,52781.3477,13560
5700,3.08758521,26.7042103,19.2109795,29.4134426,28.385767,21,71.4285736,52781.3477,13560
5700,3.08758521,26.7042103,19.2109795,29.4134426,28.385767,22,71.4285736,52781.3477,13560
5700,3.08758521,26.7042103,19.2109795,29.4134426,28.385767,23,72.9614944,53779.6641,12565.2383
5700,3.08758521,26.7042103,19.2109795,29.4134426,28.385767,24,74.4905396,54777.9766,11578.7188
5700,3.08758521,26.7042103,19.2109795,29.4134426,28.385767,25,76.005127,55776.293,10613.7734
5700,3.08758521,26.7042103,19.2109795,29.4134426,28.385767,26,77.4785767,56774.6055,9695.91113
5700,3.08758521,26.7042103,19.2109795,29.4134426,28.385767,27,78.8608093,57772.9258,8862.87305
5700,3.08758521,26.7042103,19.2109795,29.4134426,28.385767,28,80.086319,58771.3555,8153.80127
5700,3.08758521,26.7042103,19.2109795,29.4134426,28.385767,29,81.1086349,59771.1602,7585.66113
5700,3.08758521,26.7042103,19.2109795,29.4134426,28.385767,30,81.9489822,60782.082,7123.49707
5700,3.08758521,26.7042103,19.2109795,29.4134426,28.385767,31,82.7328949,61848.6445,6651.39697
5700,3.08758521,26.7042103,19.2109795,29.4134426,28.385767,32,83.9564819,63083.8477,5705.55078
5700,3.08758521,26.7042103,19.2109795,29.4134426,28.385767,33,85.7142868,64562.7695,4260
5700,3.08758521,26.7042103,19.2109795,29.4134426,28.385767,34,85.7142868,64562.7695,4260
5700,3.08758521,26.7042103,19.2109795,29.4134426,28.385767,35,85.7142868,64562.7695,4260
5700,3.08758521,26.7042103,19.2109795,29.4134426,28.385767,36,85.7142868,64562.7695,4260
5700,3.08758521,26.7042103,19.2109795,29.4134426,28.385767,37,85.7142868,64562.7695,4260
5700,3.08758521,26.7042103,19.2109795,29.4134426,28.385767,38,88.5836945,65420.1914,3411.37231
5700,3.08758521,26.7042103,19.2109795,29.4134426,28.385767,39,91.3784103,66277.6172,2610.23926
5700,3.08758521,26.7042103,19.2109795,29.4134426,28.385767,40,93.8256302,67135.0703,1958.04126
5700,3.08758521,26.7042103,19.2109795,29.4134426,28.385767,41,95.6102524,67996.4297,1523.13928
5700,3.08758521,26.7042103,19.2109795,29.4134426,28.385767,42,97.2878571,68952.3281,1028.64783
5700,3.08758521,26.7042103,19.2109795,29.4134426,28.385767,43,100,69994.3125,0
5700,3.08758521,26.7042103,19.2109795,29.4134426,28.385767,44,100,69994.3125,0
5700,3.08758521,26.7042103,19.2109795,29.4134426,28.385767,45,100,69994.3125,0
5700,3.08758521,26.7042103,19.2109795,29.4134426,28.385767,46,100,69994.3125,0
5700,3.08758521,26.7042103,19.2109795,29.4134426,28.385767,47,100,69994.3125,0
5700,3.08758521,26.7042103,19.2109795,29.4134426,28.385767,48,100,69994.3125,0
5700,3.08758521,26.7042103,19.2109795,29.4134426,28.385767,49,100,69994.3125,0
5700,3.08758521,26.7042103,19.2109795,29.4134426,28.385767,50,100,69994.3125,0
5700,3.08758521,26.7042103,19.2109795,29.4134426,28.385767,51,100,69994.3125,0
5700,3.08758521,26.7042103,19.2109795,29.4134426,28.385767,52,100,69994.3125,0
5700,3.08758521,26.7042103,19.2109795,29.4134426,28.385767,53,100,69994.3125,0
5700,3.08758521,26.7042103,19.2109795,29.4134426,28.385767,54,100,69994.3125,0
5700,3.08758521,26.7042103,19.2109795,29.4134426,28.385767,55,100,69994.3125,0
5700,3.08758521,26.7042103,19.2109795,29.4134426,28.385767,56,100,69994.3125,0
5700,3.08758521,26.7042103,19.2109795,29.4134426,28.385767,57,100,69994.3125,0
5700,3.08758521,26.7042103,19.2109795,29.4134426,28.385767,58,100,69994.3125,0
5700,3.08758521,26.7042103,19.2109795,29.4134426,28.385767,59,100,69994.3125,0
5700,3.08758521,26.7042103,19.2109795,29.4134426,28.385767,60,100,69994.3125,0
5800,24.1124496,24.200079,3.2199862,9.3699131,-6.66619396,0,0,0,54912
5800,24.1124496,24.200079,3.2199862,9.3699131,-6.66619396,1,4.07441282,2431.85815,52530.9258
5800,24.1124496,24.200079,3.2199862,9.3699131,-6.66619396,2,8.01511669,4863.71631,50446.8633
5800,24.1124496,24.200079,3.2199862,9.3699131,-6.66619396,3,11.3835144,7295.74072,49220.4297
5800,24.1124496,24.200079,3.2199862,9.3699131,-6.66619396,4,13.974865,9743.68359,48867.2969
5800,24.1124496,24.200079,3.2199862,9.3699131,-6.66619396,5,17.4470692,12377.623,46918.9297
5800,24.1124496,24.200079,3.2199862,9.3699131,-6.66619396,6,20.6905327,14873.3926,45123.5664
5800,24.1124496,24.200079,3.2199862,9.3699131,-6.66619396,7,23.7354813,17314.7793,43516.4844
5800,24.1124496,24.200079,3.2199862,9.3699131,-6.66619396,8,26.9370213,19795.0293,41444.3711
5800,24.1124496,24.200079,3.2199862,9.3699131,-6.66619396,9,30.3550873,22349.6055,38911.6953
5800,24.1124496,24.200079,3.2199862,9.3699131,-6.66619396,10,33.7850723,24907.0098,36354.418
5800,24.1124496,24.200079,3.2199862,9.3699131,-6.66619396,11,37.055233,27315.8438,33945.582
5800,24.1124496,24.200079,3.2199862,9.3699131,-6.66619396,12,37.7987137,28063.3828,33198.043
5800,24.1124496,24.200079,3.2199862,9.3699131,-6.66619396,13,38.5421944,28810.9238,32450.502
5800,24.1124496,24.200079,3.2199862,9.3699131,-6.66619396,14,39.2856789,29558.4648,31702.9609
5800,24.1124496,24.200079,3.2199862,9.3699131,-6.66619396,15,41.4098854,30818.4375,30452.8906
5800,24.1124496,24.200079,3.2199862,9.3699131,-6.66619396,16,43.5014763,32078.4121,29256.2852
5800,24.1124496,24.200079,3.2199862,9.3699131,-6.66619396,17,45.4403801,33338.3906,28227.3789
5800,24.1124496,24.200079,3.2199862,9.3699131,-6.66619396,18,47.0800514,34599.0078,27446.8574
5800,24.1124496,24.200079,3.2199862,9.3699131,-6.66619396,19,48.4426079,35728.293,26837
5800,24.1124496,24.200079,3.2199862,9.3699131,-6.66619396,20,50.8246231,37042.1797,25547.0664
5800,24.1124496,24.200079,3.2199862,9.3699131,-6.66619396,21,53.0321083,38274.3906,24360.0234
5800,24.1124496,24.200079,3.2199862,9.3699131,-6.66619396,22,55.184185,39504.1523,23289.4902
5800,24.1124496,24.200079,3.2199862,9.3699131,-6.66619396,23,57.2014999,40733.9375,22451.3477
5800,24.1124496,24.200079,3.2199862,9.3699131,-6.66619396,24,59.0175667,41964.5977,21892.7461
5800,24.1124496,24.200079,3.2199862,9.3699131,-6.66619396,25,60.7002335,43207.7383,21454.2051
5800,24.1124496,24.200079,3.2199862,9.3699131,-6.66619396,26,62.7142525,44510.7344,20310.4414
5800,24.1124496,24.200079,3.2199862,9.3699131,-6.66619396,27,64.5621719,45733.9453,19088.4629
5800,24.1124496,24.200079,3.2199862,9.3699131,-6.66619396,28,65.4531631,46451.3242,18371.084
5800,24.1124496,24.200079,3.2199862,9.3699131,-6.66619396,29,66.3440933,47168.6523,17653.7539
5800,24.1124496,24.200079,3.2199862,9.3699131,-6.66619396,30,67.2350159,47885.9844,16936.4258
5800,24.1124496,24.200079,3.2199862,9.3699131,-6.66619396,31,68.125946,48603.3125,16219.0967
5800,24.1124496,24.200079,3.2199862,9.3699131,-6.66619396,32,69.0168762,49320.6406,15501.7676
5800,24.1124496,24.200079,3.2199862,9.3699131,-6.66619396,33,69.9078064,50037.9688,14784.4385
5800,24.1124496,24.200079,3.2199862,9.3699131,-6.66619396,34,70.7987366,50755.2969,14067.1094
5800,24.1124496,24.200079,3.2199862,9.3699131,-6.66619396,35,71.4285736,51262.4102,13560
5800,24.1124496,24.200079,3.2199862,9.3699131,-6.66619396,36,72.1660843,51742.6953,13082.9346
5800,24.1124496,24.200079,3.2199862,9.3699131,-6.66619396,37,72.9019012,52222.9805,12613.3379
5800,24.1124496,24.200079,3.2199862,9.3699131,-6.66619396,38,73.6314087,52703.2617,12163.2939
5800,24.1124496,24.200079,3.2199862,9.3699131,-6.66619396,39,74.3429489,53183.5469,11755.916
5800,24.1124496,24.200079,3.2199862,9.3699131,-6.66619396,40,75.0145111,53663.8359,11425.4141
5800,24.1124496,24.200079,3.2199862,9.3699131,-6.66619396,41,75.6169205,54144.1328,11207.3359
5800,24.1124496,24.200079,3.2199862,9.3699131,-6.66619396,42,76.128212,54624.6172,11118.0439
5800,24.1124496,24.200079,3.2199862,9.3699131,-6.66619396,43,76.552536,55106.5547,11133.4033
5800,24.1124496,24.200079,3.2199862,9.3699131,-6.66619396,44,76.9282227,55595.7969,11182.8779
5800,24.1124496,24.200079,3.2199862,9.3699131,-6.66619396,45,77.4372559,56107.1758,10933.7236
5800,24.1124496,24.200079,3.2199862,9.3699131,-6.66619396,46,78.1012192,56656.6523,10414.4854
5800,24.1124496,24.200079,3.2199862,9.3699131,-6.66619396,47,78.8169403,57235.6797,9836.28711
5800,24.1124496,24.200079,3.2199862,9.3699131,-6.66619396,48,79.4191971,57722.5859,9349.38672
5800,24.1124496,24.200079,3.2199862,9.3699131,-6.66619396,49,80.0132675,58202.8672,8869.10156
5800,24.1124496,24.200079,3.2199862,9.3699131,-6.66619396,50,80.6073303,58683.1523,8388.81641
5800,24.1124496,24.200079,3.2199862,9.3699131,-6.66619396,51,81.2014008,59163.4375,7908.53125
5800,24.1124496,24.200079,3.2199862,9.3699131,-6.66619396,52,81.7954636,59643.7227,7428.24609
5800,24.1124496,24.200079,3.2199862,9.3699131,-6.66619396,53,82.389534,60124.0078,6947.96094
5800,24.1124496,24.200079,3.2199862,9.3699131,-6.66619396,54,82.9835968,60604.293,6467.67578
5800,24.1124496,24.200079,3.2199862,9.3699131,-6.66619396,55,83.5776672,61084.5781,5987.39111
5800,24.1124496,24.200079,3.2199862,9.3699131,-6.66619396,56,84.1717377,61564.8633,5507.10596
5800,24.1124496,24.200079,3.2199862,9.3699131,-6.66619396,57,84.7658005,62045.1484,5026.8208
5800,24.1124496,24.200079,3.2199862,9.3699131,-6.66619396,58,85.3598709,62525.4336,4546.53564
5800,24.1124496,24.200079,3.2199862,9.3699131,-6.66619396,59,85.7142868,62811.9688,4260
5800,24.1124496,24.200079,3.2199862,9.3699131,-6.66619396,60,87.0950089,63224.4727,3855.46802
5900,1.84292984,12.7908955,0.295893103,4.78963947,25.9073696,0,0,0,54912
5900,1.84292984,12.7908955,0.295893103,4.78963947,25.9073696,1,6.81918383,4065.57446,50873.2656
5900,1.84292984,12.7908955,0.295893103,4.78963947,25.9073696,2,13.5187864,8131.14893,46991.5195
5900,1.84292984,12.7908955,0.295893103,4.78963947,25.9073696,3,19.6829891,12196.7432,43563.1367
5900,1.84292984,12.7908955,0.295893103,4.78963947,25.9073696,4,25.0177727,16264.2295,40602.8594
5900,1.84292984,12.7908955,0.295893103,4.78963947,25.9073696,5,30.9920731,20353.8242,36875.6211
5900,1.84292984,12.7908955,0.295893103,4.78963947,25.9073696,6,36.927845,24426.9941,33172.6484
5900,1.84292984,12.7908955,0.295893103,4.78963947,25.9073696,7,38.3181458,25854.0605,32186.5508
5900,1.84292984,12.7908955,0.295893103,4.78963947,25.9073696,8,39.5323639,27109.5488,31146.7832
5900,1.84292984,12.7908955,0.295893103,4.78963947,25.9073696,9,40.9065514,28373.8711,29894.0371
5900,1.84292984,12.7908955,0.295893103,4.78963947,25.9073696,10,42.29076,29638.5312,28629.4434
5900,1.84292984,12.7908955,0.295893103,4.78963947,25.9073696,11,42.8571434,30155.9746,28112
5900,1.84292984,12.7908955,0.295893103,4.78963947,25.9073696,12,42.8571434,30155.9746,28112
5900,1.84292984,12.7908955,0.295893103,4.78963947,25.9073696,13,44.7062912,31355.2031,26917.4961
5900,1.84292984,12.7908955,0.295893103,4.78963947,25.9073696,14,46.5459328,32554.4316,25742.1387
5900,1.84292984,12.7908955,0.295893103,4.78963947,25.9073696,15,50.6509743,34610.3438,23775.6191
5900,1.84292984,12.7908955,0.295893103,4.78963947,25.9073696,16,54.6021233,36666.2617,21960.1992
5900,1.84292984,12.7908955,0.295893103,4.78963947,25.9073696,17,58.2124596,38722.2812,20381.5254
5900,1.84292984,12.7908955,0.295893103,4.78963947,25.9073696,18,61.359726,40779.8633,19002.9688
5900,1.84292984,12.7908955,0.295893103,4.78963947,25.9073696,19,64.5888977,42846.3867,17295.1465
5900,1.84292984,12.7908955,0.295893103,4.78963947,25.9073696,20,68.3060684,44929.8281,15220.293
5900,1.84292984,12.7908955,0.295893103,4.78963947,25.9073696,21,71.4285736,46590.125,13560
5900,1.84292984,12.7908955,0.295893103,4.78963947,25.9073696,22,71.4285736,46590.125,13560
5900,1.84292984,12.7908955,0.295893103,4.78963947,25.9073696,23,72.6617432,47393.0625,12758.7617
5900,1.84292984,12.7908955,0.295893103,4.78963947,25.9073696,24,73.8934097,48196.0039,11961.4727
5900,1.84292984,12.7908955,0.295893103,4.78963947,25.9073696,25,75.1194916,48998.9414,11174.5166
5900,1.84292984,12.7908955,0.295893103,4.78963947,25.9073696,26,76.3295441,49801.8828,10410.1123
5900,1.84292984,12.7908955,0.295893103,4.78963947,25.9073696,27,77.5034103,50604.8203,9686.34082
5900,1.84292984,12.7908955,0.295893103,4.78963947,25.9073696,28,78.612915,51407.7617,9021.99609
5900,1.84292984,12.7908955,0.295893103,4.78963947,25.9073696,29,79.633255,52210.7227,8425.7959
5900,1.84292984,12.7908955,0.295893103,4.78963947,25.9073696,30,80.5603714,53013.8594,7885.50586
5900,1.84292984,12.7908955,0.295893103,4.78963947,25.9073696,31,81.4202118,53817.8633,7366.23926
5900,1.84292984,12.7908955,0.295893103,4.78963947,25.9073696,32,82.3883209,54624.5,6698.20117
5900,1.84292984,12.7908955,0.295893103,4.78963947,25.9073696,33,83.4764481,55435.6641,5903.02148
5900,1.84292984,12.7908955,0.295893103,4.78963947,25.9073696,34,84.5855103,56250.3398,5088.78271
5900,1.84292984,12.7908955,0.295893103,4.78963947,25.9073696,35,85.6801529,57054.0664,4285.05908
5900,1.84292984,12.7908955,0.295893103,4.78963947,25.9073696,36,85.7142868,57079.125,4260
5900,1.84292984,12.7908955,0.295893103,4.78963947,25.9073696,37,85.7142868,57079.125,4260
5900,1.84292984,12.7908955,0.295893103,4.78963947,25.9073696,38,88.0246124,57768.7461,3574.5918
5900,1.84292984,12.7908955,0.295893103,4.78963947,25.9073696,39,90.3059082,58458.3672,2911.93237
5900,1.84292984,12.7908955,0.295893103,4.78963947,25.9073696,40,92.447464,59147.9883,2320.62622
5900,1.84292984,12.7908955,0.295893103,4.78963947,25.9073696,41,94.2928391,59837.6719,1835.2113
5900,1.84292984,12.7908955,0.295893103,4.78963947,25.9073696,42,95.9497833,60528.8281,1365.05811
5900,1.84292984,12.7908955,0.295893103,4.78963947,25.9073696,43,98.0035095,61226.5,673.776062
5900,1.84292984,12.7908955,0.295893103,4.78963947,25.9073696,44,100,61900.2773,0
5900,1.84292984,12.7908955,0.295893103,4.78963947,25.9073696,45,100,61900.2773,0
5900,1.84292984,12.7908955,0.295893103,4.78963947,25.9073696,46,100,61900.2773,0
5900,1.84292984,12.7908955,0.295893103,4.78963947,25.9073696,47,100,61900.2773,0
5900,1.84292984,12.7908955,0.295893103,4.78963947,25.9073696,48,100,61900.2773,0
5900,1.84292984,12.7908955,0.295893103,4.78963947,25.9073696,49,100,61900.2773,0
5900,1.84292984,12.7908955,0.295893103,4.78963947,25.9073696,50,100,61900.2773,0
5900,1.84292984,12.7908955,0.295893103,4.78963947,25.9073696,51,100,61900.2773,0
5900,1.84292984,12.7908955,0.295893103,4.78963947,25.9073696,52,100,61900.2773,0
5900,1.84292984,12.7908955,0.295893103,4.78963947,25.9073696,53,100,61900.2773,0
5900,1.84292984,12.7908955,0.295893103,4.78963947,25.9073696,54,100,61900.2773,0
5900,1.84292984,12.7908955,0.295893103,4.78963947,25.9073696,55,100,61900.2773,0
5900,1.84292984,12.7908955,0.295893103,4.78963947,25.9073696,56,100,61900.2773,0
5900,1.84292984,12.7908955,0.295893103,4.78963947,25.9073696,57,100,61900.2773,0
5900,1.84292984,12.7908955,0.295893103,4.78963947,25.9073696,58,100,61900.2773,0
5900,1.84292984,12.7908955,0.295893103,4.78963947,25.9073696,59,100,61900.2773,0
5900,1.84292984,12.7908955,0.295893103,4.78963947,25.9073696,60,100,61900.2773,0
6000,0.709767699,1.81248307,21.6339245,26.2718201,17.2025318,0,0,0,54912
6000,0.709767699,1.81248307,21.6339245,26.2718201,17.2025318,1,7.74564028,4612.97168,50302.832
6000,0.709767699,1.81248307,21.6339245,26.2718201,17.2025318,2,15.4718313,9225.94531,45715.9062
6000,0.709767699,1.81248307,21.6339245,26.2718201,17.2025318,3,23.1096611,13840.3799,41191.7656
6000,0.709767699,1.81248307,21.6339245,26.2718201,17.2025318,4,30.8479023,18594.75,36594.2891
6000,0.709767699,1.81248307,21.6339245,26.2718201,17.2025318,5,37.2724876,22577.4863,32662.8984
6000,0.709767699,1.81248307,21.6339245,26.2718201,17.2025318,6,38.9758224,24003.7266,31289.1133
6000,0.709767699,1.81248307,21.6339245,26.2718201,17.2025318,7,40.7454071,25505.4941,29849.8301
6000,0.709767699,1.81248307,21.6339245,26.2718201,17.2025318,8,42.8571434,27273.8926,28112
6000,0.709767699,1.81248307,21.6339245,26.2718201,17.2025318,9,42.8571434,27273.8926,28112
6000,0.709767699,1.81248307,21.6339245,26.2718201,17.2025318,10,42.8571434,27273.8926,28112
6000,0.709767699,1.81248307,21.6339245,26.2718201,17.2025318,11,42.8571434,27273.8926,28112
6000,0.709767699,1.81248307,21.6339245,26.2718201,17.2025318,12,42.8571434,27273.8926,28112
6000,0.709767699,1.81248307,21.6339245,26.2718201,17.2025318,13,44.9561806,28634.5879,26751.9746
6000,0.709767699,1.81248307,21.6339245,26.2718201,17.2025318,14,47.053688,29995.2832,25394.6621
6000,0.709767699,1.81248307,21.6339245,26.2718201,17.2025318,15,51.7674904,32328.0098,23074.6016
6000,0.709767699,1.81248307,21.6339245,26.2718201,17.2025318,16,56.455864,34660.9336,20775.7578
6000,0.709767699,1.81248307,21.6339245,26.2718201,17.2025318,17,61.0964966,37001.6094,18502.7227
6000,0.709767699,1.81248307,21.6339245,26.2718201,17.2025318,18,65.830368,39457.582,16142.9648
6000,0.709767699,1.81248307,21.6339245,26.2718201,17.2025318,19,70.4142532,41708.7031,13942.6768
6000,0.709767699,1.81248307,21.6339245,26.2718201,17.2025318,20,71.4285736,42448.1836,13560
6000,0.709767699,1.81248307,21.6339245,26.2718201,17.2025318,21,71.4285736,42448.1836,13560
6000,0.709767699,1.81248307,21.6339245,26.2718201,17.2025318,22,71.4285736,42448.1836,13560
6000,0.709767699,1.81248307,21.6339245,26.2718201,17.2025318,23,72.8279953,43359.2344,12649.1924
6000,0.709767699,1.81248307,21.6339245,26.2718201,17.2025318,24,74.2271805,44270.2812,11738.9443
6000,0.709767699,1.81248307,21.6339245,26.2718201,17.2025318,25,75.6254578,45181.332,10830.1602
6000,0.709767699,1.81248307,21.6339245,26.2718201,17.2025318,26,77.0211411,46092.3789,9924.57129
6000,0.709767699,1.81248307,21.6339245,26.2718201,17.2025318,27,78.410881,47003.4336,9024.73438
6000,0.709767699,1.81248307,21.6339245,26.2718201,17.2025318,28,79.789917,47914.6133,8133.19434
6000,0.709767699,1.81248307,21.6339245,26.2718201,17.2025318,29,81.1555634,48827.3867,7249.72119
6000,0.709767699,1.81248307,21.6339245,26.2718201,17.2025318,30,82.5228043,49752.9805,6361.37256
6000,0.709767699,1.81248307,21.6339245,26.2718201,17.2025318,31,83.9722519,50742.7695,5411.93018
6000,0.709767699,1.81248307,21.6339245,26.2718201,17.2025318,32,85.7142868,51914.3398,4260
6000,0.709767699,1.81248307,21.6339245,26.2718201,17.2025318,33,85.7142868,51914.3398,4260
6000,0.709767699,1.81248307,21.6339245,26.2718201,17.2025318,34,85.7142868,51914.3398,4260
6000,0.709767699,1.81248307,21.6339245,26.2718201,17.2025318,35,85.7142868,51914.3398,4260
6000,0.709767699,1.81248307,21.6339245,26.2718201,17.2025318,36,85.7142868,51914.3398,4260
6000,0.709767699,1.81248307,21.6339245,26.2718201,17.2025318,37,85.7142868,51914.3398,4260
6000,0.709767699,1.81248307,21.6339245,26.2718201,17.2025318,38,88.3379059,52696.8125,3478.12354
6000,0.709767699,1.81248307,21.6339245,26.2718201,17.2025318,39,90.9568253,53479.2852,2699.4707
6000,0.709767699,1.81248307,21.6339245,26.2718201,17.2025318,40,93.5526199,54261.7969,1930.89062
6000,0.709767699,1.81248307,21.6339245,26.2718201,17.2025318,41,96.110199,55048.8164,1172.81726
6000,0.709767699,1.81248307,21.6339245,26.2718201,17.2025318,42,98.9856873,55944.8984,308.050049
6000,0.709767699,1.81248307,21.6339245,26.2718201,17.2025318,43,100,56540.1758,0
6000,0.709767699,1.81248307,21.6339245,26.2718201,17.2025318,44,100,56540.1758,0
6000,0.709767699,1.81248307,21.6339245,26.2718201,17.2025318,45,100,56540.1758,0
6000,0.709767699,1.81248307,21.6339245,26.2718201,17.2025318,46,100,56540.1758,0
6000,0.709767699,1.81248307,21.6339245,26.2718201,17.2025318,47,100,56540.1758,0
6000,0.709767699,1.81248307,21.6339245,26.2718201,17.2025318,48,100,56540.1758,0
6000,0.709767699,1.81248307,21.6339245,26.2718201,17.2025318,49,100,56540.1758,0
6000,0.709767699,1.81248307,21.6339245,26.2718201,17.2025318,50,100,56540.1758,0
6000,0.709767699,1.81248307,21.6339245,26.2718201,17.2025318,51,100,56540.1758,0
6000,0.709767699,1.81248307,21.6339245,26.2718201,17.2025318,52,100,56540.1758,0
6000,0.709767699,1.81248307,21.6339245,26.2718201,17.2025318,53,100,56540.1758,0
6000,0.709767699,1.81248307,21.6339245,26.2718201,17.2025318,54,100,56540.1758,0
6000,0.709767699,1.81248307,21.6339245,26.2718201,17.2025318,55,100,56540.1758,0
6000,0.709767699,1.81248307,21.6339245,26.2718201,17.2025318,56,100,56540.1758,0
6000,0.709767699,1.81248307,21.6339245,26.2718201,17.2025318,57,100,56540.1758,0
6000,0.709767699,1.81248307,21.6339245,26.2718201,17.2025318,58,100,56540.1758,0
6000,0.709767699,1.81248307,21.6339245,26.2718201,17.2025318,59,100,56540.1758,0
6000,0.709767699,1.81248307,21.6339245,26.2718201,17.2025318,60,100,56540.1758,0
6100,8.66456699,26.0745068,25.0875282,19.4480877,19.1507721,0,0,0,54912
6100,8.66456699,26.0745068,25.0875282,19.4480877,19.1507721,1,6.8358674,4080.80835,50885.9062
6100,8.66456699,26.0745068,25.0875282,19.4480877,19.1507721,2,13.4304619,8161.61865,47179.832
6100,8.66456699,26.0745068,25.0875282,19.4480877,19.1507721,3,19.0018406,12243.9873,44396.4375
6100,8.66456699,26.0745068,25.0875282,19.4480877,19.1507721,4,23.3869171,16475.6289,42421.8555
6100,8.66456699,26.0745068,25.0875282,19.4480877,19.1507721,5,31.440443,22451.3906,37184.7695
6100,8.66456699,26.0745068,25.0875282,19.4480877,19.1507721,6,36.7165642,26597.6562,33793.1602
6100,8.66456699,26.0745068,25.0875282,19.4480877,19.1507721,7,37.5578117,27941.4297,33348.3125
6100,8.66456699,26.0745068,25.0875282,19.4480877,19.1507721,8,38.9628487,29649.6309,32079.8613
6100,8.66456699,26.0745068,25.0875282,19.4480877,19.1507721,9,41.302784,32054.7988,29698.291
6100,8.66456699,26.0745068,25.0875282,19.4480877,19.1507721,10,42.8571434,33641.2227,28112
6100,8.66456699,26.0745068,25.0875282,19.4480877,19.1507721,11,42.8571434,33641.2227,28112
6100,8.66456699,26.0745068,25.0875282,19.4480877,19.1507721,12,42.8571434,33641.2227,28112
6100,8.66456699,26.0745068,25.0875282,19.4480877,19.1507721,13,44.7122383,34844.9453,26917.9082
6100,8.66456699,26.0745068,25.0875282,19.4480877,19.1507721,14,46.5479546,36048.668,25762.8496
6100,8.66456699,26.0745068,25.0875282,19.4480877,19.1507721,15,50.6098862,38112.2852,23881.4629
6100,8.66456699,26.0745068,25.0875282,19.4480877,19.1507721,16,54.3713608,40176.1133,22307.8906
6100,8.66456699,26.0745068,25.0875282,19.4480877,19.1507721,17,57.5103035,42248.2109,21208.877
6100,8.66456699,26.0745068,25.0875282,19.4480877,19.1507721,18,60.0138168,44443.3008,20397.9863
6100,8.66456699,26.0745068,25.0875282,19.4480877,19.1507721,19,63.6780281,47344.1836,18228.332
6100,8.66456699,26.0745068,25.0875282,19.4480877,19.1507721,20,70.1342545,51421.8047,14168.2139
6100,8.66456699,26.0745068,25.0875282,19.4480877,19.1507721,21,71.4285736,52030.0234,13560
6100,8.66456699,26.0745068,25.0875282,19.4480877,19.1507721,22,71.4285736,52030.0234,13560
6100,8.66456699,26.0745068,25.0875282,19.4480877,19.1507721,23,72.6661224,52835.9727,12757.5205
6100,8.66456699,26.0745068,25.0875282,19.4480877,19.1507721,24,73.9006195,53641.918,11963.0889
6100,8.66456699,26.0745068,25.0875282,19.4480877,19.1507721,25,75.1237183,54447.8672,11189.7246
6100,8.66456699,26.0745068,25.0875282,19.4480877,19.1507721,26,76.3143768,55253.8164,10462.3311
6100,8.66456699,26.0745068,25.0875282,19.4480877,19.1507721,27,77.4330292,56059.7695,9817.76074
6100,8.66456699,26.0745068,25.0875282,19.4480877,19.1507721,28,78.4278717,56865.8594,9294.20605
6100,8.66456699,26.0745068,25.0875282,19.4480877,19.1507721,29,79.2625046,57673.6445,8907.90918
6100,8.66456699,26.0745068,25.0875282,19.4480877,19.1507721,30,79.9586716,58495.1094,8622.2627
6100,8.66456699,26.0745068,25.0875282,19.4480877,19.1507721,31,80.6391068,59385.0508,8312.7627
6100,8.66456699,26.0745068,25.0875282,19.4480877,19.1507721,32,81.7576599,60482.5469,7497.79932
6100,8.66456699,26.0745068,25.0875282,19.4480877,19.1507721,33,83.5017929,61937.3477,6075.58154
6100,8.66456699,26.0745068,25.0875282,19.4480877,19.1507721,34,85.6111603,63669.1914,4344.62891
6100,8.66456699,26.0745068,25.0875282,19.4480877,19.1507721,35,85.7142868,63753.8242,4260
6100,8.66456699,26.0745068,25.0875282,19.4480877,19.1507721,36,85.7142868,63753.8242,4260
6100,8.66456699,26.0745068,25.0875282,19.4480877,19.1507721,37,85.7142868,63753.8242,4260
6100,8.66456699,26.0745068,25.0875282,19.4480877,19.1507721,38,88.0308914,64446.0312,3576.38306
6100,8.66456699,26.0745068,25.0875282,19.4480877,19.1507721,39,90.2886047,65138.2383,2939.14038
6100,8.66456699,26.0745068,25.0875282,19.4480877,19.1507721,40,92.2719193,65830.4844,2447.31274
6100,8.66456699,26.0745068,25.0875282,19.4480877,19.1507721,41,93.7348175,66527.5391,2166.66333
6100,8.66456699,26.0745068,25.0875282,19.4480877,19.1507721,42,95.2200165,67340.9297,1803.78821
6100,8.66456699,26.0745068,25.0875282,19.4480877,19.1507721,43,98.7056885,68668.1406,489.605438
6100,8.66456699,26.0745068,25.0875282,19.4480877,19.1507721,44,100,69157.75,0
6100,8.66456699,26.0745068,25.0875282,19.4480877,19.1507721,45,100,69157.75,0
6100,8.66456699,26.0745068,25.0875282,19.4480877,19.1507721,46,100,69157.75,0
6100,8.66456699,26.0745068,25.0875282,19.4480877,19.1507721,47,100,69157.75,0
6100,8.66456699,26.0745068,25.0875282,19.4480877,19.1507721,48,100,69157.75,0
6100,8.66456699,26.0745068,25.0875282,19.4480877,19.1507721,49,100,69157.75,0
6100,8.66456699,26.0745068,25.0875282,19.4480877,19.1507721,50,100,69157.75,0
6100,8.66456699,26.0745068,25.0875282,19.4480877,19.1507721,51,100,69157.75,0
6100,8.66456699,26.0745068,25.0875282,19.4480877,19.1507721,52,100,69157.75,0
6100,8.66456699,26.0745068,25.0875282,19.4480877,19.1507721,53,100,69157.75,0
6100,8.66456699,26.0745068,25.0875282,19.4480877,19.1507721,54,100,69157.75,0
6100,8.66456699,26.0745068,25.0875282,19.4480877,19.1507721,55,100,69157.75,0
6100,8.66456699,26.0745068,25.0875282,19.4480877,19.1507721,56,100,69157.75,0
6100,8.66456699,26.0745068,25.0875282,19.4480877,19.1507721,57,100,69157.75,0
6100,8.66456699,26.0745068,25.0875282,19.4480877,19.1507721,58,100,69157.75,0
6100,8.66456699,26.0745068,25.0875282,19.4480877,19.1507721,59,100,69157.75,0
6100,8.66456699,26.0745068,25.0875282,19.4480877,19.1507721,60,100,69157.75,0
6200,18.7991676,26.3578053,12.8214455,0.15420644,-0.624912083,0,0,0,54912
6200,18.7991676,26.3578053,12.8214455,0.15420644,-0.624912083,1,4.24984884,2537.10278,52430.207
6200,18.7991676,26.3578053,12.8214455,0.15420644,-0.624912083,2,8.34810925,5074.20654,50271.9102
6200,18.7991676,26.3578053,12.8214455,0.15420644,-0.624912083,3,11.803731,7612.01807,49047.1836
6200,18.7991676,26.3578053,12.8214455,0.15420644,-0.624912083,4,14.4776382,10217.6533,48723.1328
6200,18.7991676,26.3578053,12.8214455,0.15420644,-0.624912083,5,18.9982185,13615.7471,46071.7383
6200,18.7991676,26.3578053,12.8214455,0.15420644,-0.624912083,6,22.6162338,16425.1523,44025.1914
6200,18.7991676,26.3578053,12.8214455,0.15420644,-0.624912083,7,25.7482586,19002.8535,42356.1836
6200,18.7991676,26.3578053,12.8214455,0.15420644,-0.624912083,8,29.1725807,21746.1367,40057.4258
6200,18.7991676,26.3578053,12.8214455,0.15420644,-0.624912083,9,33.0639648,24806.0938,37021.3242
6200,18.7991676,26.3578053,12.8214455,0.15420644,-0.624912083,10,36.9774246,27878.0977,33949.4531
6200,18.7991676,26.3578053,12.8214455,0.15420644,-0.624912083,11,38.2382545,28991.2031,32836.3516
6200,18.7991676,26.3578053,12.8214455,0.15420644,-0.624912083,12,39.0007362,29771.0957,32056.457
6200,18.7991676,26.3578053,12.8214455,0.15420644,-0.624912083,13,39.7632217,30550.9863,31276.5664
6200,18.7991676,26.3578053,12.8214455,0.15420644,-0.624912083,14,40.5257034,31330.8789,30496.6738
6200,18.7991676,26.3578053,12.8214455,0.15420644,-0.624912083,15,42.7284241,32645.3809,29192.957
6200,18.7991676,26.3578053,12.8214455,0.15420644,-0.624912083,16,44.8941383,33959.8828,27947.4746
6200,18.7991676,26.3578053,12.8214455,0.15420644,-0.624912083,17,46.8875275,35274.4102,26884.625
6200,18.7991676,26.3578053,12.8214455,0.15420644,-0.624912083,18,47.8338242,35856.7539,26825.1797
6200,18.7991676,26.3578053,12.8214455,0.15420644,-0.624912083,19,49.8511047,37208.1406,26049.2715
6200,18.7991676,26.3578053,12.8214455,0.15420644,-0.624912083,20,52.8741035,38849.5352,24473.4219
6200,18.7991676,26.3578053,12.8214455,0.15420644,-0.624912083,21,55.1156883,40142.957,23353.4297
6200,18.7991676,26.3578053,12.8214455,0.15420644,-0.624912083,22,57.1834335,41426.0352,22496.9121
6200,18.7991676,26.3578053,12.8214455,0.15420644,-0.624912083,23,59.0311012,42712.8477,21942.0781
6200,18.7991676,26.3578053,12.8214455,0.15420644,-0.624912083,24,60.7823181,44052.832,21478.4355
6200,18.7991676,26.3578053,12.8214455,0.15420644,-0.624912083,25,63.1284485,45647.832,20056.8652
6200,18.7991676,26.3578053,12.8214455,0.15420644,-0.624912083,26,65.6740494,47432.2773,18273.7617
6200,18.7991676,26.3578053,12.8214455,0.15420644,-0.624912083,27,66.5879211,48180.8672,17525.1738
6200,18.7991676,26.3578053,12.8214455,0.15420644,-0.624912083,28,67.5015259,48929.2383,16776.8008
6200,18.7991676,26.3578053,12.8214455,0.15420644,-0.624912083,29,68.4151382,49677.6133,16028.4268
6200,18.7991676,26.3578053,12.8214455,0.15420644,-0.624912083,30,69.328743,50425.9844,15280.0537
6200,18.7991676,26.3578053,12.8214455,0.15420644,-0.624912083,31,70.2423553,51174.3594,14531.6807
6200,18.7991676,26.3578053,12.8214455,0.15420644,-0.624912083,32,71.1559601,51922.7344,13783.3076
6200,18.7991676,26.3578053,12.8214455,0.15420644,-0.624912083,33,71.4285736,52146.0391,13560
6200,18.7991676,26.3578053,12.8214455,0.15420644,-0.624912083,34,72.1979752,52647.1094,13062.4355
6200,18.7991676,26.3578053,12.8214455,0.15420644,-0.624912083,35,72.9654541,53148.1797,12573.0068
6200,18.7991676,26.3578053,12.8214455,0.15420644,-0.624912083,36,73.7257767,53649.25,12104.874
6200,18.7991676,26.3578053,12.8214455,0.15420644,-0.624912083,37,74.4657135,54150.3242,11683.2109
6200,18.7991676,26.3578053,12.8214455,0.15420644,-0.624912083,38,75.1604233,54651.3945,11345.2764
6200,18.7991676,26.3578053,12.8214455,0.15420644,-0.624912083,39,75.7773819,55152.5312,11129.7441
6200,18.7991676,26.3578053,12.8214455,0.15420644,-0.624912083,40,76.2934952,55654.4375,11053.9072
6200,18.7991676,26.3578053,12.8214455,0.15420644,-0.624912083,41,76.7198944,56162.5547,11087.4258
6200,18.7991676,26.3578053,12.8214455,0.15420644,-0.624912083,42,77.1222,56701.7891,11134.9414
6200,18.7991676,26.3578053,12.8214455,0.15420644,-0.624912083,43,77.7558899,57335.3281,10787.0049
6200,18.7991676,26.3578053,12.8214455,0.15420644,-0.624912083,44,78.7058563,58131.2109,10024.0586
6200,18.7991676,26.3578053,12.8214455,0.15420644,-0.624912083,45,79.8259659,59052.9727,9103.19824
6200,18.7991676,26.3578053,12.8214455,0.15420644,-0.624912083,46,80.4694519,59582.2539,8573.92383
6200,18.7991676,26.3578053,12.8214455,0.15420644,-0.624912083,47,81.0786514,60083.3242,8072.85303
6200,18.7991676,26.3578053,12.8214455,0.15420644,-0.624912083,48,81.687851,60584.3945,7571.78271
6200,18.7991676,26.3578053,12.8214455,0.15420644,-0.624912083,49,82.2970505,61085.4648,7070.71191
6200,18.7991676,26.3578053,12.8214455,0.15420644,-0.624912083,50,82.9062424,61586.5352,6569.64111
6200,18.7991676,26.3578053,12.8214455,0.15420644,-0.624912083,51,83.5154419,62087.6055,6068.5708
6200,18.7991676,26.3578053,12.8214455,0.15420644,-0.624912083,52,84.1246414,62588.6758,5567.5
6200,18.7991676,26.3578053,12.8214455,0.15420644,-0.624912083,53,84.7338333,63089.7461,5066.42969
6200,18.7991676,26.3578053,12.8214455,0.15420644,-0.624912083,54,85.3430328,63590.8164,4565.35889
6200,18.7991676,26.3578053,12.8214455,0.15420644,-0.624912083,55,85.7142868,63896.1758,4260
6200,18.7991676,26.3578053,12.8214455,0.15420644,-0.624912083,56,87.1545258,64326.5312,3838.32666
6200,18.7991676,26.3578053,12.8214455,0.15420644,-0.624912083,57,88.5577545,64756.8867,3463.53174
6200,18.7991676,26.3578053,12.8214455,0.15420644,-0.624912083,58,89.7886658,65187.2617,3235.75415
6200,18.7991676,26.3578053,12.8214455,0.15420644,-0.624912083,59,90.6909637,65619.8203,3224.125
6200,18.7991676,26.3578053,12.8214455,0.15420644,-0.624912083,60,91.5549164,66105.2344,3194.12207
6300,23.3889503,24.7333069,9.86233234,1.21192849,10.6873322,0,0,0,54912
6300,23.3889503,24.7333069,9.86233234,1.21192849,10.6873322,1,4.51394367,2694.33667,52269.5664
6300,23.3889503,24.7333069,9.86233234,1.21192849,10.6873322,2,8.87656689,5388.67432,49930.6875
6300,23.3889503,24.7333069,9.86233234,1.21192849,10.6873322,3,12.5933819,8083.52539,48467.9922
6300,23.3889503,24.7333069,9.86233234,1.21192849,10.6873322,4,15.4845543,10827.5986,47864.8867
6300,23.3889503,24.7333069,9.86233234,1.21192849,10.6873322,5,19.9187012,14146.7803,45246.3828
6300,23.3889503,24.7333069,9.86233234,1.21192849,10.6873322,6,23.6843548,17038.7344,43070.2656
6300,23.3889503,24.7333069,9.86233234,1.21192849,10.6873322,7,27.0570488,19762.5352,41199.1562
6300,23.3889503,24.7333069,9.86233234,1.21192849,10.6873322,8,30.6808662,22606.502,38772.3164
6300,23.3889503,24.7333069,9.86233234,1.21192849,10.6873322,9,34.6927795,25680.2891,35720.9141
6300,23.3889503,24.7333069,9.86233234,1.21192849,10.6873322,10,37.7142944,28096.3262,33305.0039
6300,23.3889503,24.7333069,9.86233234,1.21192849,10.6873322,11,38.534523,28924.5566,32476.7734
6300,23.3889503,24.7333069,9.86233234,1.21192849,10.6873322,12,39.3547516,29752.7812,31648.5488
6300,23.3889503,24.7333069,9.86233234,1.21192849,10.6873322,13,40.1749763,30581.0059,30820.3242
6300,23.3889503,24.7333069,9.86233234,1.21192849,10.6873322,14,40.9952011,31409.2305,29992.0996
6300,23.3889503,24.7333069,9.86233234,1.21192849,10.6873322,15,43.3451195,32805.1992,28606.252
6300,23.3889503,24.7333069,9.86233234,1.21192849,10.6873322,16,45.6581154,34201.1641,27275.0508
6300,23.3889503,24.7333069,9.86233234,1.21192849,10.6873322,17,47.1997833,34992.5703,26719.8086
6300,23.3889503,24.7333069,9.86233234,1.21192849,10.6873322,18,49.4106255,36357.0508,25855.1348
6300,23.3889503,24.7333069,9.86233234,1.21192849,10.6873322,19,51.5277214,37769.1914,25020.0332
6300,23.3889503,24.7333069,9.86233234,1.21192849,10.6873322,20,54.4504585,39391.7969,23575.5117
6300,23.3889503,24.7333069,9.86233234,1.21192849,10.6873322,21,56.69207,40761.9336,22605.6465
6300,23.3889503,24.7333069,9.86233234,1.21192849,10.6873322,22,58.6930466,42127.207,21927.2383
6300,23.3889503,24.7333069,9.86233234,1.21192849,10.6873322,23,60.575161,43531.0703,21345.707
6300,23.3889503,24.7333069,9.86233234,1.21192849,10.6873322,24,62.9746208,45120,19919.5117
6300,23.3889503,24.7333069,9.86233234,1.21192849,10.6873322,25,65.7421112,46938.4844,18102.2891
6300,23.3889503,24.7333069,9.86233234,1.21192849,10.6873322,26,66.8875046,47808.8477,17231.9277
6300,23.3889503,24.7333069,9.86233234,1.21192849,10.6873322,27,67.8703766,48603.6016,16437.1738
6300,23.3889503,24.7333069,9.86233234,1.21192849,10.6873322,28,68.8532486,49398.3555,15642.4219
6300,23.3889503,24.7333069,9.86233234,1.21192849,10.6873322,29,69.836113,50193.1055,14847.6689
6300,23.3889503,24.7333069,9.86233234,1.21192849,10.6873322,30,70.818985,50987.8594,14052.916
6300,23.3889503,24.7333069,9.86233234,1.21192849,10.6873322,31,71.4285736,51480.7773,13560
6300,23.3889503,24.7333069,9.86233234,1.21192849,10.6873322,32,72.2456741,52012.8984,13031.166
6300,23.3889503,24.7333069,9.86233234,1.21192849,10.6873322,33,73.0608673,52545.0234,12509.9668
6300,23.3889503,24.7333069,9.86233234,1.21192849,10.6873322,34,73.8689117,53077.1484,12008.75
6300,23.3889503,24.7333069,9.86233234,1.21192849,10.6873322,35,74.6566238,53609.2695,11551.1406
6300,23.3889503,24.7333069,9.86233234,1.21192849,10.6873322,36,75.3991165,54141.3984,11172.0977
6300,23.3889503,24.7333069,9.86233234,1.21192849,10.6873322,37,76.06353,54673.5664,10907.9277
6300,23.3889503,24.7333069,9.86233234,1.21192849,10.6873322,38,76.6257401,55206.2969,10775.0068
6300,23.3889503,24.7333069,9.86233234,1.21192849,10.6873322,39,77.0940094,55743.5391,10746.0234
6300,23.3889503,24.7333069,9.86233234,1.21192849,10.6873322,40,77.5257263,56303.3594,10736.79
6300,23.3889503,24.7333069,9.86233234,1.21192849,10.6873322,41,78.1603622,56931.6172,10376.5303
6300,23.3889503,24.7333069,9.86233234,1.21192849,10.6873322,42,79.0613785,57677.6953,9661.36035
6300,23.3889503,24.7333069,9.86233234,1.21192849,10.6873322,43,80.0922165,58515.125,8824.77441
6300,23.3889503,24.7333069,9.86233234,1.21192849,10.6873322,44,80.7728043,59067.7227,8272.18359
6300,23.3889503,24.7333069,9.86233234,1.21192849,10.6873322,45,81.4281769,59599.8438,7740.05957
6300,23.3889503,24.7333069,9.86233234,1.21192849,10.6873322,46,82.0835495,60131.9688,7207.93555
6300,23.3889503,24.7333069,9.86233234,1.21192849,10.6873322,47,82.7389221,60664.0938,6675.81152
6300,23.3889503,24.7333069,9.86233234,1.21192849,10.6873322,48,83.3943024,61196.2188,6143.68799
6300,23.3889503,24.7333069,9.86233234,1.21192849,10.6873322,49,84.049675,61728.3398,5611.56396
6300,23.3889503,24.7333069,9.86233234,1.21192849,10.6873322,50,84.7050476,62260.4648,5079.43994
6300,23.3889503,24.7333069,9.86233234,1.21192849,10.6873322,51,85.3604202,62792.5898,4547.31641
6300,23.3889503,24.7333069,9.86233234,1.21192849,10.6873322,52,85.7142868,63079.9062,4260
6300,23.3889503,24.7333069,9.86233234,1.21192849,10.6873322,53,87.2439728,63536.9297,3811.12085
6300,23.3889503,24.7333069,9.86233234,1.21192849,10.6873322,54,88.7367477,63993.957,3406.23071
6300,23.3889503,24.7333069,9.86233234,1.21192849,10.6873322,55,90.0569229,64450.9961,3139.30103
6300,23.3889503,24.7333069,9.86233234,1.21192849,10.6873322,56,91.0428848,64909.6211,3075.66235
6300,23.3889503,24.7333069,9.86233234,1.21192849,10.6873322,57,91.9472351,65406.6094,3006.02295
6300,23.3889503,24.7333069,9.86233234,1.21192849,10.6873322,58,93.7139435,66073.0156,2351.96387
6300,23.3889503,24.7333069,9.86233234,1.21192849,10.6873322,59,94.9517212,66536.1406,1888.84253
6300,23.3889503,24.7333069,9.86233234,1.21192849,10.6873322,60,96.1732025,66993.1719,1431.81677
6400,11.0442667,20.1259232,11.6022749,23.8110008,-5.56189775,0,0,0,54912
6400,11.0442667,20.1259232,11.6022749,23.8110008,-5.56189775,1,5.47281408,3265.21118,51689.0234
6400,11.0442667,20.1259232,11.6022749,23.8110008,-5.56189775,2,10.7956839,6530.42334,48713.0547
6400,11.0442667,20.1259232,11.6022749,23.8110008,-5.56189775,3,15.4674807,9796.33691,46449.7656
6400,11.0442667,20.1259232,11.6022749,23.8110008,-5.56189775,4,19.2986488,13129.4873,44858.7578
6400,11.0442667,20.1259232,11.6022749,23.8110008,-5.56189775,5,25.061491,17248.2266,41310.1719
6400,11.0442667,20.1259232,11.6022749,23.8110008,-5.56189775,6,29.8880672,20783.3809,38357.5078
6400,11.0442667,20.1259232,11.6022749,23.8110008,-5.56189775,7,34.1992569,24088.8398,35745.8984
6400,11.0442667,20.1259232,11.6022749,23.8110008,-5.56189775,8,37.0938797,26463.8945,33710.2695
6400,11.0442667,20.1259232,11.6022749,23.8110008,-5.56189775,9,38.6475449,27985.9277,32206.4512
6400,11.0442667,20.1259232,11.6022749,23.8110008,-5.56189775,10,40.2245712,29519.9023,30672.5801
6400,11.0442667,20.1259232,11.6022749,23.8110008,-5.56189775,11,41.2565079,30523.6152,29668.8652
6400,11.0442667,20.1259232,11.6022749,23.8110008,-5.56189775,12,42.2884331,31527.3242,28665.1562
6400,11.0442667,20.1259232,11.6022749,23.8110008,-5.56189775,13,42.8571434,32080.4805,28112
6400,11.0442667,20.1259232,11.6022749,23.8110008,-5.56189775,14,44.3418274,33043.625,27156.2891
6400,11.0442667,20.1259232,11.6022749,23.8110008,-5.56189775,15,47.6689835,34694.8047,25550.9062
6400,11.0442667,20.1259232,11.6022749,23.8110008,-5.56189775,16,50.9033699,36345.9844,24084.8516
6400,11.0442667,20.1259232,11.6022749,23.8110008,-5.56189775,17,53.812252,37997.2812,22951.4336
6400,11.0442667,20.1259232,11.6022749,23.8110008,-5.56189775,18,56.1480942,39654.9688,22251.9277
6400,11.0442667,20.1259232,11.6022749,23.8110008,-5.56189775,19,58.3121719,41430.4648,21577.5586
6400,11.0442667,20.1259232,11.6022749,23.8110008,-5.56189775,20,62.1735764,43746.2617,19406.6699
6400,11.0442667,20.1259232,11.6022749,23.8110008,-5.56189775,21,65.7710266,46030.6641,17123.2969
6400,11.0442667,20.1259232,11.6022749,23.8110008,-5.56189775,22,68.5466003,47682.0547,15471.9053
6400,11.0442667,20.1259232,11.6022749,23.8110008,-5.56189775,23,70.7859879,49093.5703,14060.3926
6400,11.0442667,20.1259232,11.6022749,23.8110008,-5.56189775,24,71.4285736,49593.9609,13560
6400,11.0442667,20.1259232,11.6022749,23.8110008,-5.56189775,25,72.418869,50238.832,12917.8076
6400,11.0442667,20.1259232,11.6022749,23.8110008,-5.56189775,26,73.40728,50883.7031,12281.8271
6400,11.0442667,20.1259232,11.6022749,23.8110008,-5.56189775,27,74.3886337,51528.5703,11662.1064
6400,11.0442667,20.1259232,11.6022749,23.8110008,-5.56189775,28,75.3498611,52173.4414,11077.8701
6400,11.0442667,20.1259232,11.6022749,23.8110008,-5.56189775,29,76.2660599,52818.3125,10557.5635
6400,11.0442667,20.1259232,11.6022749,23.8110008,-5.56189775,30,77.1036758,53463.2461,10130.707
6400,11.0442667,20.1259232,11.6022749,23.8110008,-5.56189775,31,77.8366852,54108.9453,9810.34082
6400,11.0442667,20.1259232,11.6022749,23.8110008,-5.56189775,32,78.4724426,54760.8047,9572.05957
6400,11.0442667,20.1259232,11.6022749,23.8110008,-5.56189775,33,79.0761871,55443.5078,9337.37891
6400,11.0442667,20.1259232,11.6022749,23.8110008,-5.56189775,34,79.9214706,56219.6953,8779.26465
6400,11.0442667,20.1259232,11.6022749,23.8110008,-5.56189775,35,81.1008606,57156.8242,7867.28711
6400,11.0442667,20.1259232,11.6022749,23.8110008,-5.56189775,36,82.4582825,58218.7383,6806.06055
6400,11.0442667,20.1259232,11.6022749,23.8110008,-5.56189775,37,83.3187256,58891.5742,6133.22949
6400,11.0442667,20.1259232,11.6022749,23.8110008,-5.56189775,38,84.1434097,59536.4414,5488.35986
6400,11.0442667,20.1259232,11.6022749,23.8110008,-5.56189775,39,84.9680939,60181.3125,4843.48975
6400,11.0442667,20.1259232,11.6022749,23.8110008,-5.56189775,40,85.7142868,60764.8047,4260
6400,11.0442667,20.1259232,11.6022749,23.8110008,-5.56189775,41,87.5687408,61318.6641,3712.76904
6400,11.0442667,20.1259232,11.6022749,23.8110008,-5.56189775,42,89.3866882,61872.5234,3201.33252
6400,11.0442667,20.1259232,11.6022749,23.8110008,-5.56189775,43,91.0320435,62426.4023,2802.14966
6400,11.0442667,20.1259232,11.6022749,23.8110008,-5.56189775,44,92.3348846,62982.4453,2567.51245
6400,11.0442667,20.1259232,11.6022749,23.8110008,-5.56189775,45,93.5797729,63590.8945,2306.80566
6400,11.0442667,20.1259232,11.6022749,23.8110008,-5.56189775,46,95.8973541,64430.7695,1476.97913
6400,11.0442667,20.1259232,11.6022749,23.8110008,-5.56189775,47,97.4589615,64992.9609,914.791321
6400,11.0442667,20.1259232,11.6022749,23.8110008,-5.56189775,48,98.9974289,65546.8203,360.931305
6400,11.0442667,20.1259232,11.6022749,23.8110008,-5.56189775,49,100,65907.75,0
6400,11.0442667,20.1259232,11.6022749,23.8110008,-5.56189775,50,100,65907.75,0
6400,11.0442667,20.1259232,11.6022749,23.8110008,-5.56189775,51,100,65907.75,0
6400,11.0442667,20.1259232,11.6022749,23.8110008,-5.56189775,52,100,65907.75,0
6400,11.0442667,20.1259232,11.6022749,23.8110008,-5.56189775,53,100,65907.75,0
6400,11.0442667,20.1259232,11.6022749,23.8110008,-5.56189775,54,100,65907.75,0
6400,11.0442667,20.1259232,11.6022749,23.8110008,-5.56189775,55,100,65907.75,0
6400,11.0442667,20.1259232,11.6022749,23.8110008,-5.56189775,56,100,65907.75,0
6400,11.0442667,20.1259232,11.6022749,23.8110008,-5.56189775,57,100,65907.75,0
6400,11.0442667,20.1259232,11.6022749,23.8110008,-5.56189775,58,100,65907.75,0
6400,11.0442667,20.1259232,11.6022749,23.8110008,-5.56189775,59,100,65907.75,0
6400,11.0442667,20.1259232,11.6022749,23.8110008,-5.56189775,60,100,65907.75,0
6500,0.846003115,18.3903351,22.4251556,13.3029423,-15.1837053,0,0,0,54912
6500,0.846003115,18.3903351,22.4251556,13.3029423,-15.1837053,1,5.01457977,2991.31079,51959.2812
6500,0.846003115,18.3903351,22.4251556,13.3029423,-15.1837053,2,9.90341091,5982.62402,49232.2695
6500,0.846003115,18.3903351,22.4251556,13.3029423,-15.1837053,3,14.2441311,8975.44824,47155.6055
6500,0.846003115,18.3903351,22.4251556,13.3029423,-15.1837053,4,18.0049496,12113.1279,45609.832
6500,0.846003115,18.3903351,22.4251556,13.3029423,-15.1837053,5,25.0556393,16943.291,41300.6562
6500,0.846003115,18.3903351,22.4251556,13.3029423,-15.1837053,6,30.0863247,20516.168,38260.0391
6500,0.846003115,18.3903351,22.4251556,13.3029423,-15.1837053,7,34.1690445,23594.1875,35816.0312
6500,0.846003115,18.3903351,22.4251556,13.3029423,-15.1837053,8,36.8137894,25821.8164,33898.5547
6500,0.846003115,18.3903351,22.4251556,13.3029423,-15.1837053,9,38.9277458,27858.0117,31879.0039
6500,0.846003115,18.3903351,22.4251556,13.3029423,-15.1837053,10,41.0784721,29919.9355,29817.1758
6500,0.846003115,18.3903351,22.4251556,13.3029423,-15.1837053,11,42.0376282,30839.4609,28897.6504
6500,0.846003115,18.3903351,22.4251556,13.3029423,-15.1837053,12,42.8571434,31625.1113,28112
6500,0.846003115,18.3903351,22.4251556,13.3029423,-15.1837053,13,44.2173805,32507.4629,27236.4414
6500,0.846003115,18.3903351,22.4251556,13.3029423,-15.1837053,14,45.5675774,33389.8125,26388.4121
6500,0.846003115,18.3903351,22.4251556,13.3029423,-15.1837053,15,48.569706,34902.4883,25004.2676
6500,0.846003115,18.3903351,22.4251556,13.3029423,-15.1837053,16,51.412487,36415.3594,23837.1699
6500,0.846003115,18.3903351,22.4251556,13.3029423,-15.1837053,17,53.9203949,37936.2617,23002.584
6500,0.846003115,18.3903351,22.4251556,13.3029423,-15.1837053,18,56.1357346,39576.5156,22338.6074
6500,0.846003115,18.3903351,22.4251556,13.3029423,-15.1837053,19,59.455162,41901.6602,20529.1934
6500,0.846003115,18.3903351,22.4251556,13.3029423,-15.1837053,20,65.5069351,45521.7383,16921.4629
6500,0.846003115,18.3903351,22.4251556,13.3029423,-15.1837053,21,68.1384125,47057.1602,15386.043
6500,0.846003115,18.3903351,22.4251556,13.3029423,-15.1837053,22,70.7187042,48569.832,13873.3721
6500,0.846003115,18.3903351,22.4251556,13.3029423,-15.1837053,23,71.4285736,48883.2031,13560
6500,0.846003115,18.3903351,22.4251556,13.3029423,-15.1837053,24,72.3358231,49473.9805,12971.6709
6500,0.846003115,18.3903351,22.4251556,13.3029423,-15.1837053,25,73.2414856,50064.7539,12389.0186
6500,0.846003115,18.3903351,22.4251556,13.3029423,-15.1837053,26,74.1412506,50655.5312,11821.2236
6500,0.846003115,18.3903351,22.4251556,13.3029423,-15.1837053,27,75.0241394,51246.3047,11285.8525
6500,0.846003115,18.3903351,22.4251556,13.3029423,-15.1837053,28,75.8692017,51837.0859,10808.8955
6500,0.846003115,18.3903351,22.4251556,13.3029423,-15.1837053,29,76.6480789,52428,10417.2549
6500,0.846003115,18.3903351,22.4251556,13.3029423,-15.1837053,30,77.3394775,53020.5586,10121.9717
6500,0.846003115,18.3903351,22.4251556,13.3029423,-15.1837053,31,77.9582291,53626.3906,9894.05176
6500,0.846003115,18.3903351,22.4251556,13.3029423,-15.1837053,32,78.6007767,54298.6719,9631.1543
6500,0.846003115,18.3903351,22.4251556,13.3029423,-15.1837053,33,79.6068039,55172.3672,8956.73242
6500,0.846003115,18.3903351,22.4251556,13.3029423,-15.1837053,34,81.1734085,56392.7852,7759.29443
6500,0.846003115,18.3903351,22.4251556,13.3029423,-15.1837053,35,83.1052856,57882.043,6270.66309
6500,0.846003115,18.3903351,22.4251556,13.3029423,-15.1837053,36,83.9500427,58533.0664,5619.64258
6500,0.846003115,18.3903351,22.4251556,13.3029423,-15.1837053,37,84.7166214,59123.8438,5028.86719
6500,0.846003115,18.3903351,22.4251556,13.3029423,-15.1837053,38,85.4832001,59714.6172,4438.0918
6500,0.846003115,18.3903351,22.4251556,13.3029423,-15.1837053,39,85.7142868,59892.7109,4260
6500,0.846003115,18.3903351,22.4251556,13.3029423,-15.1837053,40,87.413414,60400.1094,3758.65747
6500,0.846003115,18.3903351,22.4251556,13.3029423,-15.1837053,41,89.0819397,60907.5117,3290.02295
6500,0.846003115,18.3903351,22.4251556,13.3029423,-15.1837053,42,90.6052933,61414.9492,2923.93848
6500,0.846003115,18.3903351,22.4251556,13.3029423,-15.1837053,43,91.8456955,61927.0547,2705.52368
6500,0.846003115,18.3903351,22.4251556,13.3029423,-15.1837053,44,93.2258606,62552.0586,2398.27295
6500,0.846003115,18.3903351,22.4251556,13.3029423,-15.1837053,45,96.3802032,63675.6562,1283.85718
6500,0.846003115,18.3903351,22.4251556,13.3029423,-15.1837053,46,97.8613892,64201.0039,758.513794
6500,0.846003115,18.3903351,22.4251556,13.3029423,-15.1837053,47,99.2919922,64708.4023,251.113983
6500,0.846003115,18.3903351,22.4251556,13.3029423,-15.1837053,48,100,64959.5156,0
6500,0.846003115,18.3903351,22.4251556,13.3029423,-15.1837053,49,100,64959.5156,0
6500,0.846003115,18.3903351,22.4251556,13.3029423,-15.1837053,50,100,64959.5156,0
6500,0.846003115,18.3903351,22.4251556,13.3029423,-15.1837053,51,100,64959.5156,0
6500,0.846003115,18.3903351,22.4251556,13.3029423,-15.1837053,52,100,64959.5156,0
6500,0.846003115,18.3903351,22.4251556,13.3029423,-15.1837053,53,100,64959.5156,0
6500,0.846003115,18.3903351,22.4251556,13.3029423,-15.1837053,54,100,64959.5156,0
6500,0.846003115,18.3903351,22.4251556,13.3029423,-15.1837053,55,100,64959.5156,0
6500,0.846003115,18.3903351,22.4251556,13.3029423,-15.1837053,56,100,64959.5156,0
6500,0.846003115,18.3903351,22.4251556,13.3029423,-15.1837053,57,100,64959.5156,0
6500,0.846003115,18.3903351,22.4251556,13.3029423,-15.1837053,58,100,64959.5156,0
6500,0.846003115,18.3903351,22.4251556,13.3029423,-15.1837053,59,100,64959.5156,0
6500,0.846003115,18.3903351,22.4251556,13.3029423,-15.1837053,60,100,64959.5156,0
6600,26.6547661,21.6665573,3.57688999,29.4641056,-16.6451931,0,0,0,54912
6600,26.6547661,21.6665573,3.57688999,29.4641056,-16.6451931,1,4.16405964,2484.75049,52472.7148
6600,26.6547661,21.6665573,3.57688999,29.4641056,-16.6451931,2,8.20547771,4969.50098,50299.3516
6600,26.6547661,21.6665573,3.57688999,29.4641056,-16.6451931,3,11.7168694,7454.43018,48893.8008
6600,26.6547661,21.6665573,3.57688999,29.4641056,-16.6451931,4,14.4956322,9956.4502,48267.2812
6600,26.6547661,21.6665573,3.57688999,29.4641056,-16.6451931,5,18.1469555,12658.1602,46179.3711
6600,26.6547661,21.6665573,3.57688999,29.4641056,-16.6451931,6,21.5519466,15211.5273,44253.082
6600,26.6547661,21.6665573,3.57688999,29.4641056,-16.6451931,7,24.7541351,17706.5078,42505.0625
6600,26.6547661,21.6665573,3.57688999,29.4641056,-16.6451931,8,28.1084919,20243.2129,40333.7656
6600,26.6547661,21.6665573,3.57688999,29.4641056,-16.6451931,9,31.679369,22859.7168,37736.8711
6600,26.6547661,21.6665573,3.57688999,29.4641056,-16.6451931,10,35.2620125,25479.2559,35117.4453
6600,26.6547661,21.6665573,3.57688999,29.4641056,-16.6451931,11,37.4354439,27144.0078,33452.6914
6600,26.6547661,21.6665573,3.57688999,29.4641056,-16.6451931,12,38.2108269,27907.8066,32688.8945
6600,26.6547661,21.6665573,3.57688999,29.4641056,-16.6451931,13,38.9862137,28671.6055,31925.0938
6600,26.6547661,21.6665573,3.57688999,29.4641056,-16.6451931,14,39.7615967,29435.4043,31161.2949
6600,26.6547661,21.6665573,3.57688999,29.4641056,-16.6451931,15,41.9480133,30722.7832,29882.7832
6600,26.6547661,21.6665573,3.57688999,29.4641056,-16.6451931,16,44.1045456,32010.1602,28652.1406
6600,26.6547661,21.6665573,3.57688999,29.4641056,-16.6451931,17,46.1203194,33297.543,27571.6387
6600,26.6547661,21.6665573,3.57688999,29.4641056,-16.6451931,18,47.8499908,34579.7109,26719.3047
6600,26.6547661,21.6665573,3.57688999,29.4641056,-16.6451931,19,49.816349,35853.457,25918.6113
6600,26.6547661,21.6665573,3.57688999,29.4641056,-16.6451931,20,52.2790527,37200.2812,24625.666
6600,26.6547661,21.6665573,3.57688999,29.4641056,-16.6451931,21,54.5143433,38459.4219,23509.0898
6600,26.6547661,21.6665573,3.57688999,29.4641056,-16.6451931,22,56.6192703,39715.9531,22603.1953
6600,26.6547661,21.6665573,3.57688999,29.4641056,-16.6451931,23,58.5354652,40973.4258,21947.4219
6600,26.6547661,21.6665573,3.57688999,29.4641056,-16.6451931,24,60.3247643,42244.3008,21396.916
6600,26.6547661,21.6665573,3.57688999,29.4641056,-16.6451931,25,62.437664,43579.4336,20204.3438
6600,26.6547661,21.6665573,3.57688999,29.4641056,-16.6451931,26,64.7225876,44994.2734,18790.6094
6600,26.6547661,21.6665573,3.57688999,29.4641056,-16.6451931,27,65.8262558,45806.2461,17978.6348
6600,26.6547661,21.6665573,3.57688999,29.4641056,-16.6451931,28,66.7555313,46539.1758,17245.7051
6600,26.6547661,21.6665573,3.57688999,29.4641056,-16.6451931,29,67.6847992,47272.1094,16512.7734
6600,26.6547661,21.6665573,3.57688999,29.4641056,-16.6451931,30,68.6140671,48005.0391,15779.8428
6600,26.6547661,21.6665573,3.57688999,29.4641056,-16.6451931,31,69.5433426,48737.9688,15046.9121
6600,26.6547661,21.6665573,3.57688999,29.4641056,-16.6451931,32,70.4726105,49470.8984,14313.9814
6600,26.6547661,21.6665573,3.57688999,29.4641056,-16.6451931,33,71.4018784,50203.832,13581.0508
6600,26.6547661,21.6665573,3.57688999,29.4641056,-16.6451931,34,71.4285736,50224.8828,13560
6600,26.6547661,21.6665573,3.57688999,29.4641056,-16.6451931,35,72.1821518,50715.6133,13072.1514
6600,26.6547661,21.6665573,3.57688999,29.4641056,-16.6451931,36,72.9341812,51206.3438,12590.9902
6600,26.6547661,21.6665573,3.57688999,29.4641056,-16.6451931,37,73.6804352,51697.0742,12127.334
6600,26.6547661,21.6665573,3.57688999,29.4641056,-16.6451931,38,74.4102173,52187.8047,11701.877
6600,26.6547661,21.6665573,3.57688999,29.4641056,-16.6451931,39,75.1032333,52678.5391,11345.248
6600,26.6547661,21.6665573,3.57688999,29.4641056,-16.6451931,40,75.7322693,53169.2852,11089.2705
6600,26.6547661,21.6665573,3.57688999,29.4641056,-16.6451931,41,76.2761383,53660.2266,10948.5645
6600,26.6547661,21.6665573,3.57688999,29.4641056,-16.6451931,42,76.7376251,54152.7344,10901.293
6600,26.6547661,21.6665573,3.57688999,29.4641056,-16.6451931,43,77.1527023,54653.082,10883.2637
6600,26.6547661,21.6665573,3.57688999,29.4641056,-16.6451931,44,77.6970291,55177.1953,10593.9219
6600,26.6547661,21.6665573,3.57688999,29.4641056,-16.6451931,45,78.3955002,55742.2148,10055.9766
6600,26.6547661,21.6665573,3.57688999,29.4641056,-16.6451931,46,79.1485214,56338.9531,9459.97656
6600,26.6547661,21.6665573,3.57688999,29.4641056,-16.6451931,47,79.7771149,56836.793,8962.1416
6600,26.6547661,21.6665573,3.57688999,29.4641056,-16.6451931,48,80.3967361,57327.5234,8471.41016
6600,26.6547661,21.6665573,3.57688999,29.4641056,-16.6451931,49,81.0163651,57818.2539,7980.6792
6600,26.6547661,21.6665573,3.57688999,29.4641056,-16.6451931,50,81.6359863,58308.9883,7489.94775
6600,26.6547661,21.6665573,3.57688999,29.4641056,-16.6451931,51,82.2556076,58799.7188,6999.2168
6600,26.6547661,21.6665573,3.57688999,29.4641056,-16.6451931,52,82.8752289,59290.4492,6508.48584
6600,26.6547661,21.6665573,3.57688999,29.4641056,-16.6451931,53,83.4948502,59781.1797,6017.75439
6600,26.6547661,21.6665573,3.57688999,29.4641056,-16.6451931,54,84.1144791,60271.9102,5527.02344
6600,26.6547661,21.6665573,3.57688999,29.4641056,-16.6451931,55,84.7341003,60762.6445,5036.29248
6600,26.6547661,21.6665573,3.57688999,29.4641056,-16.6451931,56,85.3537216,61253.375,4545.56104
6600,26.6547661,21.6665573,3.57688999,29.4641056,-16.6451931,57,85.7142868,61538.9336,4260
6600,26.6547661,21.6665573,3.57688999,29.4641056,-16.6451931,58,87.1253204,61960.4102,3845.66187
6600,26.6547661,21.6665573,3.57688999,29.4641056,-16.6451931,59,88.5064621,62381.8828,3469.85815
6600,26.6547661,21.6665573,3.57688999,29.4641056,-16.6451931,60,89.7468567,62803.3633,3214.91602
6700,8.44662571,23.6122322,21.9285564,24.0417042,-16.2434425,0,0,0,54912
6700,8.44662571,23.6122322,21.9285564,24.0417042,-16.2434425,1,5.00314951,2986.01343,51975.5352
6700,8.44662571,23.6122322,21.9285564,24.0417042,-16.2434425,2,9.84601307,5972.02832,49328.8672
6700,8.44662571,23.6122322,21.9285564,24.0417042,-16.2434425,3,14.0032549,8959.40918,47517.7969
6700,8.44662571,23.6122322,21.9285564,24.0417042,-16.2434425,4,17.3942299,12077.5781,46443.5508
6700,8.44662571,23.6122322,21.9285564,24.0417042,-16.2434425,5,23.837162,16723.8867,42466.1602
6700,8.44662571,23.6122322,21.9285564,24.0417042,-16.2434425,6,28.5228615,20234.9961,39638.4414
6700,8.44662571,23.6122322,21.9285564,24.0417042,-16.2434425,7,32.3545761,23299.2988,37388.1797
6700,8.44662571,23.6122322,21.9285564,24.0417042,-16.2434425,8,36.4045715,26526.1543,34559.543
6700,8.44662571,23.6122322,21.9285564,24.0417042,-16.2434425,9,38.3176193,28452.2891,32654.7793
6700,8.44662571,23.6122322,21.9285564,24.0417042,-16.2434425,10,40.2654877,30401.6543,30705.5371
6700,8.44662571,23.6122322,21.9285564,24.0417042,-16.2434425,11,41.1827164,31319.5508,29787.6406
6700,8.44662571,23.6122322,21.9285564,24.0417042,-16.2434425,12,42.0999374,32237.4355,28869.7559
6700,8.44662571,23.6122322,21.9285564,24.0417042,-16.2434425,13,42.8571434,32995.1914,28112
6700,8.44662571,23.6122322,21.9285564,24.0417042,-16.2434425,14,44.2146873,33875.9805,27239.9316
6700,8.44662571,23.6122322,21.9285564,24.0417042,-16.2434425,15,47.254818,35385.9727,25783.6699
6700,8.44662571,23.6122322,21.9285564,24.0417042,-16.2434425,16,50.1957741,36895.9648,24490.8691
6700,8.44662571,23.6122322,21.9285564,24.0417042,-16.2434425,17,52.791954,38406.1836,23588.2363
6700,8.44662571,23.6122322,21.9285564,24.0417042,-16.2434425,18,54.8039627,39928.8398,23189.7461
6700,8.44662571,23.6122322,21.9285564,24.0417042,-16.2434425,19,56.8375053,41680.6562,22729.7988
6700,8.44662571,23.6122322,21.9285564,24.0417042,-16.2434425,20,61.446106,44483.4727,20096.9941
6700,8.44662571,23.6122322,21.9285564,24.0417042,-16.2434425,21,65.4663544,47225.2148,17356.457
6700,8.44662571,23.6122322,21.9285564,24.0417042,-16.2434425,22,67.9323196,48735.6211,15846.0508
6700,8.44662571,23.6122322,21.9285564,24.0417042,-16.2434425,23,70.3977585,50245.6133,14336.0586
6700,8.44662571,23.6122322,21.9285564,24.0417042,-16.2434425,24,71.4285736,51021.6719,13560
6700,8.44662571,23.6122322,21.9285564,24.0417042,-16.2434425,25,72.3341446,51611.4023,12973.4121
6700,8.44662571,23.6122322,21.9285564,24.0417042,-16.2434425,26,73.2376938,52201.1328,12394.1123
6700,8.44662571,23.6122322,21.9285564,24.0417042,-16.2434425,27,74.1336899,52790.8594,11833.8887
6700,8.44662571,23.6122322,21.9285564,24.0417042,-16.2434425,28,75.0081406,53380.5898,11315.2959
6700,8.44662571,23.6122322,21.9285564,24.0417042,-16.2434425,29,75.8346405,53970.3242,10871.7061
6700,8.44662571,23.6122322,21.9285564,24.0417042,-16.2434425,30,76.5782242,54560.1758,10537.707
6700,8.44662571,23.6122322,21.9285564,24.0417042,-16.2434425,31,77.2138596,55151.5156,10328.0547
6700,8.44662571,23.6122322,21.9285564,24.0417042,-16.2434425,32,77.7578735,55754.8398,10209.9492
6700,8.44662571,23.6122322,21.9285564,24.0417042,-16.2434425,33,78.3064804,56418.1641,10072.2578
6700,8.44662571,23.6122322,21.9285564,24.0417042,-16.2434425,34,79.206131,57263.3359,9482.93555
6700,8.44662571,23.6122322,21.9285564,24.0417042,-16.2434425,35,80.6257019,58421.5703,8354.20898
6700,8.44662571,23.6122322,21.9285564,24.0417042,-16.2434425,36,82.3661652,59822.5391,6954.04736
6700,8.44662571,23.6122322,21.9285564,24.0417042,-16.2434425,37,83.1666718,60466.668,6309.92432
6700,8.44662571,23.6122322,21.9285564,24.0417042,-16.2434425,38,83.8995743,61056.3945,5720.19531
6700,8.44662571,23.6122322,21.9285564,24.0417042,-16.2434425,39,84.6324844,61646.125,5130.46631
6700,8.44662571,23.6122322,21.9285564,24.0417042,-16.2434425,40,85.365387,62235.8555,4540.73682
6700,8.44662571,23.6122322,21.9285564,24.0417042,-16.2434425,41,85.7142868,62516.5898,4260
6700,8.44662571,23.6122322,21.9285564,24.0417042,-16.2434425,42,87.4097214,63023.0938,3761.27612
6700,8.44662571,23.6122322,21.9285564,24.0417042,-16.2434425,43,89.0660629,63529.5938,3304.54736
6700,8.44662571,23.6122322,21.9285564,24.0417042,-16.2434425,44,90.5392456,64036.1289,2979.50293
6700,8.44662571,23.6122322,21.9285564,24.0417042,-16.2434425,45,91.6624756,64546.8789,2845.83618
6700,8.44662571,23.6122322,21.9285564,24.0417042,-16.2434425,46,92.8596344,65159.5664,2641.12866
6700,8.44662571,23.6122322,21.9285564,24.0417042,-16.2434425,47,95.7108154,66222.4297,1590.05383
6700,8.44662571,23.6122322,21.9285564,24.0417042,-16.2434425,48,97.1208115,66745.1328,1067.35205
6700,8.44662571,23.6122322,21.9285564,24.0417042,-16.2434425,49,98.4870987,67251.6406,560.85083
6700,8.44662571,23.6122322,21.9285564,24.0417042,-16.2434425,50,99.8533936,67758.1406,54.3495598
6700,8.44662571,23.6122322,21.9285564,24.0417042,-16.2434425,51,100,67812.4844,0
6700,8.44662571,23.6122322,21.9285564,24.0417042,-16.2434425,52,100,67812.4844,0
6700,8.44662571,23.6122322,21.9285564,24.0417042,-16.2434425,53,100,67812.4844,0
6700,8.44662571,23.6122322,21.9285564,24.0417042,-16.2434425,54,100,67812.4844,0
6700,8.44662571,23.6122322,21.9285564,24.0417042,-16.2434425,55,100,67812.4844,0
6700,8.44662571,23.6122322,21.9285564,24.0417042,-16.2434425,56,100,67812.4844,0
6700,8.44662571,23.6122322,21.9285564,24.0417042,-16.2434425,57,100,67812.4844,0
6700,8.44662571,23.6122322,21.9285564,24.0417042,-16.2434425,58,100,67812.4844,0
6700,8.44662571,23.6122322,21.9285564,24.0417042,-16.2434425,59,100,67812.4844,0
6700,8.44662571,23.6122322,21.9285564,24.0417042,-16.2434425,60,100,67812.4844,0
6800,16.2554836,13.6087465,2.38934255,5.15144825,-17.5172977,0,0,0,54912
6800,16.2554836,13.6087465,2.38934255,5.15144825,-17.5172977,1,3.82420468,2280.16016,52660.3984
6800,16.2554836,13.6087465,2.38934255,5.15144825,-17.5172977,2,7.57711697,4560.3208,50575.8164
6800,16.2554836,13.6087465,2.38934255,5.15144825,-17.5172977,3,11.0120897,6840.61719,48973.4766
6800,16.2554836,13.6087465,2.38934255,5.15144825,-17.5172977,4,13.9778891,9133.94922,47858.1484
6800,16.2554836,13.6087465,2.38934255,5.15144825,-17.5172977,5,17.5521431,11579.5859,45798.0352
6800,16.2554836,13.6087465,2.38934255,5.15144825,-17.5172977,6,20.9316158,13912.0801,43859.4102
6800,16.2554836,13.6087465,2.38934255,5.15144825,-17.5172977,7,24.1600437,16200.043,42040.6133
6800,16.2554836,13.6087465,2.38934255,5.15144825,-17.5172977,8,27.4899902,18519.8301,39950.3398
6800,16.2554836,13.6087465,2.38934255,5.15144825,-17.5172977,9,30.9746571,20900.4785,37582.0078
6800,16.2554836,13.6087465,2.38934255,5.15144825,-17.5172977,10,34.4675598,23283.4434,35199.1133
6800,16.2554836,13.6087465,2.38934255,5.15144825,-17.5172977,11,37.2235985,25186.6953,33295.8594
6800,16.2554836,13.6087465,2.38934255,5.15144825,-17.5172977,12,37.9853096,25887.6035,32594.9512
6800,16.2554836,13.6087465,2.38934255,5.15144825,-17.5172977,13,38.7470207,26588.5137,31894.043
6800,16.2554836,13.6087465,2.38934255,5.15144825,-17.5172977,14,39.5087318,27289.4219,31193.1328
6800,16.2554836,13.6087465,2.38934255,5.15144825,-17.5172977,15,41.5660973,28470.7988,30017.3242
6800,16.2554836,13.6087465,2.38934255,5.15144825,-17.5172977,16,43.6061516,29652.1777,28871.582
6800,16.2554836,13.6087465,2.38934255,5.15144825,-17.5172977,17,45.5630379,30833.5586,27820.1426
6800,16.2554836,13.6087465,2.38934255,5.15144825,-17.5172977,18,47.345787,32015.4609,26908.2168
6800,16.2554836,13.6087465,2.38934255,5.15144825,-17.5172977,19,48.5854836,32786.5703,26429.2051
6800,16.2554836,13.6087465,2.38934255,5.15144825,-17.5172977,20,50.9152069,34008.5078,25220.7383
6800,16.2554836,13.6087465,2.38934255,5.15144825,-17.5172977,21,53.0889244,35163.5625,24091.082
6800,16.2554836,13.6087465,2.38934255,5.15144825,-17.5172977,22,55.2311134,36316.6133,23027.5742
6800,16.2554836,13.6087465,2.38934255,5.15144825,-17.5172977,23,57.2990761,37469.6836,22094.7422
6800,16.2554836,13.6087465,2.38934255,5.15144825,-17.5172977,24,59.2490234,38623.4688,21318.8828
6800,16.2554836,13.6087465,2.38934255,5.15144825,-17.5172977,25,61.113884,39787.4727,20607.3398
6800,16.2554836,13.6087465,2.38934255,5.15144825,-17.5172977,26,63.1990509,41000.4922,19483.8633
6800,16.2554836,13.6087465,2.38934255,5.15144825,-17.5172977,27,64.710289,41977.3164,18507.7344
6800,16.2554836,13.6087465,2.38934255,5.15144825,-17.5172977,28,65.6236115,42649.9414,17835.1094
6800,16.2554836,13.6087465,2.38934255,5.15144825,-17.5172977,29,66.5368805,43322.5234,17162.5273
6800,16.2554836,13.6087465,2.38934255,5.15144825,-17.5172977,30,67.4501419,43995.1055,16489.9453
6800,16.2554836,13.6087465,2.38934255,5.15144825,-17.5172977,31,68.3634109,44667.6875,15817.3623
6800,16.2554836,13.6087465,2.38934255,5.15144825,-17.5172977,32,69.27668,45340.2695,15144.7803
6800,16.2554836,13.6087465,2.38934255,5.15144825,-17.5172977,33,70.1899414,46012.8516,14472.1982
6800,16.2554836,13.6087465,2.38934255,5.15144825,-17.5172977,34,71.1032104,46685.4336,13799.6152
6800,16.2554836,13.6087465,2.38934255,5.15144825,-17.5172977,35,71.4285736,46925.0508,13560
6800,16.2554836,13.6087465,2.38934255,5.15144825,-17.5172977,36,72.1201782,47375.375,13111.4854
6800,16.2554836,13.6087465,2.38934255,5.15144825,-17.5172977,37,72.8108978,47825.6992,12667.1709
6800,16.2554836,13.6087465,2.38934255,5.15144825,-17.5172977,38,73.4982758,48276.0234,12233.8516
6800,16.2554836,13.6087465,2.38934255,5.15144825,-17.5172977,39,74.1761017,48726.3516,11824.5254
6800,16.2554836,13.6087465,2.38934255,5.15144825,-17.5172977,40,74.8323669,49176.6758,11458.4287
6800,16.2554836,13.6087465,2.38934255,5.15144825,-17.5172977,41,75.4503937,49627.0117,11155.5508
6800,16.2554836,13.6087465,2.38934255,5.15144825,-17.5172977,42,76.0157852,50077.5,10925.0479
6800,16.2554836,13.6087465,2.38934255,5.15144825,-17.5172977,43,76.5277863,50529.1797,10753.0195
6800,16.2554836,13.6087465,2.38934255,5.15144825,-17.5172977,44,77.0079041,50986.8398,10598.3037
6800,16.2554836,13.6087465,2.38934255,5.15144825,-17.5172977,45,77.5743103,51462.625,10269.9775
6800,16.2554836,13.6087465,2.38934255,5.15144825,-17.5172977,46,78.2499771,51969.6094,9779.99805
6800,16.2554836,13.6087465,2.38934255,5.15144825,-17.5172977,47,78.967926,52500.7891,9249.2832
6800,16.2554836,13.6087465,2.38934255,5.15144825,-17.5172977,48,79.5841675,52956.5352,8793.54004
6800,16.2554836,13.6087465,2.38934255,5.15144825,-17.5172977,49,80.1930847,53406.8594,8343.21484
6800,16.2554836,13.6087465,2.38934255,5.15144825,-17.5172977,50,80.802002,53857.1875,7892.88916
6800,16.2554836,13.6087465,2.38934255,5.15144825,-17.5172977,51,81.4109192,54307.5117,7442.56396
6800,16.2554836,13.6087465,2.38934255,5.15144825,-17.5172977,52,82.0198364,54757.8359,6992.23877
6800,16.2554836,13.6087465,2.38934255,5.15144825,-17.5172977,53,82.628746,55208.1602,6541.91357
6800,16.2554836,13.6087465,2.38934255,5.15144825,-17.5172977,54,83.2376633,55658.4883,6091.58887
6800,16.2554836,13.6087465,2.38934255,5.15144825,-17.5172977,55,83.8465805,56108.8125,5641.26367
6800,16.2554836,13.6087465,2.38934255,5.15144825,-17.5172977,56,84.4554977,56559.1367,5190.93848
6800,16.2554836,13.6087465,2.38934255,5.15144825,-17.5172977,57,85.064415,57009.4609,4740.61328
6800,16.2554836,13.6087465,2.38934255,5.15144825,-17.5172977,58,85.6733322,57459.7852,4290.28809
6800,16.2554836,13.6087465,2.38934255,5.15144825,-17.5172977,59,85.7142868,57490.0742,4260
6800,16.2554836,13.6087465,2.38934255,5.15144825,-17.5172977,60,87.0099411,57876.8477,3877.71118
6900,3.81673527,22.6620369,20.1081772,22.8087921,25.1281071,0,0,0,54912
6900,3.81673527,22.6620369,20.1081772,22.8087921,25.1281071,1,7.77511215,4639.96484,50319.5898
6900,3.81673527,22.6620369,20.1081772,22.8087921,25.1281071,2,15.3109379,9279.93164,46005.3164
6900,3.81673527,22.6620369,20.1081772,22.8087921,25.1281071,3,21.8182392,13921.2129,42493.0039
6900,3.81673527,22.6620369,20.1081772,22.8087921,25.1281071,4,27.0585079,18688.4922,39687.3984
6900,3.81673527,22.6620369,20.1081772,22.8087921,25.1281071,5,35.6485939,24927.916,34089.9727
6900,3.81673527,22.6620369,20.1081772,22.8087921,25.1281071,6,37.982235,27124.7031,32549.0801
6900,3.81673527,22.6620369,20.1081772,22.8087921,25.1281071,7,39.0052109,28626.4238,31828.6387
6900,3.81673527,22.6620369,20.1081772,22.8087921,25.1281071,8,40.5483055,30435.7441,30401.5156
6900,3.81673527,22.6620369,20.1081772,22.8087921,25.1281071,9,42.8571434,32745.7695,28112
6900,3.81673527,22.6620369,20.1081772,22.8087921,25.1281071,10,42.8571434,32745.7695,28112
6900,3.81673527,22.6620369,20.1081772,22.8087921,25.1281071,11,42.8571434,32745.7695,28112
6900,3.81673527,22.6620369,20.1081772,22.8087921,25.1281071,12,42.8571434,32745.7695,28112
6900,3.81673527,22.6620369,20.1081772,22.8087921,25.1281071,13,44.9667091,34114.4297,26751.7129
6900,3.81673527,22.6620369,20.1081772,22.8087921,25.1281071,14,47.0571098,35483.0859,25425.3496
6900,3.81673527,22.6620369,20.1081772,22.8087921,25.1281071,15,51.6925201,37829.4648,23237.3555
6900,3.81673527,22.6620369,20.1081772,22.8087921,25.1281071,16,56.0274887,40176.0156,21316.8965
6900,3.81673527,22.6620369,20.1081772,22.8087921,25.1281071,17,59.7305031,42529.5508,19809.0938
6900,3.81673527,22.6620369,20.1081772,22.8087921,25.1281071,18,62.7497673,44986.8984,18554.791
6900,3.81673527,22.6620369,20.1081772,22.8087921,25.1281071,19,66.7908783,48039.9766,16137.2383
6900,3.81673527,22.6620369,20.1081772,22.8087921,25.1281071,20,71.4285736,50713.4727,13560
6900,3.81673527,22.6620369,20.1081772,22.8087921,25.1281071,21,71.4285736,50713.4727,13560
6900,3.81673527,22.6620369,20.1081772,22.8087921,25.1281071,22,71.4285736,50713.4727,13560
6900,3.81673527,22.6620369,20.1081772,22.8087921,25.1281071,23,72.835762,51629.8555,12646.6348
6900,3.81673527,22.6620369,20.1081772,22.8087921,25.1281071,24,74.2399368,52546.2344,11740.2646
6900,3.81673527,22.6620369,20.1081772,22.8087921,25.1281071,25,75.6328278,53462.6133,10852.2031
6900,3.81673527,22.6620369,20.1081772,22.8087921,25.1281071,26,76.993576,54378.9961,10004.0977
6900,3.81673527,22.6620369,20.1081772,22.8087921,25.1281071,27,78.2826691,55295.3789,9227.97559
6900,3.81673527,22.6620369,20.1081772,22.8087921,25.1281071,28,79.4474716,56211.8789,8557.03418
6900,3.81673527,22.6620369,20.1081772,22.8087921,25.1281071,29,80.4488449,57129.8086,8005.43018
6900,3.81673527,22.6620369,20.1081772,22.8087921,25.1281071,30,81.303009,58059.2852,7541.64697
6900,3.81673527,22.6620369,20.1081772,22.8087921,25.1281071,31,82.1224976,59046.5625,7058.84863
6900,3.81673527,22.6620369,20.1081772,22.8087921,25.1281071,32,83.3513031,60209.0273,6141.93994
6900,3.81673527,22.6620369,20.1081772,22.8087921,25.1281071,33,85.1554184,61673.0781,4706.20654
6900,3.81673527,22.6620369,20.1081772,22.8087921,25.1281071,34,85.7142868,62454.5938,4260
6900,3.81673527,22.6620369,20.1081772,22.8087921,25.1281071,35,85.7142868,62454.5938,4260
6900,3.81673527,22.6620369,20.1081772,22.8087921,25.1281071,36,85.7142868,62454.5938,4260
6900,3.81673527,22.6620369,20.1081772,22.8087921,25.1281071,37,85.7142868,62454.5938,4260
6900,3.81673527,22.6620369,20.1081772,22.8087921,25.1281071,38,88.3490143,63241.6445,3480.41235
6900,3.81673527,22.6620369,20.1081772,22.8087921,25.1281071,39,90.9254074,64028.6992,2741.12988
6900,3.81673527,22.6620369,20.1081772,22.8087921,25.1281071,40,93.2277908,64815.7852,2128.23218
6900,3.81673527,22.6620369,20.1081772,22.8087921,25.1281071,41,94.9969635,65606.9297,1698.99585
6900,3.81673527,22.6620369,20.1081772,22.8087921,25.1281071,42,96.7269669,66496.2734,1201.21069
6900,3.81673527,22.6620369,20.1081772,22.8087921,25.1281071,43,100,67708.8047,0
6900,3.81673527,22.6620369,20.1081772,22.8087921,25.1281071,44,100,67708.8047,0
6900,3.81673527,22.6620369,20.1081772,22.8087921,25.1281071,45,100,67708.8047,0
6900,3.81673527,22.6620369,20.1081772,22.8087921,25.1281071,46,100,67708.8047,0
6900,3.81673527,22.6620369,20.1081772,22.8087921,25.1281071,47,100,67708.8047,0
6900,3.81673527,22.6620369,20.1081772,22.8087921,25.1281071,48,100,67708.8047,0
6900,3.81673527,22.6620369,20.1081772,22.8087921,25.1281071,49,100,67708.8047,0
6900,3.81673527,22.6620369,20.1081772,22.8087921,25.1281071,50,100,67708.8047,0
6900,3.81673527,22.6620369,20.1081772,22.8087921,25.1281071,51,100,67708.8047,0
6900,3.81673527,22.6620369,20.1081772,22.8087921,25.1281071,52,100,67708.8047,0
6900,3.81673527,22.6620369,20.1081772,22.8087921,25.1281071,53,100,67708.8047,0
6900,3.81673527,22.6620369,20.1081772,22.8087921,25.1281071,54,100,67708.8047,0
6900,3.81673527,22.6620369,20.1081772,22.8087921,25.1281071,55,100,67708.8047,0
6900,3.81673527,22.6620369,20.1081772,22.8087921,25.1281071,56,100,67708.8047,0
6900,3.81673527,22.6620369,20.1081772,22.8087921,25.1281071,57,100,67708.8047,0
6900,3.81673527,22.6620369,20.1081772,22.8087921,25.1281071,58,100,67708.8047,0
6900,3.81673527,22.6620369,20.1081772,22.8087921,25.1281071,59,100,67708.8047,0
6900,3.81673527,22.6620369,20.1081772,22.8087921,25.1281071,60,100,67708.8047,0
7000,21.2912102,17.8120155,24.6242676,29.5404415,22.869936,0,0,0,54912
7000,21.2912102,17.8120155,24.6242676,29.5404415,22.869936,1,6.59329653,3932.8291,51016.5469
7000,21.2912102,17.8120155,24.6242676,29.5404415,22.869936,2,13.0263643,7865.66016,47339.707
7000,21.2912102,17.8120155,24.6242676,29.5404415,22.869936,3,18.7583885,11799.8086,44292.9102
7000,21.2912102,17.8120155,24.6242676,29.5404415,22.869936,4,23.6508846,15860.2197,41774.3438
7000,21.2912102,17.8120155,24.6242676,29.5404415,22.869936,5,31.6673565,21395.8789,36743.2891
7000,21.2912102,17.8120155,24.6242676,29.5404415,22.869936,6,36.7406311,25105.8789,33548.8086
7000,21.2912102,17.8120155,24.6242676,29.5404415,22.869936,7,37.7422371,26390.3906,32878.3711
7000,21.2912102,17.8120155,24.6242676,29.5404415,22.869936,8,39.2113647,27983.1484,31586.0156
7000,21.2912102,17.8120155,24.6242676,29.5404415,22.869936,9,41.4862518,30165.4336,29419.8516
7000,21.2912102,17.8120155,24.6242676,29.5404415,22.869936,10,42.8571434,31473.377,28112
7000,21.2912102,17.8120155,24.6242676,29.5404415,22.869936,11,42.8571434,31473.377,28112
7000,21.2912102,17.8120155,24.6242676,29.5404415,22.869936,12,42.8571434,31473.377,28112
7000,21.2912102,17.8120155,24.6242676,29.5404415,22.869936,13,44.6455574,32633.4492,26958.5059
7000,21.2912102,17.8120155,24.6242676,29.5404415,22.869936,14,46.4211807,33793.5195,25831.6777
7000,21.2912102,17.8120155,24.6242676,29.5404415,22.869936,15,50.370697,35782.3086,23967.375
7000,21.2912102,17.8120155,24.6242676,29.5404415,22.869936,16,54.1167679,37771.2695,22313.3164
7000,21.2912102,17.8120155,24.6242676,29.5404415,22.869936,17,57.4300652,39767.2305,20982.0898
7000,21.2912102,17.8120155,24.6242676,29.5404415,22.869936,18,60.3015671,41867.2227,19827.6738
7000,21.2912102,17.8120155,24.6242676,29.5404415,22.869936,19,64.1712112,44564.1992,17630.209
7000,21.2912102,17.8120155,24.6242676,29.5404415,22.869936,20,70.3091278,48155.6133,14050.7559
7000,21.2912102,17.8120155,24.6242676,29.5404415,22.869936,21,71.4285736,48646.3711,13560
7000,21.2912102,17.8120155,24.6242676,29.5404415,22.869936,22,71.4285736,48646.3711,13560
7000,21.2912102,17.8120155,24.6242676,29.5404415,22.869936,23,72.6213913,49423.0938,12785.6475
7000,21.2912102,17.8120155,24.6242676,29.5404415,22.869936,24,73.8121948,50199.8164,12016.792
7000,21.2912102,17.8120155,24.6242676,29.5404415,22.869936,25,74.9954758,50976.5391,11262.3271
7000,21.2912102,17.8120155,24.6242676,29.5404415,22.869936,26,76.1572495,51753.2617,10539.2666
7000,21.2912102,17.8120155,24.6242676,29.5404415,22.869936,27,77.270813,52529.9883,9872.78418
7000,21.2912102,17.8120155,24.6242676,29.5404415,22.869936,28,78.2997894,53306.8281,9288.94629
7000,21.2912102,17.8120155,24.6242676,29.5404415,22.869936,29,79.2158432,54085.1055,8798.59766
7000,21.2912102,17.8120155,24.6242676,29.5404415,22.869936,30,80.0311661,54874.9531,8374.77832
7000,21.2912102,17.8120155,24.6242676,29.5404415,22.869936,31,80.8412247,55722.7227,7923.52148
7000,21.2912102,17.8120155,24.6242676,29.5404415,22.869936,32,82.0122147,56746.0508,7093.19873
7000,21.2912102,17.8120155,24.6242676,29.5404415,22.869936,33,83.7192535,58071.5977,5789.90771
7000,21.2912102,17.8120155,24.6242676,29.5404415,22.869936,34,85.7142868,59602.1133,4260
7000,21.2912102,17.8120155,24.6242676,29.5404415,22.869936,35,85.7142868,59602.1133,4260
7000,21.2912102,17.8120155,24.6242676,29.5404415,22.869936,36,85.7142868,59602.1133,4260
7000,21.2912102,17.8120155,24.6242676,29.5404415,22.869936,37,85.7142868,59602.1133,4260
7000,21.2912102,17.8120155,24.6242676,29.5404415,22.869936,38,87.9483109,60269.2188,3598.76245
7000,21.2912102,17.8120155,24.6242676,29.5404415,22.869936,39,90.1433563,60936.3242,2969.2041
7000,21.2912102,17.8120155,24.6242676,29.5404415,22.869936,40,92.1531601,61603.4609,2438.9751
7000,21.2912102,17.8120155,24.6242676,29.5404415,22.869936,41,93.7949524,62274.668,2052.22388
7000,21.2912102,17.8120155,24.6242676,29.5404415,22.869936,42,95.4854584,63044.2812,1590.37073
7000,21.2912102,17.8120155,24.6242676,29.5404415,22.869936,43,98.8805542,64248.4961,395.052521
7000,21.2912102,17.8120155,24.6242676,29.5404415,22.869936,44,100,64643.5508,0
7000,21.2912102,17.8120155,24.6242676,29.5404415,22.869936,45,100,64643.5508,0
7000,21.2912102,17.8120155,24.6242676,29.5404415,22.869936,46,100,64643.5508,0
7000,21.2912102,17.8120155,24.6242676,29.5404415,22.869936,47,100,64643.5508,0
7000,21.2912102,17.8120155,24.6242676,29.5404415,22.869936,48,100,64643.5508,0
7000,21.2912102,17.8120155,24.6242676,29.5404415,22.869936,49,100,64643.5508,0
7000,21.2912102,17.8120155,24.6242676,29.5404415,22.869936,50,100,64643.5508,0
7000,21.2912102,17.8120155,24.6242676,29.5404415,22.869936,51,100,64643.5508,0
7000,21.2912102,17.8120155,24.6242676,29.5404415,22.869936,52,100,64643.5508,0
7000,21.2912102,17.8120155,24.6242676,29.5404415,22.869936,53,100,64643.5508,0
7000,21.2912102,17.8120155,24.6242676,29.5404415,22.869936,54,100,64643.5508,0
7000,21.2912102,17.8120155,24.6242676,29.5404415,22.869936,55,100,64643.5508,0
7000,21.2912102,17.8120155,24.6242676,29.5404415,22.869936,56,100,64643.5508,0
7000,21.2912102,17.8120155,24.6242676,29.5404415,22.869936,57,100,64643.5508,0
7000,21.2912102,17.8120155,24.6242676,29.5404415,22.869936,58,100,64643.5508,0
7000,21.2912102,17.8120155,24.6242676,29.5404415,22.869936,59,100,64643.5508,0
7000,21.2912102,17.8120155,24.6242676,29.5404415,22.869936,60,100,64643.5508,0
7100,1.36006653,27.2475872,14.7187586,27.361536,-16.721365,0,0,0,54912
7100,1.36006653,27.2475872,14.7187586,27.361536,-16.721365,1,5.50114727,3284.396,51684.7812
7100,1.36006653,27.2475872,14.7187586,27.361536,-16.721365,2,10.7996206,6568.79297,48791.9805
7100,1.36006653,27.2475872,14.7187586,27.361536,-16.721365,3,15.2418518,9854.17773,46864.0078
7100,1.36006653,27.2475872,14.7187586,27.361536,-16.721365,4,18.657011,13234.1445,45842.6484
7100,1.36006653,27.2475872,14.7187586,27.361536,-16.721365,5,24.590065,17719.2148,42129.4844
7100,1.36006653,27.2475872,14.7187586,27.361536,-16.721365,6,29.273716,21383.3418,39253.9609
7100,1.36006653,27.2475872,14.7187586,27.361536,-16.721365,7,33.2928619,24724.3555,36852.3203
7100,1.36006653,27.2475872,14.7187586,27.361536,-16.721365,8,36.766655,27661.5957,34374.6133
7100,1.36006653,27.2475872,14.7187586,27.361536,-16.721365,9,38.44104,29400.3359,32660.5312
7100,1.36006653,27.2475872,14.7187586,27.361536,-16.721365,10,40.145359,31155.877,30905.1309
7100,1.36006653,27.2475872,14.7187586,27.361536,-16.721365,11,41.1255684,32165.4902,29895.5176
7100,1.36006653,27.2475872,14.7187586,27.361536,-16.721365,12,42.1057701,33175.0977,28885.9102
7100,1.36006653,27.2475872,14.7187586,27.361536,-16.721365,13,42.8571434,33949.0078,28112
7100,1.36006653,27.2475872,14.7187586,27.361536,-16.721365,14,44.3501244,34917.8086,27153.2598
7100,1.36006653,27.2475872,14.7187586,27.361536,-16.721365,15,47.6911469,36578.6914,25554.3828
7100,1.36006653,27.2475872,14.7187586,27.361536,-16.721365,16,50.9067535,38239.5742,24144.1309
7100,1.36006653,27.2475872,14.7187586,27.361536,-16.721365,17,53.6901207,39900.6172,23184.2188
7100,1.36006653,27.2475872,14.7187586,27.361536,-16.721365,18,55.7461548,41570.6562,22811.4238
7100,1.36006653,27.2475872,14.7187586,27.361536,-16.721365,19,57.6404457,43406.4141,22466.4277
7100,1.36006653,27.2475872,14.7187586,27.361536,-16.721365,20,61.7257919,46002.2266,20066.8047
7100,1.36006653,27.2475872,14.7187586,27.361536,-16.721365,21,65.4509354,48553.8711,17516.5508
7100,1.36006653,27.2475872,14.7187586,27.361536,-16.721365,22,68.08461,50215.0508,15855.3711
7100,1.36006653,27.2475872,14.7187586,27.361536,-16.721365,23,70.5802078,51810.5977,14259.8262
7100,1.36006653,27.2475872,14.7187586,27.361536,-16.721365,24,71.4285736,52510.4219,13560
7100,1.36006653,27.2475872,14.7187586,27.361536,-16.721365,25,72.4245834,53159.082,12914.9658
7100,1.36006653,27.2475872,14.7187586,27.361536,-16.721365,26,73.4180298,53807.7422,12278.3418
7100,1.36006653,27.2475872,14.7187586,27.361536,-16.721365,27,74.4018936,54456.3984,11663.7324
7100,1.36006653,27.2475872,14.7187586,27.361536,-16.721365,28,75.35849,55105.0586,11097.1621
7100,1.36006653,27.2475872,14.7187586,27.361536,-16.721365,29,76.2546844,55753.7227,10617.1445
7100,1.36006653,27.2475872,14.7187586,27.361536,-16.721365,30,77.0472488,56402.4688,10263.6406
7100,1.36006653,27.2475872,14.7187586,27.361536,-16.721365,31,77.7059479,57052.293,10054.2686
7100,1.36006653,27.2475872,14.7187586,27.361536,-16.721365,32,78.2467117,57710.7812,9955.70215
7100,1.36006653,27.2475872,14.7187586,27.361536,-16.721365,33,78.758873,58412.6641,9860.38086
7100,1.36006653,27.2475872,14.7187586,27.361536,-16.721365,34,79.5845642,59246.0508,9322.23535
7100,1.36006653,27.2475872,14.7187586,27.361536,-16.721365,35,80.8406601,60305.832,8296.50195
7100,1.36006653,27.2475872,14.7187586,27.361536,-16.721365,36,82.3313141,61541.1562,7062.11035
7100,1.36006653,27.2475872,14.7187586,27.361536,-16.721365,37,83.1619263,62229.1523,6374.11768
7100,1.36006653,27.2475872,14.7187586,27.361536,-16.721365,38,83.9450455,62877.8125,5725.45898
7100,1.36006653,27.2475872,14.7187586,27.361536,-16.721365,39,84.7281723,63526.4727,5076.80029
7100,1.36006653,27.2475872,14.7187586,27.361536,-16.721365,40,85.5112915,64175.1289,4428.14111
7100,1.36006653,27.2475872,14.7187586,27.361536,-16.721365,41,85.7142868,64343.2734,4260
7100,1.36006653,27.2475872,14.7187586,27.361536,-16.721365,42,87.5786133,64900.3867,3711.8606
7100,1.36006653,27.2475872,14.7187586,27.361536,-16.721365,43,89.3934479,65457.5,3212.18164
7100,1.36006653,27.2475872,14.7187586,27.361536,-16.721365,44,90.9782867,66014.6406,2864.47681
7100,1.36006653,27.2475872,14.7187586,27.361536,-16.721365,45,92.1273727,66574.8281,2739.42871
7100,1.36006653,27.2475872,14.7187586,27.361536,-16.721365,46,93.2366714,67208.7266,2576.31616
7100,1.36006653,27.2475872,14.7187586,27.361536,-16.721365,47,95.7303925,68168.1875,1630.4635
7100,1.36006653,27.2475872,14.7187586,27.361536,-16.721365,48,97.2199554,68737.0234,1061.6344
7100,1.36006653,27.2475872,14.7187586,27.361536,-16.721365,49,98.6788406,69294.1328,504.520203
7100,1.36006653,27.2475872,14.7187586,27.361536,-16.721365,50,100,69798.6562,0
7100,1.36006653,27.2475872,14.7187586,27.361536,-16.721365,51,100,69798.6562,0
7100,1.36006653,27.2475872,14.7187586,27.361536,-16.721365,52,100,69798.6562,0
7100,1.36006653,27.2475872,14.7187586,27.361536,-16.721365,53,100,69798.6562,0
7100,1.36006653,27.2475872,14.7187586,27.361536,-16.721365,54,100,69798.6562,0
7100,1.36006653,27.2475872,14.7187586,27.361536,-16.721365,55,100,69798.6562,0
7100,1.36006653,27.2475872,14.7187586,27.361536,-16.721365,56,100,69798.6562,0
7100,1.36006653,27.2475872,14.7187586,27.361536,-16.721365,57,100,69798.6562,0
7100,1.36006653,27.2475872,14.7187586,27.361536,-16.721365,58,100,69798.6562,0
7100,1.36006653,27.2475872,14.7187586,27.361536,-16.721365,59,100,69798.6562,0
7100,1.36006653,27.2475872,14.7187586,27.361536,-16.721365,60,100,69798.6562,0
7200,27.2391033,25.5474701,11.7607317,13.1802521,21.3247604,0,0,0,54912
7200,27.2391033,25.5474701,11.7607317,13.1802521,21.3247604,1,5.25434685,3136.52661,51829.082
7200,27.2391033,25.5474701,11.7607317,13.1802521,21.3247604,2,10.3268967,6273.0542,49059.7148
7200,27.2391033,25.5474701,11.7607317,13.1802521,21.3247604,3,14.6259108,9410.16309,47195.3242
7200,27.2391033,25.5474701,11.7607317,13.1802521,21.3247604,4,17.9383793,12603.0195,46213.9102
7200,27.2391033,25.5474701,11.7607317,13.1802521,21.3247604,5,23.0319099,16447.2207,43093.4492
7200,27.2391033,25.5474701,11.7607317,13.1802521,21.3247604,6,27.3711357,19807.5605,40472.5117
7200,27.2391033,25.5474701,11.7607317,13.1802521,21.3247604,7,31.2610035,22977.457,38183.375
7200,27.2391033,25.5474701,11.7607317,13.1802521,21.3247604,8,35.4427834,26283.4492,35308.2422
7200,27.2391033,25.5474701,11.7607317,13.1802521,21.3247604,9,37.735466,28297.6562,33317.1562
7200,27.2391033,25.5474701,11.7607317,13.1802521,21.3247604,10,39.1166611,29701.4609,31913.4824
7200,27.2391033,25.5474701,11.7607317,13.1802521,21.3247604,11,40.0653458,30665.6172,30949.3262
7200,27.2391033,25.5474701,11.7607317,13.1802521,21.3247604,12,41.0140266,31629.7695,29985.1738
7200,27.2391033,25.5474701,11.7607317,13.1802521,21.3247604,13,41.9627075,32593.9199,29021.0234
7200,27.2391033,25.5474701,11.7607317,13.1802521,21.3247604,14,42.8571434,33502.9453,28112
7200,27.2391033,25.5474701,11.7607317,13.1802521,21.3247604,15,46.063633,35089.0469,26545.7852
7200,27.2391033,25.5474701,11.7607317,13.1802521,21.3247604,16,49.2111588,36675.1523,25074.2578
7200,27.2391033,25.5474701,11.7607317,13.1802521,21.3247604,17,52.0835495,38261.2773,23900.166
7200,27.2391033,25.5474701,11.7607317,13.1802521,21.3247604,18,54.374382,39849.7109,23232.0059
7200,27.2391033,25.5474701,11.7607317,13.1802521,21.3247604,19,56.295784,41495.1875,22844.3555
7200,27.2391033,25.5474701,11.7607317,13.1802521,21.3247604,20,59.0706367,43422.7305,21782.0586
7200,27.2391033,25.5474701,11.7607317,13.1802521,21.3247604,21,61.85252,45273.8711,20099.0176
7200,27.2391033,25.5474701,11.7607317,13.1802521,21.3247604,22,65.0353851,47376.4102,17997.7812
7200,27.2391033,25.5474701,11.7607317,13.1802521,21.3247604,23,67.5848694,48962.6914,16411.5
7200,27.2391033,25.5474701,11.7607317,13.1802521,21.3247604,24,69.521759,50262.2656,15111.9258
7200,27.2391033,25.5474701,11.7607317,13.1802521,21.3247604,25,70.6585083,51187.4531,14186.7402
7200,27.2391033,25.5474701,11.7607317,13.1802521,21.3247604,26,71.4285736,51814.1914,13560
7200,27.2391033,25.5474701,11.7607317,13.1802521,21.3247604,27,72.3797684,52433.6484,12943.9434
7200,27.2391033,25.5474701,11.7607317,13.1802521,21.3247604,28,73.3286591,53053.1016,12335.7725
7200,27.2391033,25.5474701,11.7607317,13.1802521,21.3247604,29,74.2689667,53672.5586,11748.2412
7200,27.2391033,25.5474701,11.7607317,13.1802521,21.3247604,30,75.1848373,54292.0117,11205.7529
7200,27.2391033,25.5474701,11.7607317,13.1802521,21.3247604,31,76.0464172,54911.4688,10744.4189
7200,27.2391033,25.5474701,11.7607317,13.1802521,21.3247604,32,76.8144684,55530.9766,10401.7334
7200,27.2391033,25.5474701,11.7607317,13.1802521,21.3247604,33,77.4604263,56151.1172,10194.5615
7200,27.2391033,25.5474701,11.7607317,13.1802521,21.3247604,34,77.9944382,56776.3672,10094.2988
7200,27.2391033,25.5474701,11.7607317,13.1802521,21.3247604,35,78.4839478,57427.1914,10012.1875
7200,27.2391033,25.5474701,11.7607317,13.1802521,21.3247604,36,79.2099152,58155.5273,9560.67383
7200,27.2391033,25.5474701,11.7607317,13.1802521,21.3247604,37,80.2432098,59017.2969,8730.82812
7200,27.2391033,25.5474701,11.7607317,13.1802521,21.3247604,38,81.423645,59982.5273,7766.46777
7200,27.2391033,25.5474701,11.7607317,13.1802521,21.3247604,39,82.2099991,60625.1719,7123.83154
7200,27.2391033,25.5474701,11.7607317,13.1802521,21.3247604,40,82.9679871,61244.625,6504.37646
7200,27.2391033,25.5474701,11.7607317,13.1802521,21.3247604,41,83.725975,61864.082,5884.92139
7200,27.2391033,25.5474701,11.7607317,13.1802521,21.3247604,42,84.483963,62483.5352,5265.46631
7200,27.2391033,25.5474701,11.7607317,13.1802521,21.3247604,43,85.241951,63102.9922,4646.01123
7200,27.2391033,25.5474701,11.7607317,13.1802521,21.3247604,44,85.7142868,63489.0039,4260
7200,27.2391033,25.5474701,11.7607317,13.1802521,21.3247604,45,87.4949112,64021.0352,3736.38281
7200,27.2391033,25.5474701,11.7607317,13.1802521,21.3247604,46,89.2311707,64553.0664,3258.20264
7200,27.2391033,25.5474701,11.7607317,13.1802521,21.3247604,47,90.7604065,65085.1133,2922.52271
7200,27.2391033,25.5474701,11.7607317,13.1802521,21.3247604,48,91.8905106,65618.9531,2796.66797
7200,27.2391033,25.5474701,11.7607317,13.1802521,21.3247604,49,92.9189529,66196.25,2660.79224
7200,27.2391033,25.5474701,11.7607317,13.1802521,21.3247604,50,94.943985,66965.4219,1904.37708
7200,27.2391033,25.5474701,11.7607317,13.1802521,21.3247604,51,96.3748322,67504.3594,1365.44128
7200,27.2391033,25.5474701,11.7607317,13.1802521,21.3247604,52,97.7873459,68036.3906,833.409302
7200,27.2391033,25.5474701,11.7607317,13.1802521,21.3247604,53,99.1998596,68568.4219,301.377289
7200,27.2391033,25.5474701,11.7607317,13.1802521,21.3247604,54,100,68869.8047,0
7200,27.2391033,25.5474701,11.7607317,13.1802521,21.3247604,55,100,68869.8047,0
7200,27.2391033,25.5474701,11.7607317,13.1802521,21.3247604,56,100,68869.8047,0
7200,27.2391033,25.5474701,11.7607317,13.1802521,21.3247604,57,100,68869.8047,0
7200,27.2391033,25.5474701,11.7607317,13.1802521,21.3247604,58,100,68869.8047,0
7200,27.2391033,25.5474701,11.7607317,13.1802521,21.3247604,59,100,68869.8047,0
7200,27.2391033,25.5474701,11.7607317,13.1802521,21.3247604,60,100,68869.8047,0
7300,19.9468822,25.373333,9.56603813,11.5778494,20.759306,0,0,0,54912
7300,19.9468822,25.373333,9.56603813,11.5778494,20.759306,1,5.6726346,3386.16162,51579.082
7300,19.9468822,25.373333,9.56603813,11.5778494,20.759306,2,11.1503048,6772.32422,48557.5781
7300,19.9468822,25.373333,9.56603813,11.5778494,20.759306,3,15.7976885,10159.0068,46434.9375
7300,19.9468822,25.373333,9.56603813,11.5778494,20.759306,4,19.3695946,13595.5781,45194.7344
7300,19.9468822,25.373333,9.56603813,11.5778494,20.759306,5,24.6806126,17615.043,41894.0781
7300,19.9468822,25.373333,9.56603813,11.5778494,20.759306,6,29.3112144,21201.4961,39041.9883
7300,19.9468822,25.373333,9.56603813,11.5778494,20.759306,7,33.5125771,24617.5215,36500.7148
7300,19.9468822,25.373333,9.56603813,11.5778494,20.759306,8,36.971508,27470.3086,34075.8516
7300,19.9468822,25.373333,9.56603813,11.5778494,20.759306,9,38.3627548,28895.7852,32673.3398
7300,19.9468822,25.373333,9.56603813,11.5778494,20.759306,10,39.7759361,30330.1211,31239.1348
7300,19.9468822,25.373333,9.56603813,11.5778494,20.759306,11,40.8015404,31371.0137,30198.2422
7300,19.9468822,25.373333,9.56603813,11.5778494,20.759306,12,41.8271408,32411.9004,29157.3535
7300,19.9468822,25.373333,9.56603813,11.5778494,20.759306,13,42.8527451,33452.7891,28116.4648
7300,19.9468822,25.373333,9.56603813,11.5778494,20.759306,14,42.8571434,33457.2539,28112
7300,19.9468822,25.373333,9.56603813,11.5778494,20.759306,15,46.3188744,35169.5977,26419.4121
7300,19.9468822,25.373333,9.56603813,11.5778494,20.759306,16,49.7173729,36881.9375,24820.8672
7300,19.9468822,25.373333,9.56603813,11.5778494,20.759306,17,52.8207207,38594.3008,23517.7305
7300,19.9468822,25.373333,9.56603813,11.5778494,20.759306,18,55.2987289,40308.7227,22717.3047
7300,19.9468822,25.373333,9.56603813,11.5778494,20.759306,19,57.3581772,42074.1992,22201.084
7300,19.9468822,25.373333,9.56603813,11.5778494,20.759306,20,60.2339935,44092.0977,21042.5332
7300,19.9468822,25.373333,9.56603813,11.5778494,20.759306,21,63.180603,46041.6211,19259.9629
7300,19.9468822,25.373333,9.56603813,11.5778494,20.759306,22,66.5042801,48216.125,17086.752
7300,19.9468822,25.373333,9.56603813,11.5778494,20.759306,23,69.1095886,49858.1094,15444.7686
7300,19.9468822,25.373333,9.56603813,11.5778494,20.759306,24,70.3385162,50856.9297,14445.9473
7300,19.9468822,25.373333,9.56603813,11.5778494,20.759306,25,71.4285736,51742.8789,13560
7300,19.9468822,25.373333,9.56603813,11.5778494,20.759306,26,72.4554749,52411.6367,12894.6182
7300,19.9468822,25.373333,9.56603813,11.5778494,20.759306,27,73.4799118,53080.3945,12237.0674
7300,19.9468822,25.373333,9.56603813,11.5778494,20.759306,28,74.4951401,53749.1523,11600.0176
7300,19.9468822,25.373333,9.56603813,11.5778494,20.759306,29,75.4841614,54417.9062,11007.7021
7300,19.9468822,25.373333,9.56603813,11.5778494,20.759306,30,76.4149551,55086.668,10495.9883
7300,19.9468822,25.373333,9.56603813,11.5778494,20.759306,31,77.2453613,55755.4727,10102.1191
7300,19.9468822,25.373333,9.56603813,11.5778494,20.759306,32,77.9445038,56424.8438,9842.90137
7300,19.9468822,25.373333,9.56603813,11.5778494,20.759306,33,78.5221176,57098.7852,9690.36719
7300,19.9468822,25.373333,9.56603813,11.5778494,20.759306,34,79.0461197,57795.6133,9558.37402
7300,19.9468822,25.373333,9.56603813,11.5778494,20.759306,35,79.807457,58561.8086,9067.11426
7300,19.9468822,25.373333,9.56603813,11.5778494,20.759306,36,80.8699112,59447.418,8213.21387
7300,19.9468822,25.373333,9.56603813,11.5778494,20.759306,37,82.0678329,60425.6133,7235.88428
7300,19.9468822,25.373333,9.56603813,11.5778494,20.759306,38,82.9127045,61115.1211,6546.38281
7300,19.9468822,25.373333,9.56603813,11.5778494,20.759306,39,83.7321548,61783.875,5877.62549
7300,19.9468822,25.373333,9.56603813,11.5778494,20.759306,40,84.5516052,62452.6328,5208.86816
7300,19.9468822,25.373333,9.56603813,11.5778494,20.759306,41,85.3710556,63121.3906,4540.11084
7300,19.9468822,25.373333,9.56603813,11.5778494,20.759306,42,85.7142868,63401.5039,4260
7300,19.9468822,25.373333,9.56603813,11.5778494,20.759306,43,87.6366577,63975.8789,3693.9812
7300,19.9468822,25.373333,9.56603813,11.5778494,20.759306,44,89.5114517,64550.2539,3173.0896
7300,19.9468822,25.373333,9.56603813,11.5778494,20.759306,45,91.1641464,65124.6445,2793.72876
7300,19.9468822,25.373333,9.56603813,11.5778494,20.759306,46,92.3872452,65700.6406,2622.93896
7300,19.9468822,25.373333,9.56603813,11.5778494,20.759306,47,93.4801559,66315.5234,2446.4668
7300,19.9468822,25.373333,9.56603813,11.5778494,20.759306,48,95.5531769,67102.1172,1672.54236
7300,19.9468822,25.373333,9.56603813,11.5778494,20.759306,49,97.0967102,67682.6719,1091.98816
7300,19.9468822,25.373333,9.56603813,11.5778494,20.759306,50,98.6238174,68257.0469,517.611877
7300,19.9468822,25.373333,9.56603813,11.5778494,20.759306,51,100,68774.6641,0
7300,19.9468822,25.373333,9.56603813,11.5778494,20.759306,52,100,68774.6641,0
7300,19.9468822,25.373333,9.56603813,11.5778494,20.759306,53,100,68774.6641,0
7300,19.9468822,25.373333,9.56603813,11.5778494,20.759306,54,100,68774.6641,0
7300,19.9468822,25.373333,9.56603813,11.5778494,20.759306,55,100,68774.6641,0
7300,19.9468822,25.373333,9.56603813,11.5778494,20.759306,56,100,68774.6641,0
7300,19.9468822,25.373333,9.56603813,11.5778494,20.759306,57,100,68774.6641,0
7300,19.9468822,25.373333,9.56603813,11.5778494,20.759306,58,100,68774.6641,0
7300,19.9468822,25.373333,9.56603813,11.5778494,20.759306,59,100,68774.6641,0
7300,19.9468822,25.373333,9.56603813,11.5778494,20.759306,60,100,68774.6641,0
7400,14.1764641,18.6945992,27.15485,29.7341557,8.8237505,0,0,0,54912
7400,14.1764641,18.6945992,27.15485,29.7341557,8.8237505,1,6.37639713,3803.77881,51147.4492
7400,14.1764641,18.6945992,27.15485,29.7341557,8.8237505,2,12.5902977,7607.56006,47612.3438
7400,14.1764641,18.6945992,27.15485,29.7341557,8.8237505,3,18.0961056,11412.9258,44738.3008
7400,14.1764641,18.6945992,27.15485,29.7341557,8.8237505,4,22.7993546,15370.1152,42399.3516
7400,14.1764641,18.6945992,27.15485,29.7341557,8.8237505,5,31.0870552,21101.2188,37197.8555
7400,14.1764641,18.6945992,27.15485,29.7341557,8.8237505,6,36.4403,24999.4863,33840.6523
7400,14.1764641,18.6945992,27.15485,29.7341557,8.8237505,7,37.4054031,26259.6289,33225.0117
7400,14.1764641,18.6945992,27.15485,29.7341557,8.8237505,8,38.9011536,27890.4238,31909.502
7400,14.1764641,18.6945992,27.15485,29.7341557,8.8237505,9,41.3227386,30230.0957,29586.75
7400,14.1764641,18.6945992,27.15485,29.7341557,8.8237505,10,42.8571434,31704.9414,28112
7400,14.1764641,18.6945992,27.15485,29.7341557,8.8237505,11,42.8571434,31704.9414,28112
7400,14.1764641,18.6945992,27.15485,29.7341557,8.8237505,12,42.8571434,31704.9414,28112
7400,14.1764641,18.6945992,27.15485,29.7341557,8.8237505,13,44.5868111,32826.9492,26996.8984
7400,14.1764641,18.6945992,27.15485,29.7341557,8.8237505,14,46.3035011,33948.9531,25909.7832
7400,14.1764641,18.6945992,27.15485,29.7341557,8.8237505,15,50.1197891,35872.4844,24116.9082
7400,14.1764641,18.6945992,27.15485,29.7341557,8.8237505,16,53.7302361,37796.2227,22544.666
7400,14.1764641,18.6945992,27.15485,29.7341557,8.8237505,17,56.9060326,39728.375,21310.1836
7400,14.1764641,18.6945992,27.15485,29.7341557,8.8237505,18,59.6659813,41785.6211,20245.3652
7400,14.1764641,18.6945992,27.15485,29.7341557,8.8237505,19,63.6004524,44560.7148,17994.5391
7400,14.1764641,18.6945992,27.15485,29.7341557,8.8237505,20,70.2059326,48467.6914,14100.1123
7400,14.1764641,18.6945992,27.15485,29.7341557,8.8237505,21,71.4285736,49007.8047,13560
7400,14.1764641,18.6945992,27.15485,29.7341557,8.8237505,22,71.4285736,49007.8047,13560
7400,14.1764641,18.6945992,27.15485,29.7341557,8.8237505,23,72.5822372,49759.043,12811.252
7400,14.1764641,18.6945992,27.15485,29.7341557,8.8237505,24,73.7338486,50510.2773,12068.2734
7400,14.1764641,18.6945992,27.15485,29.7341557,8.8237505,25,74.8778381,51261.5117,11340.3984
7400,14.1764641,18.6945992,27.15485,29.7341557,8.8237505,26,76.0000076,52012.7461,10645.4844
7400,14.1764641,18.6945992,27.15485,29.7341557,8.8237505,27,77.0733261,52763.9883,10009.9492
7400,14.1764641,18.6945992,27.15485,29.7341557,8.8237505,28,78.0611496,53515.3672,9461.13867
7400,14.1764641,18.6945992,27.15485,29.7341557,8.8237505,29,78.9356308,54268.4727,9010.22852
7400,14.1764641,18.6945992,27.15485,29.7341557,8.8237505,30,79.7122879,55035.4883,8627.37598
7400,14.1764641,18.6945992,27.15485,29.7341557,8.8237505,31,80.4989777,55872.1562,8206.87012
7400,14.1764641,18.6945992,27.15485,29.7341557,8.8237505,32,81.691185,56919.918,7361.67285
7400,14.1764641,18.6945992,27.15485,29.7341557,8.8237505,33,83.4959793,58331.0898,5973.86133
7400,14.1764641,18.6945992,27.15485,29.7341557,8.8237505,34,85.6863937,60024.0391,4281.55127
7400,14.1764641,18.6945992,27.15485,29.7341557,8.8237505,35,85.7142868,60087.1875,4260
7400,14.1764641,18.6945992,27.15485,29.7341557,8.8237505,36,85.7142868,60087.1875,4260
7400,14.1764641,18.6945992,27.15485,29.7341557,8.8237505,37,85.7142868,60087.1875,4260
7400,14.1764641,18.6945992,27.15485,29.7341557,8.8237505,38,87.8748627,60732.4023,3620.94312
7400,14.1764641,18.6945992,27.15485,29.7341557,8.8237505,39,89.9958878,61377.6172,3015.13525
7400,14.1764641,18.6945992,27.15485,29.7341557,8.8237505,40,91.9293976,62022.8711,2513.57324
7400,14.1764641,18.6945992,27.15485,29.7341557,8.8237505,41,93.494812,62673.0195,2161.97656
7400,14.1764641,18.6945992,27.15485,29.7341557,8.8237505,42,95.1641769,63441.4961,1716.51013
7400,14.1764641,18.6945992,27.15485,29.7341557,8.8237505,43,98.777359,64732.5547,434.784607
7400,14.1764641,18.6945992,27.15485,29.7341557,8.8237505,44,100,65167.3438,0
7400,14.1764641,18.6945992,27.15485,29.7341557,8.8237505,45,100,65167.3438,0
7400,14.1764641,18.6945992,27.15485,29.7341557,8.8237505,46,100,65167.3438,0
7400,14.1764641,18.6945992,27.15485,29.7341557,8.8237505,47,100,65167.3438,0
7400,14.1764641,18.6945992,27.15485,29.7341557,8.8237505,48,100,65167.3438,0
7400,14.1764641,18.6945992,27.15485,29.7341557,8.8237505,49,100,65167.3438,0
7400,14.1764641,18.6945992,27.15485,29.7341557,8.8237505,50,100,65167.3438,0
7400,14.1764641,18.6945992,27.15485,29.7341557,8.8237505,51,100,65167.3438,0
7400,14.1764641,18.6945992,27.15485,29.7341557,8.8237505,52,100,65167.3438,0
7400,14.1764641,18.6945992,27.15485,29.7341557,8.8237505,53,100,65167.3438,0
7400,14.1764641,18.6945992,27.15485,29.7341557,8.8237505,54,100,65167.3438,0
7400,14.1764641,18.6945992,27.15485,29.7341557,8.8237505,55,100,65167.3438,0
7400,14.1764641,18.6945992,27.15485,29.7341557,8.8237505,56,100,65167.3438,0
7400,14.1764641,18.6945992,27.15485,29.7341557,8.8237505,57,100,65167.3438,0
7400,14.1764641,18.6945992,27.15485,29.7341557,8.8237505,58,100,65167.3438,0
7400,14.1764641,18.6945992,27.15485,29.7341557,8.8237505,59,100,65167.3438,0
7400,14.1764641,18.6945992,27.15485,29.7341557,8.8237505,60,100,65167.3438,0
7500,14.0230532,14.9955864,26.1751728,0.580148697,-1.3741715,0,0,0,54912
7500,14.0230532,14.9955864,26.1751728,0.580148697,-1.3741715,1,4.48985958,2677.41577,52266.0508
7500,14.0230532,14.9955864,26.1751728,0.580148697,-1.3741715,2,8.8876133,5354.8335,49804.1445
7500,14.0230532,14.9955864,26.1751728,0.580148697,-1.3741715,3,12.8792458,8033.78125,47872.2422
7500,14.0230532,14.9955864,26.1751728,0.580148697,-1.3741715,4,16.490242,10859.3369,46344.7383
7500,14.0230532,14.9955864,26.1751728,0.580148697,-1.3741715,5,23.3586712,15397.8662,42231.0234
7500,14.0230532,14.9955864,26.1751728,0.580148697,-1.3741715,6,28.1294518,18663.8867,39399.0078
7500,14.0230532,14.9955864,26.1751728,0.580148697,-1.3741715,7,31.9433918,21429.0625,37150.8125
7500,14.0230532,14.9955864,26.1751728,0.580148697,-1.3741715,8,36.2247124,24552.1543,34280.6211
7500,14.0230532,14.9955864,26.1751728,0.580148697,-1.3741715,9,38.3207397,26509.416,32336.9297
7500,14.0230532,14.9955864,26.1751728,0.580148697,-1.3741715,10,40.4458504,28488.6797,30357.7441
7500,14.0230532,14.9955864,26.1751728,0.580148697,-1.3741715,11,41.3295593,29311.7148,29534.707
7500,14.0230532,14.9955864,26.1751728,0.580148697,-1.3741715,12,42.213253,30134.7402,28711.6836
7500,14.0230532,14.9955864,26.1751728,0.580148697,-1.3741715,13,42.8571434,30734.4238,28112
7500,14.0230532,14.9955864,26.1751728,0.580148697,-1.3741715,14,44.0748062,31524.1855,27327.7773
7500,14.0230532,14.9955864,26.1751728,0.580148697,-1.3741715,15,46.8063622,32878.1211,26007.9629
7500,14.0230532,14.9955864,26.1751728,0.580148697,-1.3741715,16,49.4809456,34232.0625,24791.957
7500,14.0230532,14.9955864,26.1751728,0.580148697,-1.3741715,17,51.9532738,35586.2539,23823.6289
7500,14.0230532,14.9955864,26.1751728,0.580148697,-1.3741715,18,54.0757828,36954.3867,23169.4277
7500,14.0230532,14.9955864,26.1751728,0.580148697,-1.3741715,19,56.4186211,38579.3984,22364.8516
7500,14.0230532,14.9955864,26.1751728,0.580148697,-1.3741715,20,61.4421349,41382.5312,19669.6914
7500,14.0230532,14.9955864,26.1751728,0.580148697,-1.3741715,21,65.6949234,44117.2031,16935.7832
7500,14.0230532,14.9955864,26.1751728,0.580148697,-1.3741715,22,68.0742416,45471.6055,15581.3809
7500,14.0230532,14.9955864,26.1751728,0.580148697,-1.3741715,23,70.4529419,46825.543,14227.4434
7500,14.0230532,14.9955864,26.1751728,0.580148697,-1.3741715,24,71.4285736,47492.9883,13560
7500,14.0230532,14.9955864,26.1751728,0.580148697,-1.3741715,25,72.2406616,48021.7695,13033.2129
7500,14.0230532,14.9955864,26.1751728,0.580148697,-1.3741715,26,73.05159,48550.5508,12511.0547
7500,14.0230532,14.9955864,26.1751728,0.580148697,-1.3741715,27,73.8582077,49079.332,12001.0107
7500,14.0230532,14.9955864,26.1751728,0.580148697,-1.3741715,28,74.6524734,49608.1172,11517.4062
7500,14.0230532,14.9955864,26.1751728,0.580148697,-1.3741715,29,75.4189453,50136.9062,11081.4307
7500,14.0230532,14.9955864,26.1751728,0.580148697,-1.3741715,30,76.1364059,50665.8242,10714.9971
7500,14.0230532,14.9955864,26.1751728,0.580148697,-1.3741715,31,76.7887344,51196.4102,10426.8115
7500,14.0230532,14.9955864,26.1751728,0.580148697,-1.3741715,32,77.390007,51740.4297,10190.9414
7500,14.0230532,14.9955864,26.1751728,0.580148697,-1.3741715,33,78.0314026,52351.707,9913.48047
7500,14.0230532,14.9955864,26.1751728,0.580148697,-1.3741715,34,79.021759,53166.832,9260.84277
7500,14.0230532,14.9955864,26.1751728,0.580148697,-1.3741715,35,80.5662155,54332.8789,8113.53418
7500,14.0230532,14.9955864,26.1751728,0.580148697,-1.3741715,36,82.4869537,55771.0234,6675.90332
7500,14.0230532,14.9955864,26.1751728,0.580148697,-1.3741715,37,83.2747955,56360.7812,6086.14648
7500,14.0230532,14.9955864,26.1751728,0.580148697,-1.3741715,38,83.9811783,56889.5664,5557.36426
7500,14.0230532,14.9955864,26.1751728,0.580148697,-1.3741715,39,84.687561,57418.3477,5028.58252
7500,14.0230532,14.9955864,26.1751728,0.580148697,-1.3741715,40,85.3939438,57947.1289,4499.80029
7500,14.0230532,14.9955864,26.1751728,0.580148697,-1.3741715,41,85.7142868,58186.9297,4260
7500,14.0230532,14.9955864,26.1751728,0.580148697,-1.3741715,42,87.2355118,58641.0859,3810.78369
7500,14.0230532,14.9955864,26.1751728,0.580148697,-1.3741715,43,88.7343521,59095.2383,3388.23755
7500,14.0230532,14.9955864,26.1751728,0.580148697,-1.3741715,44,90.1261673,59549.4375,3049.30371
7500,14.0230532,14.9955864,26.1751728,0.580148697,-1.3741715,45,91.3085098,60008.3516,2829.86304
7500,14.0230532,14.9955864,26.1751728,0.580148697,-1.3741715,46,92.6808853,60581.5352,2515.77734
7500,14.0230532,14.9955864,26.1751728,0.580148697,-1.3741715,47,95.8011703,61659.3516,1445.45117
7500,14.0230532,14.9955864,26.1751728,0.580148697,-1.3741715,48,97.1731873,62131.668,973.134583
7500,14.0230532,14.9955864,26.1751728,0.580148697,-1.3741715,49,98.4924393,62585.8242,518.979126
7500,14.0230532,14.9955864,26.1751728,0.580148697,-1.3741715,50,99.8116989,63039.9805,64.8236237
7500,14.0230532,14.9955864,26.1751728,0.580148697,-1.3741715,51,100,63104.8047,0
7500,14.0230532,14.9955864,26.1751728,0.580148697,-1.3741715,52,100,63104.8047,0
7500,14.0230532,14.9955864,26.1751728,0.580148697,-1.3741715,53,100,63104.8047,0
7500,14.0230532,14.9955864,26.1751728,0.580148697,-1.3741715,54,100,63104.8047,0
7500,14.0230532,14.9955864,26.1751728,0.580148697,-1.3741715,55,100,63104.8047,0
7500,14.0230532,14.9955864,26.1751728,0.580148697,-1.3741715,56,100,63104.8047,0
7500,14.0230532,14.9955864,26.1751728,0.580148697,-1.3741715,57,100,63104.8047,0
7500,14.0230532,14.9955864,26.1751728,0.580148697,-1.3741715,58,100,63104.8047,0
7500,14.0230532,14.9955864,26.1751728,0.580148697,-1.3741715,59,100,63104.8047,0
7500,14.0230532,14.9955864,26.1751728,0.580148697,-1.3741715,60,100,63104.8047,0
7600,2.96225429,12.3036718,28.1289787,17.048069,-6.88278961,0,0,0,54912
7600,2.96225429,12.3036718,28.1289787,17.048069,-6.88278961,1,5.56925201,3320.21143,51617.6055
7600,2.96225429,12.3036718,28.1289787,17.048069,-6.88278961,2,11.0445232,6640.42578,48474.2188
7600,2.96225429,12.3036718,28.1289787,17.048069,-6.88278961,3,16.1014614,9962.49512,45765.0898
7600,2.96225429,12.3036718,28.1289787,17.048069,-6.88278961,4,20.7996101,13462.3857,43330.2305
7600,2.96225429,12.3036718,28.1289787,17.048069,-6.88278961,5,29.4548111,19039.9316,38101.2383
7600,2.96225429,12.3036718,28.1289787,17.048069,-6.88278961,6,35.5094452,23074.0605,34423.207
7600,2.96225429,12.3036718,28.1289787,17.048069,-6.88278961,7,36.690918,24294.6133,33626.8281
7600,2.96225429,12.3036718,28.1289787,17.048069,-6.88278961,8,38.2788391,25855.7891,32273.1543
7600,2.96225429,12.3036718,28.1289787,17.048069,-6.88278961,9,40.8994331,28247.2188,29892.8594
7600,2.96225429,12.3036718,28.1289787,17.048069,-6.88278961,10,42.8571434,30028.1406,28112
7600,2.96225429,12.3036718,28.1289787,17.048069,-6.88278961,11,42.8571434,30028.1406,28112
7600,2.96225429,12.3036718,28.1289787,17.048069,-6.88278961,12,42.8571434,30028.1406,28112
7600,2.96225429,12.3036718,28.1289787,17.048069,-6.88278961,13,44.3673058,31007.5078,27137.1758
7600,2.96225429,12.3036718,28.1289787,17.048069,-6.88278961,14,45.8700027,31986.877,26180.7715
7600,2.96225429,12.3036718,28.1289787,17.048069,-6.88278961,15,49.2242165,33665.8711,24587.7656
7600,2.96225429,12.3036718,28.1289787,17.048069,-6.88278961,16,52.4576988,35345.1094,23139.8594
7600,2.96225429,12.3036718,28.1289787,17.048069,-6.88278961,17,55.436615,37034.207,21909.9297
7600,2.96225429,12.3036718,28.1289787,17.048069,-6.88278961,18,58.2571487,38869.8164,20727.4785
7600,2.96225429,12.3036718,28.1289787,17.048069,-6.88278961,19,62.4574966,41546.1836,18396.1484
7600,2.96225429,12.3036718,28.1289787,17.048069,-6.88278961,20,69.8986969,45752.0586,14198.5352
7600,2.96225429,12.3036718,28.1289787,17.048069,-6.88278961,21,71.4285736,46390.5938,13560
7600,2.96225429,12.3036718,28.1289787,17.048069,-6.88278961,22,71.4285736,46390.5938,13560
7600,2.96225429,12.3036718,28.1289787,17.048069,-6.88278961,23,72.4356613,47046.3281,12905.9043
7600,2.96225429,12.3036718,28.1289787,17.048069,-6.88278961,24,73.4415817,47702.0586,12255.6064
7600,2.96225429,12.3036718,28.1289787,17.048069,-6.88278961,25,74.4431,48357.793,11615.249
7600,2.96225429,12.3036718,28.1289787,17.048069,-6.88278961,26,75.4320297,49013.5234,10996.584
7600,2.96225429,12.3036718,28.1289787,17.048069,-6.88278961,27,76.3925171,49669.2656,10416.9951
7600,2.96225429,12.3036718,28.1289787,17.048069,-6.88278961,28,77.3025665,50325.1641,9894.41406
7600,2.96225429,12.3036718,28.1289787,17.048069,-6.88278961,29,78.1451874,50983.0859,9435.37891
7600,2.96225429,12.3036718,28.1289787,17.048069,-6.88278961,30,78.9368896,51657.3008,9013.99707
7600,2.96225429,12.3036718,28.1289787,17.048069,-6.88278961,31,79.7859344,52413.0898,8532.09863
7600,2.96225429,12.3036718,28.1289787,17.048069,-6.88278961,32,81.0531921,53416.125,7662.38135
7600,2.96225429,12.3036718,28.1289787,17.048069,-6.88278961,33,82.9933472,54844.793,6249.08789
7600,2.96225429,12.3036718,28.1289787,17.048069,-6.88278961,34,85.3985596,56603.4844,4490.81689
7600,2.96225429,12.3036718,28.1289787,17.048069,-6.88278961,35,85.7142868,56834.3047,4260
7600,2.96225429,12.3036718,28.1289787,17.048069,-6.88278961,36,85.7142868,56834.3047,4260
7600,2.96225429,12.3036718,28.1289787,17.048069,-6.88278961,37,85.7142868,56834.3047,4260
7600,2.96225429,12.3036718,28.1289787,17.048069,-6.88278961,38,87.60112,57397.4961,3700.86304
7600,2.96225429,12.3036718,28.1289787,17.048069,-6.88278961,39,89.4651413,57960.6836,3163.60864
7600,2.96225429,12.3036718,28.1289787,17.048069,-6.88278961,40,91.2193756,58523.9219,2694.94141
7600,2.96225429,12.3036718,28.1289787,17.048069,-6.88278961,41,92.7575378,59092.8867,2322.46338
7600,2.96225429,12.3036718,28.1289787,17.048069,-6.88278961,42,94.5538101,59800.4453,1827.49207
7600,2.96225429,12.3036718,28.1289787,17.048069,-6.88278961,43,98.4701233,61120.0664,514.01355
7600,2.96225429,12.3036718,28.1289787,17.048069,-6.88278961,44,100,61634.082,0
7600,2.96225429,12.3036718,28.1289787,17.048069,-6.88278961,45,100,61634.082,0
7600,2.96225429,12.3036718,28.1289787,17.048069,-6.88278961,46,100,61634.082,0
7600,2.96225429,12.3036718,28.1289787,17.048069,-6.88278961,47,100,61634.082,0
7600,2.96225429,12.3036718,28.1289787,17.048069,-6.88278961,48,100,61634.082,0
7600,2.96225429,12.3036718,28.1289787,17.048069,-6.88278961,49,100,61634.082,0
7600,2.96225429,12.3036718,28.1289787,17.048069,-6.88278961,50,100,61634.082,0
7600,2.96225429,12.3036718,28.1289787,17.048069,-6.88278961,51,100,61634.082,0
7600,2.96225429,12.3036718,28.1289787,17.048069,-6.88278961,52,100,61634.082,0
7600,2.96225429,12.3036718,28.1289787,17.048069,-6.88278961,53,100,61634.082,0
7600,2.96225429,12.3036718,28.1289787,17.048069,-6.88278961,54,100,61634.082,0
7600,2.96225429,12.3036718,28.1289787,17.048069,-6.88278961,55,100,61634.082,0
7600,2.96225429,12.3036718,28.1289787,17.048069,-6.88278961,56,100,61634.082,0
7600,2.96225429,12.3036718,28.1289787,17.048069,-6.88278961,57,100,61634.082,0
7600,2.96225429,12.3036718,28.1289787,17.048069,-6.88278961,58,100,61634.082,0
7600,2.96225429,12.3036718,28.1289787,17.048069,-6.88278961,59,100,61634.082,0
7600,2.96225429,12.3036718,28.1289787,17.048069,-6.88278961,60,100,61634.082,0
7700,5.34221745,4.86702013,10.4907789,11.9014921,-18.1967907,0,0,0,54912
7700,5.34221745,4.86702013,10.4907789,11.9014921,-18.1967907,1,4.56604481,2720.15332,52202.0586
7700,5.34221745,4.86702013,10.4907789,11.9014921,-18.1967907,2,9.10138988,5440.30762,49551.8516
7700,5.34221745,4.86702013,10.4907789,11.9014921,-18.1967907,3,13.4960279,8161.13721,47073.4883
7700,5.34221745,4.86702013,10.4907789,11.9014921,-18.1967907,4,17.7682858,10946.6582,44709.2656
7700,5.34221745,4.86702013,10.4907789,11.9014921,-18.1967907,5,23.5636406,14488.043,41305.7617
7700,5.34221745,4.86702013,10.4907789,11.9014921,-18.1967907,6,28.3493023,17467.9238,38466.7422
7700,5.34221745,4.86702013,10.4907789,11.9014921,-18.1967907,7,32.6797562,20226.8008,35875.6562
7700,5.34221745,4.86702013,10.4907789,11.9014921,-18.1967907,8,36.7278023,22865.7949,33318.7461
7700,5.34221745,4.86702013,10.4907789,11.9014921,-18.1967907,9,38.2956734,24200.6641,31988.2812
7700,5.34221745,4.86702013,10.4907789,11.9014921,-18.1967907,10,39.8799973,25547.0254,30641.9453
7700,5.34221745,4.86702013,10.4907789,11.9014921,-18.1967907,11,40.8639679,26383.1914,29805.7793
7700,5.34221745,4.86702013,10.4907789,11.9014921,-18.1967907,12,41.8479309,27219.3535,28969.6172
7700,5.34221745,4.86702013,10.4907789,11.9014921,-18.1967907,13,42.8318939,28055.5137,28133.457
7700,5.34221745,4.86702013,10.4907789,11.9014921,-18.1967907,14,42.8571434,28076.9707,28112
7700,5.34221745,4.86702013,10.4907789,11.9014921,-18.1967907,15,45.6414604,29452.5195,26740.2402
7700,5.34221745,4.86702013,10.4907789,11.9014921,-18.1967907,16,48.4159241,30828.0703,25386.5176
7700,5.34221745,4.86702013,10.4907789,11.9014921,-18.1967907,17,51.1424217,32203.6426,24089.4414
7700,5.34221745,4.86702013,10.4907789,11.9014921,-18.1967907,18,53.7613602,33581.8906,22886.5117
7700,5.34221745,4.86702013,10.4907789,11.9014921,-18.1967907,19,56.4307594,35026.3398,21681.6895
7700,5.34221745,4.86702013,10.4907789,11.9014921,-18.1967907,20,59.9426765,36798.1211,20074.748
7700,5.34221745,4.86702013,10.4907789,11.9014921,-18.1967907,21,63.0362129,38481.2305,18423.6602
7700,5.34221745,4.86702013,10.4907789,11.9014921,-18.1967907,22,66.571434,40456.0859,16449.0527
7700,5.34221745,4.86702013,10.4907789,11.9014921,-18.1967907,23,69.1713486,41810.7578,15094.3818
7700,5.34221745,4.86702013,10.4907789,11.9014921,-18.1967907,24,70.3517075,42613.125,14292.0137
7700,5.34221745,4.86702013,10.4907789,11.9014921,-18.1967907,25,71.4285736,43345.1406,13560
7700,5.34221745,4.86702013,10.4907789,11.9014921,-18.1967907,26,72.2537384,43882.3633,13023.4248
7700,5.34221745,4.86702013,10.4907789,11.9014921,-18.1967907,27,73.0785294,44419.5859,12488.3525
7700,5.34221745,4.86702013,10.4907789,11.9014921,-18.1967907,28,73.9018936,44956.8086,11957.2109
7700,5.34221745,4.86702013,10.4907789,11.9014921,-18.1967907,29,74.7211456,45494.0312,11434.6514
7700,5.34221745,4.86702013,10.4907789,11.9014921,-18.1967907,30,75.5310364,46031.2578,10927.5498
7700,5.34221745,4.86702013,10.4907789,11.9014921,-18.1967907,31,76.3240204,46568.5391,10443.0039
7700,5.34221745,4.86702013,10.4907789,11.9014921,-18.1967907,32,77.0937347,47106.5586,9983.65918
7700,5.34221745,4.86702013,10.4907789,11.9014921,-18.1967907,33,77.8453293,47650.5039,9539.72754
7700,5.34221745,4.86702013,10.4907789,11.9014921,-18.1967907,34,78.618988,48224.1289,9074.44727
7700,5.34221745,4.86702013,10.4907789,11.9014921,-18.1967907,35,79.5527267,48887.7031,8463.61133
7700,5.34221745,4.86702013,10.4907789,11.9014921,-18.1967907,36,80.7465363,49706.125,7651.27246
7700,5.34221745,4.86702013,10.4907789,11.9014921,-18.1967907,37,82.121109,50644.6094,6712.95312
7700,5.34221745,4.86702013,10.4907789,11.9014921,-18.1967907,38,82.947464,51208.7383,6148.82471
7700,5.34221745,4.86702013,10.4907789,11.9014921,-18.1967907,39,83.7344055,51745.9609,5611.60205
7700,5.34221745,4.86702013,10.4907789,11.9014921,-18.1967907,40,84.5213547,52283.1836,5074.37939
7700,5.34221745,4.86702013,10.4907789,11.9014921,-18.1967907,41,85.3082962,52820.4062,4537.15723
7700,5.34221745,4.86702013,10.4907789,11.9014921,-18.1967907,42,85.7142868,53097.5625,4260
7700,5.34221745,4.86702013,10.4907789,11.9014921,-18.1967907,43,87.2610016,53558.9688,3800.19824
7700,5.34221745,4.86702013,10.4907789,11.9014921,-18.1967907,44,88.800293,54020.3711,3349.05273
7700,5.34221745,4.86702013,10.4907789,11.9014921,-18.1967907,45,90.3031693,54481.7969,2925.03979
7700,5.34221745,4.86702013,10.4907789,11.9014921,-18.1967907,46,91.7312164,54945.3008,2539.25928
7700,5.34221745,4.86702013,10.4907789,11.9014921,-18.1967907,47,93.2601089,55459.2266,2109.42603
7700,5.34221745,4.86702013,10.4907789,11.9014921,-18.1967907,48,95.6082611,56195.8281,1375.25708
7700,5.34221745,4.86702013,10.4907789,11.9014921,-18.1967907,49,97.1072998,56665.2461,905.838318
7700,5.34221745,4.86702013,10.4907789,11.9014921,-18.1967907,50,98.5807495,57126.6523,444.433472
7700,5.34221745,4.86702013,10.4907789,11.9014921,-18.1967907,51,100,57571.0859,0
7700,5.34221745,4.86702013,10.4907789,11.9014921,-18.1967907,52,100,57571.0859,0
7700,5.34221745,4.86702013,10.4907789,11.9014921,-18.1967907,53,100,57571.0859,0
7700,5.34221745,4.86702013,10.4907789,11.9014921,-18.1967907,54,100,57571.0859,0
7700,5.34221745,4.86702013,10.4907789,11.9014921,-18.1967907,55,100,57571.0859,0
7700,5.34221745,4.86702013,10.4907789,11.9014921,-18.1967907,56,100,57571.0859,0
7700,5.34221745,4.86702013,10.4907789,11.9014921,-18.1967907,57,100,57571.0859,0
7700,5.34221745,4.86702013,10.4907789,11.9014921,-18.1967907,58,100,57571.0859,0
7700,5.34221745,4.86702013,10.4907789,11.9014921,-18.1967907,59,100,57571.0859,0
7700,5.34221745,4.86702013,10.4907789,11.9014921,-18.1967907,60,100,57571.0859,0
7800,28.4971008,22.744648,11.3028212,22.3737698,2.46057844,0,0,0,54912
7800,28.4971008,22.744648,11.3028212,22.3737698,2.46057844,1,4.71615553,2814.4895,52145.2383
7800,28.4971008,22.744648,11.3028212,22.3737698,2.46057844,2,9.28664875,5628.97998,49657.6289
7800,28.4971008,22.744648,11.3028212,22.3737698,2.46057844,3,13.2308111,8444.01953,47975.6758
7800,28.4971008,22.744648,11.3028212,22.3737698,2.46057844,4,16.3672085,11311.709,47076.8086
7800,28.4971008,22.744648,11.3028212,22.3737698,2.46057844,5,21.1098633,14794.5605,44238.2969
7800,28.4971008,22.744648,11.3028212,22.3737698,2.46057844,6,25.1295834,17820.4297,41870.7109
7800,28.4971008,22.744648,11.3028212,22.3737698,2.46057844,7,28.7330284,20666.4355,39808.832
7800,28.4971008,22.744648,11.3028212,22.3737698,2.46057844,8,32.5944786,23640.9766,37217.8828
7800,28.4971008,22.744648,11.3028212,22.3737698,2.46057844,9,36.8621292,26861.3438,34018.1016
7800,28.4971008,22.744648,11.3028212,22.3737698,2.46057844,10,38.2998543,28238.8008,32640.7598
7800,28.4971008,22.744648,11.3028212,22.3737698,2.46057844,11,39.1704674,29103.9648,31775.5977
7800,28.4971008,22.744648,11.3028212,22.3737698,2.46057844,12,40.0410767,29969.123,30910.4375
7800,28.4971008,22.744648,11.3028212,22.3737698,2.46057844,13,40.9116859,30834.2832,30045.2773
7800,28.4971008,22.744648,11.3028212,22.3737698,2.46057844,14,41.7822952,31699.4434,29180.1191
7800,28.4971008,22.744648,11.3028212,22.3737698,2.46057844,15,44.2510567,33157.6602,27731.2051
7800,28.4971008,22.744648,11.3028212,22.3737698,2.46057844,16,46.0179329,33953.6797,26994.7441
7800,28.4971008,22.744648,11.3028212,22.3737698,2.46057844,17,48.6933899,35376.9531,25797.0488
7800,28.4971008,22.744648,11.3028212,22.3737698,2.46057844,18,51.0305443,36802.332,24865.3398
7800,28.4971008,22.744648,11.3028212,22.3737698,2.46057844,19,53.2387962,38278.6875,24026.8281
7800,28.4971008,22.744648,11.3028212,22.3737698,2.46057844,20,56.1960869,39980.2422,22707.4727
7800,28.4971008,22.744648,11.3028212,22.3737698,2.46057844,21,58.3573418,41414.5703,21904.7852
7800,28.4971008,22.744648,11.3028212,22.3737698,2.46057844,22,60.3857079,42882.0742,21193.4941
7800,28.4971008,22.744648,11.3028212,22.3737698,2.46057844,23,62.9463844,44547.5352,19677.6855
7800,28.4971008,22.744648,11.3028212,22.3737698,2.46057844,24,65.8990479,46458.5352,17767.8438
7800,28.4971008,22.744648,11.3028212,22.3737698,2.46057844,25,67.5099335,47548.293,16678.0879
7800,28.4971008,22.744648,11.3028212,22.3737698,2.46057844,26,68.5532761,48378.4883,15847.8945
7800,28.4971008,22.744648,11.3028212,22.3737698,2.46057844,27,69.5966187,49208.6797,15017.7002
7800,28.4971008,22.744648,11.3028212,22.3737698,2.46057844,28,70.6399612,50038.875,14187.5059
7800,28.4971008,22.744648,11.3028212,22.3737698,2.46057844,29,71.4285736,50666.3789,13560
7800,28.4971008,22.744648,11.3028212,22.3737698,2.46057844,30,72.2821426,51222.2344,13007.1719
7800,28.4971008,22.744648,11.3028212,22.3737698,2.46057844,31,73.1338654,51778.0898,12461.3643
7800,28.4971008,22.744648,11.3028212,22.3737698,2.46057844,32,73.9787292,52333.9414,11933.9326
7800,28.4971008,22.744648,11.3028212,22.3737698,2.46057844,33,74.8040237,52889.7969,11446.6016
7800,28.4971008,22.744648,11.3028212,22.3737698,2.46057844,34,75.585701,53445.6523,11031.5205
7800,28.4971008,22.744648,11.3028212,22.3737698,2.46057844,35,76.2917099,54001.5547,10722.0693
7800,28.4971008,22.744648,11.3028212,22.3737698,2.46057844,36,76.8979187,54558.0547,10533.2305
7800,28.4971008,22.744648,11.3028212,22.3737698,2.46057844,37,77.4116898,55119.3828,10439.2939
7800,28.4971008,22.744648,11.3028212,22.3737698,2.46057844,38,77.890625,55704.8633,10360.1328
7800,28.4971008,22.744648,11.3028212,22.3737698,2.46057844,39,78.57724,56363.5469,9947.90039
7800,28.4971008,22.744648,11.3028212,22.3737698,2.46057844,40,79.5416183,57148.2539,9191.61426
7800,28.4971008,22.744648,11.3028212,22.3737698,2.46057844,41,80.6454773,58030.6758,8309.96777
7800,28.4971008,22.744648,11.3028212,22.3737698,2.46057844,42,81.3685684,58608.4297,7732.2207
7800,28.4971008,22.744648,11.3028212,22.3737698,2.46057844,43,82.0642624,59164.2852,7176.3667
7800,28.4971008,22.744648,11.3028212,22.3737698,2.46057844,44,82.7599487,59720.1367,6620.51318
7800,28.4971008,22.744648,11.3028212,22.3737698,2.46057844,45,83.4556351,60275.9922,6064.65967
7800,28.4971008,22.744648,11.3028212,22.3737698,2.46057844,46,84.1513214,60831.8438,5508.80566
7800,28.4971008,22.744648,11.3028212,22.3737698,2.46057844,47,84.8470078,61387.6992,4952.95215
7800,28.4971008,22.744648,11.3028212,22.3737698,2.46057844,48,85.5427017,61943.5508,4397.09863
7800,28.4971008,22.744648,11.3028212,22.3737698,2.46057844,49,85.7142868,62080.6484,4260
7800,28.4971008,22.744648,11.3028212,22.3737698,2.46057844,50,87.312439,62558.0586,3790.08496
7800,28.4971008,22.744648,11.3028212,22.3737698,2.46057844,51,88.8750763,63035.4648,3360.62207
7800,28.4971008,22.744648,11.3028212,22.3737698,2.46057844,52,90.2709274,63512.8828,3058.0249
7800,28.4971008,22.744648,11.3028212,22.3737698,2.46057844,53,91.3401413,63992,2942.13574
7800,28.4971008,22.744648,11.3028212,22.3737698,2.46057844,54,92.3350677,64512.1523,2814.97168
7800,28.4971008,22.744648,11.3028212,22.3737698,2.46057844,55,94.2264252,65213.5273,2124.95605
7800,28.4971008,22.744648,11.3028212,22.3737698,2.46057844,56,95.5412674,65697.4531,1641.02893
7800,28.4971008,22.744648,11.3028212,22.3737698,2.46057844,57,96.8384018,66174.8672,1163.62231
7800,28.4971008,22.744648,11.3028212,22.3737698,2.46057844,58,98.1355286,66652.2734,686.215759
7800,28.4971008,22.744648,11.3028212,22.3737698,2.46057844,59,99.4326553,67129.6797,208.809174
7800,28.4971008,22.744648,11.3028212,22.3737698,2.46057844,60,100,67338.4844,0
7900,0.836632729,9.23389721,12.1953602,9.80505562,24.6657581,0,0,0,54912
7900,0.836632729,9.23389721,12.1953602,9.80505562,24.6657581,1,7.15011501,4261.39355,50669.9844
7900,0.836632729,9.23389721,12.1953602,9.80505562,24.6657581,2,14.209404,8522.78809,46541.2969
7900,0.836632729,9.23389721,12.1953602,9.80505562,24.6657581,3,20.8576431,12785.0049,42739.0898
7900,0.836632729,9.23389721,12.1953602,9.80505562,24.6657581,4,26.9782391,17126.0039,39197.3945
7900,0.836632729,9.23389721,12.1953602,9.80505562,24.6657581,5,35.1592369,22387.5059,34197.4844
7900,0.836632729,9.23389721,12.1953602,9.80505562,24.6657581,6,37.8109207,24445.0059,32407.2344
7900,0.836632729,9.23389721,12.1953602,9.80505562,24.6657581,7,39.128891,25802.0957,31368.4863
7900,0.836632729,9.23389721,12.1953602,9.80505562,24.6657581,8,40.7507782,27351.5195,29974.793
7900,0.836632729,9.23389721,12.1953602,9.80505562,24.6657581,9,42.8571434,29222.6699,28112
7900,0.836632729,9.23389721,12.1953602,9.80505562,24.6657581,10,42.8571434,29222.6699,28112
7900,0.836632729,9.23389721,12.1953602,9.80505562,24.6657581,11,42.8571434,29222.6699,28112
7900,0.836632729,9.23389721,12.1953602,9.80505562,24.6657581,12,42.8571434,29222.6699,28112
7900,0.836632729,9.23389721,12.1953602,9.80505562,24.6657581,13,44.7956314,30479.6602,26858.4199
7900,0.836632729,9.23389721,12.1953602,9.80505562,24.6657581,14,46.7269173,31736.6484,25618.6641
7900,0.836632729,9.23389721,12.1953602,9.80505562,24.6657581,15,51.0463219,33891.5859,23528.2617
7900,0.836632729,9.23389721,12.1953602,9.80505562,24.6657581,16,55.2479744,36046.6328,21546.8301
7900,0.836632729,9.23389721,12.1953602,9.80505562,24.6657581,17,59.1910439,38206.0469,19732.0215
7900,0.836632729,9.23389721,12.1953602,9.80505562,24.6657581,18,62.8588791,40430.3711,17997.8887
7900,0.836632729,9.23389721,12.1953602,9.80505562,24.6657581,19,67.1783752,43027.1953,15660.0186
7900,0.836632729,9.23389721,12.1953602,9.80505562,24.6657581,20,71.4285736,45133.4141,13560
7900,0.836632729,9.23389721,12.1953602,9.80505562,24.6657581,21,71.4285736,45133.4141,13560
7900,0.836632729,9.23389721,12.1953602,9.80505562,24.6657581,22,71.4285736,45133.4141,13560
7900,0.836632729,9.23389721,12.1953602,9.80505562,24.6657581,23,72.721199,45975.0273,12719.6152
7900,0.836632729,9.23389721,12.1953602,9.80505562,24.6657581,24,74.0126953,46816.6406,11882.0811
7900,0.836632729,9.23389721,12.1953602,9.80505562,24.6657581,25,75.2999573,47658.2539,11052.0068
7900,0.836632729,9.23389721,12.1953602,9.80505562,24.6657581,26,76.575058,48499.8672,10238.2119
7900,0.836632729,9.23389721,12.1953602,9.80505562,24.6657581,27,77.8225784,49341.4844,9453.74805
7900,0.836632729,9.23389721,12.1953602,9.80505562,24.6657581,28,79.0206909,50183.168,8712.11523
7900,0.836632729,9.23389721,12.1953602,9.80505562,24.6657581,29,80.1504745,51025.7539,8018.79639
7900,0.836632729,9.23389721,12.1953602,9.80505562,24.6657581,30,81.2159271,51875.5547,7358.74609
7900,0.836632729,9.23389721,12.1953602,9.80505562,24.6657581,31,82.2754593,52761.5,6678.35791
7900,0.836632729,9.23389721,12.1953602,9.80505562,24.6657581,32,83.5700836,53756.9844,5782.92773
7900,0.836632729,9.23389721,12.1953602,9.80505562,24.6657581,33,85.2214966,54941.043,4610.40576
7900,0.836632729,9.23389721,12.1953602,9.80505562,24.6657581,34,85.7142868,55429.707,4260
7900,0.836632729,9.23389721,12.1953602,9.80505562,24.6657581,35,85.7142868,55429.707,4260
7900,0.836632729,9.23389721,12.1953602,9.80505562,24.6657581,36,85.7142868,55429.707,4260
7900,0.836632729,9.23389721,12.1953602,9.80505562,24.6657581,37,85.7142868,55429.707,4260
7900,0.836632729,9.23389721,12.1953602,9.80505562,24.6657581,38,88.1365585,56152.5469,3540.20435
7900,0.836632729,9.23389721,12.1953602,9.80505562,24.6657581,39,90.5368118,56875.3828,2836.83154
7900,0.836632729,9.23389721,12.1953602,9.80505562,24.6657581,40,92.8302078,57598.2422,2184.94824
7900,0.836632729,9.23389721,12.1953602,9.80505562,24.6657581,41,94.8994293,58323.6367,1607.01575
7900,0.836632729,9.23389721,12.1953602,9.80505562,24.6657581,42,96.9967499,59110.4375,979.76239
7900,0.836632729,9.23389721,12.1953602,9.80505562,24.6657581,43,100,60094.8086,0
7900,0.836632729,9.23389721,12.1953602,9.80505562,24.6657581,44,100,60094.8086,0
7900,0.836632729,9.23389721,12.1953602,9.80505562,24.6657581,45,100,60094.8086,0
7900,0.836632729,9.23389721,12.1953602,9.80505562,24.6657581,46,100,60094.8086,0
7900,0.836632729,9.23389721,12.1953602,9.80505562,24.6657581,47,100,60094.8086,0
7900,0.836632729,9.23389721,12.1953602,9.80505562,24.6657581,48,100,60094.8086,0
7900,0.836632729,9.23389721,12.1953602,9.80505562,24.6657581,49,100,60094.8086,0
7900,0.836632729,9.23389721,12.1953602,9.80505562,24.6657581,50,100,60094.8086,0
7900,0.836632729,9.23389721,12.1953602,9.80505562,24.6657581,51,100,60094.8086,0
7900,0.836632729,9.23389721,12.1953602,9.80505562,24.6657581,52,100,60094.8086,0
7900,0.836632729,9.23389721,12.1953602,9.80505562,24.6657581,53,100,60094.8086,0
7900,0.836632729,9.23389721,12.1953602,9.80505562,24.6657581,54,100,60094.8086,0
7900,0.836632729,9.23389721,12.1953602,9.80505562,24.6657581,55,100,60094.8086,0
7900,0.836632729,9.23389721,12.1953602,9.80505562,24.6657581,56,100,60094.8086,0
7900,0.836632729,9.23389721,12.1953602,9.80505562,24.6657581,57,100,60094.8086,0
7900,0.836632729,9.23389721,12.1953602,9.80505562,24.6657581,58,100,60094.8086,0
7900,0.836632729,9.23389721,12.1953602,9.80505562,24.6657581,59,100,60094.8086,0
7900,0.836632729,9.23389721,12.1953602,9.80505562,24.6657581,60,100,60094.8086,0
8000,15.8503513,28.8967075,13.0665836,23.3054523,-12.5186758,0,0,0,54912
8000,15.8503513,28.8967075,13.0665836,23.3054523,-12.5186758,1,4.77209091,2849.57959,52123.0586
8000,15.8503513,28.8967075,13.0665836,23.3054523,-12.5186758,2,9.35801888,5699.16016,49688.7734
8000,15.8503513,28.8967075,13.0665836,23.3054523,-12.5186758,3,13.162075,8549.48828,48278.0117
8000,15.8503513,28.8967075,13.0665836,23.3054523,-12.5186758,4,16.0203876,11471.4473,47857.4102
8000,15.8503513,28.8967075,13.0665836,23.3054523,-12.5186758,5,20.8988438,15230.3447,44917.1406
8000,15.8503513,28.8967075,13.0665836,23.3054523,-12.5186758,6,24.8372002,18367.5098,42616.3125
8000,15.8503513,28.8967075,13.0665836,23.3054523,-12.5186758,7,28.2560291,21259.9668,40720.0781
8000,15.8503513,28.8967075,13.0665836,23.3054523,-12.5186758,8,32.0003548,24327.2988,38140.0898
8000,15.8503513,28.8967075,13.0665836,23.3054523,-12.5186758,9,36.2520981,27729.082,34764.4609
8000,15.8503513,28.8967075,13.0665836,23.3054523,-12.5186758,10,38.2923889,29619.3906,32874.2969
8000,15.8503513,28.8967075,13.0665836,23.3054523,-12.5186758,11,39.1320038,30495.3438,31998.3477
8000,15.8503513,28.8967075,13.0665836,23.3054523,-12.5186758,12,39.9716148,31371.2891,31122.4004
8000,15.8503513,28.8967075,13.0665836,23.3054523,-12.5186758,13,40.8112259,32247.2344,30246.4551
8000,15.8503513,28.8967075,13.0665836,23.3054523,-12.5186758,14,41.6508369,33123.1797,29370.5098
8000,15.8503513,28.8967075,13.0665836,23.3054523,-12.5186758,15,44.1077576,34599.582,27905.9336
8000,15.8503513,28.8967075,13.0665836,23.3054523,-12.5186758,16,46.0462608,35582.5977,26998.584
8000,15.8503513,28.8967075,13.0665836,23.3054523,-12.5186758,17,48.7027359,37023.6211,25844.1504
8000,15.8503513,28.8967075,13.0665836,23.3054523,-12.5186758,18,50.9479904,38467.5117,25027.4609
8000,15.8503513,28.8967075,13.0665836,23.3054523,-12.5186758,19,53.0622139,39980.7539,24324.5879
8000,15.8503513,28.8967075,13.0665836,23.3054523,-12.5186758,20,56.1077995,41800.3828,22990.5352
8000,15.8503513,28.8967075,13.0665836,23.3054523,-12.5186758,21,58.1406212,43256.4531,22336.959
8000,15.8503513,28.8967075,13.0665836,23.3054523,-12.5186758,22,60.0295296,44757.6484,21796.5137
8000,15.8503513,28.8967075,13.0665836,23.3054523,-12.5186758,23,62.5801926,46528.1758,20216.1191
8000,15.8503513,28.8967075,13.0665836,23.3054523,-12.5186758,24,65.6284943,48632.7617,18113.0059
8000,15.8503513,28.8967075,13.0665836,23.3054523,-12.5186758,25,67.4618225,49871.1289,16874.6406
8000,15.8503513,28.8967075,13.0665836,23.3054523,-12.5186758,26,68.4677353,50711.6758,16034.0957
8000,15.8503513,28.8967075,13.0665836,23.3054523,-12.5186758,27,69.4736404,51552.2188,15193.5508
8000,15.8503513,28.8967075,13.0665836,23.3054523,-12.5186758,28,70.4795532,52392.7656,14353.0059
8000,15.8503513,28.8967075,13.0665836,23.3054523,-12.5186758,29,71.4285736,53185.7695,13560
8000,15.8503513,28.8967075,13.0665836,23.3054523,-12.5186758,30,72.2927094,53748.5547,13001.0605
8000,15.8503513,28.8967075,13.0665836,23.3054523,-12.5186758,31,73.1544724,54311.3359,12451.04
8000,15.8503513,28.8967075,13.0665836,23.3054523,-12.5186758,32,74.0074234,54874.1211,11924.3652
8000,15.8503513,28.8967075,13.0665836,23.3054523,-12.5186758,33,74.8353348,55436.9062,11448.6387
8000,15.8503513,28.8967075,13.0665836,23.3054523,-12.5186758,34,75.6078491,55999.6914,11064.7041
8000,15.8503513,28.8967075,13.0665836,23.3054523,-12.5186758,35,76.2856903,56562.543,10814.9658
8000,15.8503513,28.8967075,13.0665836,23.3054523,-12.5186758,36,76.8418655,57126.2109,10718.4092
8000,15.8503513,28.8967075,13.0665836,23.3054523,-12.5186758,37,77.2904968,57696.4375,10741.9922
8000,15.8503513,28.8967075,13.0665836,23.3054523,-12.5186758,38,77.7068558,58299.5273,10782.1709
8000,15.8503513,28.8967075,13.0665836,23.3054523,-12.5186758,39,78.3824387,59002.2148,10392.5967
8000,15.8503513,28.8967075,13.0665836,23.3054523,-12.5186758,40,79.4034271,59876.3594,9554.5625
8000,15.8503513,28.8967075,13.0665836,23.3054523,-12.5186758,41,80.6030655,60883.4453,8548.46289
8000,15.8503513,28.8967075,13.0665836,23.3054523,-12.5186758,42,81.3093262,61476.0234,7955.8916
8000,15.8503513,28.8967075,13.0665836,23.3054523,-12.5186758,43,81.9800873,62038.8086,7393.10791
8000,15.8503513,28.8967075,13.0665836,23.3054523,-12.5186758,44,82.6508408,62601.5898,6830.32422
8000,15.8503513,28.8967075,13.0665836,23.3054523,-12.5186758,45,83.3215942,63164.375,6267.54004
8000,15.8503513,28.8967075,13.0665836,23.3054523,-12.5186758,46,83.9923477,63727.1602,5704.75635
8000,15.8503513,28.8967075,13.0665836,23.3054523,-12.5186758,47,84.6631012,64289.9414,5141.97266
8000,15.8503513,28.8967075,13.0665836,23.3054523,-12.5186758,48,85.3338623,64852.7266,4579.18848
8000,15.8503513,28.8967075,13.0665836,23.3054523,-12.5186758,49,85.7142868,65171.9141,4260
8000,15.8503513,28.8967075,13.0665836,23.3054523,-12.5186758,50,87.3315964,65655.2734,3786.15918
8000,15.8503513,28.8967075,13.0665836,23.3054523,-12.5186758,51,88.9034042,66138.6328,3363.71216
8000,15.8503513,28.8967075,13.0665836,23.3054523,-12.5186758,52,90.2646332,66622.0078,3102.44482
8000,15.8503513,28.8967075,13.0665836,23.3054523,-12.5186758,53,91.2296295,67107.6953,3078.23389
8000,15.8503513,28.8967075,13.0665836,23.3054523,-12.5186758,54,92.1332932,67649.2109,3036.00439
8000,15.8503513,28.8967075,13.0665836,23.3054523,-12.5186758,55,94.1532059,68437.2812,2262.36475
8000,15.8503513,28.8967075,13.0665836,23.3054523,-12.5186758,56,95.4253159,68929.5156,1770.13464
8000,15.8503513,28.8967075,13.0665836,23.3054523,-12.5186758,57,96.6744919,69412.875,1286.77588
8000,15.8503513,28.8967075,13.0665836,23.3054523,-12.5186758,58,97.9236755,69896.2344,803.417236
8000,15.8503513,28.8967075,13.0665836,23.3054523,-12.5186758,59,99.1728516,70379.5938,320.058502
8000,15.8503513,28.8967075,13.0665836,23.3054523,-12.5186758,60,100,70699.6484,0
8100,18.0666924,6.69859743,21.0883408,15.917552,-6.50778389,0,0,0,54912
8100,18.0666924,6.69859743,21.0883408,15.917552,-6.50778389,1,4.678267,2787.50708,52138.5508
8100,18.0666924,6.69859743,21.0883408,15.917552,-6.50778389,2,9.31332016,5575.01562,49447.3125
8100,18.0666924,6.69859743,21.0883408,15.917552,-6.50778389,3,13.7521973,8363.69922,46992.3359
8100,18.0666924,6.69859743,21.0883408,15.917552,-6.50778389,4,18.06283,11264.9443,44670.9375
8100,18.0666924,6.69859743,21.0883408,15.917552,-6.50778389,5,24.9230671,15481.3584,40644.2891
8100,18.0666924,6.69859743,21.0883408,15.917552,-6.50778389,6,30.055769,18720.7793,37598.7383
8100,18.0666924,6.69859743,21.0883408,15.917552,-6.50778389,7,34.4230728,21575.666,34974.7891
8100,18.0666924,6.69859743,21.0883408,15.917552,-6.50778389,8,36.9863701,23478.4316,33184.9961
8100,18.0666924,6.69859743,21.0883408,15.917552,-6.50778389,9,38.977066,25203.0312,31466.459
8100,18.0666924,6.69859743,21.0883408,15.917552,-6.50778389,10,40.9949875,26947.623,29721.9023
8100,18.0666924,6.69859743,21.0883408,15.917552,-6.50778389,11,41.9861259,27804.498,28865.0273
8100,18.0666924,6.69859743,21.0883408,15.917552,-6.50778389,12,42.8571434,28557.5254,28112
8100,18.0666924,6.69859743,21.0883408,15.917552,-6.50778389,13,44.1252937,29379.7598,27292.2383
8100,18.0666924,6.69859743,21.0883408,15.917552,-6.50778389,14,45.3900261,30201.9961,26482.5059
8100,18.0666924,6.69859743,21.0883408,15.917552,-6.50778389,15,48.2232933,31611.6074,25119.7109
8100,18.0666924,6.69859743,21.0883408,15.917552,-6.50778389,16,51.0003357,33021.375,23835.8906
8100,18.0666924,6.69859743,21.0883408,15.917552,-6.50778389,17,53.6584702,34437.3789,22669.873
8100,18.0666924,6.69859743,21.0883408,15.917552,-6.50778389,18,56.2734451,35946.1289,21516.7285
8100,18.0666924,6.69859743,21.0883408,15.917552,-6.50778389,19,59.7944031,37987.0859,19663.625
8100,18.0666924,6.69859743,21.0883408,15.917552,-6.50778389,20,65.4702835,41034.2852,16620.9219
8100,18.0666924,6.69859743,21.0883408,15.917552,-6.50778389,21,68.1866455,42461.5742,15193.6328
8100,18.0666924,6.69859743,21.0883408,15.917552,-6.50778389,22,70.8532562,43867.3867,13787.8213
8100,18.0666924,6.69859743,21.0883408,15.917552,-6.50778389,23,71.4285736,44095.207,13560
8100,18.0666924,6.69859743,21.0883408,15.917552,-6.50778389,24,72.274147,44645.7305,13010.3662
8100,18.0666924,6.69859743,21.0883408,15.917552,-6.50778389,25,73.119194,45196.2578,12462.8008
8100,18.0666924,6.69859743,21.0883408,15.917552,-6.50778389,26,73.9622192,45746.7812,11920.6465
8100,18.0666924,6.69859743,21.0883408,15.917552,-6.50778389,27,74.799469,46297.3047,11390.3018
8100,18.0666924,6.69859743,21.0883408,15.917552,-6.50778389,28,75.6235657,46847.8359,10881.2324
8100,18.0666924,6.69859743,21.0883408,15.917552,-6.50778389,29,76.4240417,47398.4648,10403.1855
8100,18.0666924,6.69859743,21.0883408,15.917552,-6.50778389,30,77.1926117,47950.375,9959.55664
8100,18.0666924,6.69859743,21.0883408,15.917552,-6.50778389,31,77.9394226,48512.6016,9534.98438
8100,18.0666924,6.69859743,21.0883408,15.917552,-6.50778389,32,78.731842,49126.4648,9070.24023
8100,18.0666924,6.69859743,21.0883408,15.917552,-6.50778389,33,79.7884369,49896.832,8372.45312
8100,18.0666924,6.69859743,21.0883408,15.917552,-6.50778389,34,81.2784195,50936.6328,7341.02588
8100,18.0666924,6.69859743,21.0883408,15.917552,-6.50778389,35,83.0759583,52185.3359,6092.5498
8100,18.0666924,6.69859743,21.0883408,15.917552,-6.50778389,36,83.9359512,52782.6797,5495.20898
8100,18.0666924,6.69859743,21.0883408,15.917552,-6.50778389,37,84.7285461,53333.2031,4944.68457
8100,18.0666924,6.69859743,21.0883408,15.917552,-6.50778389,38,85.5211334,53883.7266,4394.15967
8100,18.0666924,6.69859743,21.0883408,15.917552,-6.50778389,39,85.7142868,54017.8867,4260
8100,18.0666924,6.69859743,21.0883408,15.917552,-6.50778389,40,87.2990799,54490.7188,3789.37671
8100,18.0666924,6.69859743,21.0883408,15.917552,-6.50778389,41,88.8734055,54963.5469,3330.66699
8100,18.0666924,6.69859743,21.0883408,15.917552,-6.50778389,42,90.3966904,55436.4062,2909.29443
8100,18.0666924,6.69859743,21.0883408,15.917552,-6.50778389,43,91.818634,55912.8945,2539.78418
8100,18.0666924,6.69859743,21.0883408,15.917552,-6.50778389,44,93.4346466,56477.1094,2091.30859
8100,18.0666924,6.69859743,21.0883408,15.917552,-6.50778389,45,96.4143677,57428.7656,1142.99683
8100,18.0666924,6.69859743,21.0883408,15.917552,-6.50778389,46,97.9413986,57915.5391,656.223083
8100,18.0666924,6.69859743,21.0883408,15.917552,-6.50778389,47,99.4246902,58388.3711,183.393402
8100,18.0666924,6.69859743,21.0883408,15.917552,-6.50778389,48,100,58571.7617,0
8100,18.0666924,6.69859743,21.0883408,15.917552,-6.50778389,49,100,58571.7617,0
8100,18.0666924,6.69859743,21.0883408,15.917552,-6.50778389,50,100,58571.7617,0
8100,18.0666924,6.69859743,21.0883408,15.917552,-6.50778389,51,100,58571.7617,0
8100,18.0666924,6.69859743,21.0883408,15.917552,-6.50778389,52,100,58571.7617,0
8100,18.0666924,6.69859743,21.0883408,15.917552,-6.50778389,53,100,58571.7617,0
8100,18.0666924,6.69859743,21.0883408,15.917552,-6.50778389,54,100,58571.7617,0
8100,18.0666924,6.69859743,21.0883408,15.917552,-6.50778389,55,100,58571.7617,0
8100,18.0666924,6.69859743,21.0883408,15.917552,-6.50778389,56,100,58571.7617,0
8100,18.0666924,6.69859743,21.0883408,15.917552,-6.50778389,57,100,58571.7617,0
8100,18.0666924,6.69859743,21.0883408,15.917552,-6.50778389,58,100,58571.7617,0
8100,18.0666924,6.69859743,21.0883408,15.917552,-6.50778389,59,100,58571.7617,0
8100,18.0666924,6.69859743,21.0883408,15.917552,-6.50778389,60,100,58571.7617,0
8200,25.3854141,3.51322842,21.4856319,16.8028259,-3.25783587,0,0,0,54912
8200,25.3854141,3.51322842,21.4856319,16.8028259,-3.25783587,1,4.44352865,2646.81592,52272.5547
8200,25.3854141,3.51322842,21.4856319,16.8028259,-3.25783587,2,8.86546516,5293.6333,49676.2305
8200,25.3854141,3.51322842,21.4856319,16.8028259,-3.25783587,3,13.1890125,7941.54053,47203.3438
8200,25.3854141,3.51322842,21.4856319,16.8028259,-3.25783587,4,17.5313587,10693.8857,44755.1094
8200,25.3854141,3.51322842,21.4856319,16.8028259,-3.25783587,5,24.2086468,14666.4863,40882.0391
8200,25.3854141,3.51322842,21.4856319,16.8028259,-3.25783587,6,29.2364502,17732.6016,37917.6016
8200,25.3854141,3.51322842,21.4856319,16.8028259,-3.25783587,7,33.5543365,20441.9336,35329.3906
8200,25.3854141,3.51322842,21.4856319,16.8028259,-3.25783587,8,36.7933006,22633.0469,33197.5273
8200,25.3854141,3.51322842,21.4856319,16.8028259,-3.25783587,9,38.7207336,24251.7754,31581.9805
8200,25.3854141,3.51322842,21.4856319,16.8028259,-3.25783587,10,40.6724434,25889.0527,29944.7207
8200,25.3854141,3.51322842,21.4856319,16.8028259,-3.25783587,11,41.6423264,26702.6777,29131.0938
8200,25.3854141,3.51322842,21.4856319,16.8028259,-3.25783587,12,42.6122017,27516.2949,28317.4766
8200,25.3854141,3.51322842,21.4856319,16.8028259,-3.25783587,13,42.8571434,27721.7734,28112
8200,25.3854141,3.51322842,21.4856319,16.8028259,-3.25783587,14,44.0614395,28502.5078,27332.5625
8200,25.3854141,3.51322842,21.4856319,16.8028259,-3.25783587,15,46.7692108,29840.9727,26002.0938
8200,25.3854141,3.51322842,21.4856319,16.8028259,-3.25783587,16,49.4636269,31179.4375,24695.9434
8200,25.3854141,3.51322842,21.4856319,16.8028259,-3.25783587,17,52.109417,32518.082,23447.7012
8200,25.3854141,3.51322842,21.4856319,16.8028259,-3.25783587,18,54.6771126,33866.6602,22266.3867
8200,25.3854141,3.51322842,21.4856319,16.8028259,-3.25783587,19,57.5492592,35398.2227,20927.0371
8200,25.3854141,3.51322842,21.4856319,16.8028259,-3.25783587,20,62.2995186,37769.0391,18581.5195
8200,25.3854141,3.51322842,21.4856319,16.8028259,-3.25783587,21,66.3997269,40091.0859,16259.6523
8200,25.3854141,3.51322842,21.4856319,16.8028259,-3.25783587,22,69.0167999,41429.8789,14920.8574
8200,25.3854141,3.51322842,21.4856319,16.8028259,-3.25783587,23,71.0768051,42554.7031,13796.0312
8200,25.3854141,3.51322842,21.4856319,16.8028259,-3.25783587,24,71.4285736,42790.7344,13560
8200,25.3854141,3.51322842,21.4856319,16.8028259,-3.25783587,25,72.2315063,43313.4766,13037.7285
8200,25.3854141,3.51322842,21.4856319,16.8028259,-3.25783587,26,73.0341797,43836.2148,12516.542
8200,25.3854141,3.51322842,21.4856319,16.8028259,-3.25783587,27,73.8358459,44358.9531,11998.1934
8200,25.3854141,3.51322842,21.4856319,16.8028259,-3.25783587,28,74.6346283,44881.6914,11486.0391
8200,25.3854141,3.51322842,21.4856319,16.8028259,-3.25783587,29,75.4268112,45404.4336,10985.04
8200,25.3854141,3.51322842,21.4856319,16.8028259,-3.25783587,30,76.2071304,45927.2695,10500.2725
8200,25.3854141,3.51322842,21.4856319,16.8028259,-3.25783587,31,76.9719162,46451.293,10033.0381
8200,25.3854141,3.51322842,21.4856319,16.8028259,-3.25783587,32,77.7317276,46984.8906,9571.63867
8200,25.3854141,3.51322842,21.4856319,16.8028259,-3.25783587,33,78.5470657,47566.3945,9068.3418
8200,25.3854141,3.51322842,21.4856319,16.8028259,-3.25783587,34,79.5978546,48293.1133,8379.69238
8200,25.3854141,3.51322842,21.4856319,16.8028259,-3.25783587,35,81.0435562,49269.8125,7407.38086
8200,25.3854141,3.51322842,21.4856319,16.8028259,-3.25783587,36,82.7804871,50440.3438,6236.96875
8200,25.3854141,3.51322842,21.4856319,16.8028259,-3.25783587,37,83.6206894,51006.5234,5670.79199
8200,25.3854141,3.51322842,21.4856319,16.8028259,-3.25783587,38,84.3964233,51529.2617,5148.05371
8200,25.3854141,3.51322842,21.4856319,16.8028259,-3.25783587,39,85.1721649,52052,4625.31494
8200,25.3854141,3.51322842,21.4856319,16.8028259,-3.25783587,40,85.7142868,52417.3164,4260
8200,25.3854141,3.51322842,21.4856319,16.8028259,-3.25783587,41,87.2194595,52866.2812,3812.19214
8200,25.3854141,3.51322842,21.4856319,16.8028259,-3.25783587,42,88.7194138,53315.2461,3370.63281
8200,25.3854141,3.51322842,21.4856319,16.8028259,-3.25783587,43,90.1937332,53764.2383,2948.64331
8200,25.3854141,3.51322842,21.4856319,16.8028259,-3.25783587,44,91.6209793,54216.5938,2552.3916
8200,25.3854141,3.51322842,21.4856319,16.8028259,-3.25783587,45,93.2678375,54750.3516,2079.33838
8200,25.3854141,3.51322842,21.4856319,16.8028259,-3.25783587,46,96.1556702,55643.5859,1187.85681
8200,25.3854141,3.51322842,21.4856319,16.8028259,-3.25783587,47,97.6505508,56105.4883,725.953979
8200,25.3854141,3.51322842,21.4856319,16.8028259,-3.25783587,48,99.1035614,56554.457,276.988953
8200,25.3854141,3.51322842,21.4856319,16.8028259,-3.25783587,49,100,56831.4453,0
8200,25.3854141,3.51322842,21.4856319,16.8028259,-3.25783587,50,100,56831.4453,0
8200,25.3854141,3.51322842,21.4856319,16.8028259,-3.25783587,51,100,56831.4453,0
8200,25.3854141,3.51322842,21.4856319,16.8028259,-3.25783587,52,100,56831.4453,0
8200,25.3854141,3.51322842,21.4856319,16.8028259,-3.25783587,53,100,56831.4453,0
8200,25.3854141,3.51322842,21.4856319,16.8028259,-3.25783587,54,100,56831.4453,0
8200,25.3854141,3.51322842,21.4856319,16.8028259,-3.25783587,55,100,56831.4453,0
8200,25.3854141,3.51322842,21.4856319,16.8028259,-3.25783587,56,100,56831.4453,0
8200,25.3854141,3.51322842,21.4856319,16.8028259,-3.25783587,57,100,56831.4453,0
8200,25.3854141,3.51322842,21.4856319,16.8028259,-3.25783587,58,100,56831.4453,0
8200,25.3854141,3.51322842,21.4856319,16.8028259,-3.25783587,59,100,56831.4453,0
8200,25.3854141,3.51322842,21.4856319,16.8028259,-3.25783587,60,100,56831.4453,0
8300,15.4535561,15.9508533,2.77997088,2.49262595,-11.7944326,0,0,0,54912
8300,15.4535561,15.9508533,2.77997088,2.49262595,-11.7944326,1,4.02338171,2399.46704,52546.0039
8300,15.4535561,15.9508533,2.77997088,2.49262595,-11.7944326,2,7.95904684,4798.93457,50375.7773
8300,15.4535561,15.9508533,2.77997088,2.49262595,-11.7944326,3,11.5071249,7198.56152,48770.7852
8300,15.4535561,15.9508533,2.77997088,2.49262595,-11.7944326,4,14.494916,9613.50098,47736.5859
8300,15.4535561,15.9508533,2.77997088,2.49262595,-11.7944326,5,18.2006512,12207.3408,45594.6211
8300,15.4535561,15.9508533,2.77997088,2.49262595,-11.7944326,6,21.680582,14668.2822,43595.3359
8300,15.4535561,15.9508533,2.77997088,2.49262595,-11.7944326,7,24.98493,17076.9141,41736.6133
8300,15.4535561,15.9508533,2.77997088,2.49262595,-11.7944326,8,28.4103184,19522.9277,39559.6133
8300,15.4535561,15.9508533,2.77997088,2.49262595,-11.7944326,9,32.0170898,22040.4316,37056.543
8300,15.4535561,15.9508533,2.77997088,2.49262595,-11.7944326,10,35.6335411,24560.6562,34536.4023
8300,15.4535561,15.9508533,2.77997088,2.49262595,-11.7944326,11,37.5262222,25979.1309,33117.9297
8300,15.4535561,15.9508533,2.77997088,2.49262595,-11.7944326,12,38.3116913,26716.7148,32380.3438
8300,15.4535561,15.9508533,2.77997088,2.49262595,-11.7944326,13,39.0971603,27454.2988,31642.7598
8300,15.4535561,15.9508533,2.77997088,2.49262595,-11.7944326,14,39.8826294,28191.8828,30905.1777
8300,15.4535561,15.9508533,2.77997088,2.49262595,-11.7944326,15,42.0312996,29435.0742,29668.5117
8300,15.4535561,15.9508533,2.77997088,2.49262595,-11.7944326,16,44.1586494,30678.2656,28467.0879
8300,15.4535561,15.9508533,2.77997088,2.49262595,-11.7944326,17,46.1841583,31921.4609,27376.1973
8300,15.4535561,15.9508533,2.77997088,2.49262595,-11.7944326,18,47.8322792,33008.1133,26605.9883
8300,15.4535561,15.9508533,2.77997088,2.49262595,-11.7944326,19,49.8566513,34236.9375,25725.4219
8300,15.4535561,15.9508533,2.77997088,2.49262595,-11.7944326,20,52.2913055,35531.2344,24470.793
8300,15.4535561,15.9508533,2.77997088,2.49262595,-11.7944326,21,54.5203667,36746.9727,23360.0078
8300,15.4535561,15.9508533,2.77997088,2.49262595,-11.7944326,22,56.6533012,37960.3789,22404.7441
8300,15.4535561,15.9508533,2.77997088,2.49262595,-11.7944326,23,58.6441422,39174.625,21633.4668
8300,15.4535561,15.9508533,2.77997088,2.49262595,-11.7944326,24,60.5350456,40400.875,20937.5469
8300,15.4535561,15.9508533,2.77997088,2.49262595,-11.7944326,25,62.686821,41684.6953,19758.6777
8300,15.4535561,15.9508533,2.77997088,2.49262595,-11.7944326,26,64.9766312,43034.6055,18409.584
8300,15.4535561,15.9508533,2.77997088,2.49262595,-11.7944326,27,65.9183273,43742.4258,17701.7617
8300,15.4535561,15.9508533,2.77997088,2.49262595,-11.7944326,28,66.8599548,44450.2031,16993.9863
8300,15.4535561,15.9508533,2.77997088,2.49262595,-11.7944326,29,67.80159,45157.9766,16286.2119
8300,15.4535561,15.9508533,2.77997088,2.49262595,-11.7944326,30,68.7432175,45865.75,15578.4375
8300,15.4535561,15.9508533,2.77997088,2.49262595,-11.7944326,31,69.6848526,46573.5234,14870.6631
8300,15.4535561,15.9508533,2.77997088,2.49262595,-11.7944326,32,70.6264801,47281.3008,14162.8877
8300,15.4535561,15.9508533,2.77997088,2.49262595,-11.7944326,33,71.4285736,47884.1875,13560
8300,15.4535561,15.9508533,2.77997088,2.49262595,-11.7944326,34,72.1563416,48358.0742,13088.2344
8300,15.4535561,15.9508533,2.77997088,2.49262595,-11.7944326,35,72.8830185,48831.9648,12621.3916
8300,15.4535561,15.9508533,2.77997088,2.49262595,-11.7944326,36,73.6055756,49305.8516,12167.4355
8300,15.4535561,15.9508533,2.77997088,2.49262595,-11.7944326,37,74.3163681,49779.7383,11741.6025
8300,15.4535561,15.9508533,2.77997088,2.49262595,-11.7944326,38,75.0007095,50253.6289,11366.4404
8300,15.4535561,15.9508533,2.77997088,2.49262595,-11.7944326,39,75.6383743,50727.5312,11065.375
8300,15.4535561,15.9508533,2.77997088,2.49262595,-11.7944326,40,76.2124405,51201.6055,10849.1406
8300,15.4535561,15.9508533,2.77997088,2.49262595,-11.7944326,41,76.7229309,51677.0859,10701.4424
8300,15.4535561,15.9508533,2.77997088,2.49262595,-11.7944326,42,77.1963272,52159.5898,10574.0205
8300,15.4535561,15.9508533,2.77997088,2.49262595,-11.7944326,43,77.7724304,52663.3828,10243.0645
8300,15.4535561,15.9508533,2.77997088,2.49262595,-11.7944326,44,78.4767532,53203.8281,9722.55273
8300,15.4535561,15.9508533,2.77997088,2.49262595,-11.7944326,45,79.2300644,53772.6875,9154.23633
8300,15.4535561,15.9508533,2.77997088,2.49262595,-11.7944326,46,79.8663406,54252.9453,8673.9834
8300,15.4535561,15.9508533,2.77997088,2.49262595,-11.7944326,47,80.4941788,54726.832,8200.0957
8300,15.4535561,15.9508533,2.77997088,2.49262595,-11.7944326,48,81.1220169,55200.7188,7726.20752
8300,15.4535561,15.9508533,2.77997088,2.49262595,-11.7944326,49,81.749855,55674.6094,7252.31982
8300,15.4535561,15.9508533,2.77997088,2.49262595,-11.7944326,50,82.3776932,56148.4961,6778.43164
8300,15.4535561,15.9508533,2.77997088,2.49262595,-11.7944326,51,83.0055313,56622.3828,6304.54395
8300,15.4535561,15.9508533,2.77997088,2.49262595,-11.7944326,52,83.6333694,57096.2734,5830.65576
8300,15.4535561,15.9508533,2.77997088,2.49262595,-11.7944326,53,84.2612152,57570.1602,5356.76807
8300,15.4535561,15.9508533,2.77997088,2.49262595,-11.7944326,54,84.8890533,58044.0469,4882.87988
8300,15.4535561,15.9508533,2.77997088,2.49262595,-11.7944326,55,85.5168915,58517.9375,4408.99219
8300,15.4535561,15.9508533,2.77997088,2.49262595,-11.7944326,56,85.7142868,58666.9297,4260
8300,15.4535561,15.9508533,2.77997088,2.49262595,-11.7944326,57,87.0774918,59073.9375,3858.24536
8300,15.4535561,15.9508533,2.77997088,2.49262595,-11.7944326,58,88.4193649,59480.9453,3484.85962
8300,15.4535561,15.9508533,2.77997088,2.49262595,-11.7944326,59,89.6594086,59887.957,3200.45117
8300,15.4535561,15.9508533,2.77997088,2.49262595,-11.7944326,60,90.6894226,60295.4648,3047.677
8400,20.725193,24.1791039,11.5918283,8.71941853,9.27883911,0,0,0,54912
8400,20.725193,24.1791039,11.5918283,8.71941853,9.27883911,1,4.95378256,2956.71338,52006.0234
8400,20.725193,24.1791039,11.5918283,8.71941853,9.27883911,2,9.74513626,5913.42773,49396.8047
8400,20.725193,24.1791039,11.5918283,8.71941853,9.27883911,3,13.8419228,8870.7666,47644.0156
8400,20.725193,24.1791039,11.5918283,8.71941853,9.27883911,4,17.056757,11887.9707,46719.8047
8400,20.725193,24.1791039,11.5918283,8.71941853,9.27883911,5,22.0606518,15604.6396,43688.1133
8400,20.725193,24.1791039,11.5918283,8.71941853,9.27883911,6,26.2513371,18801.7012,41190.8477
8400,20.725193,24.1791039,11.5918283,8.71941853,9.27883911,7,29.9790325,21794.25,39031.8828
8400,20.725193,24.1791039,11.5918283,8.71941853,9.27883911,8,33.9942284,24932.9492,36300.9648
8400,20.725193,24.1791039,11.5918283,8.71941853,9.27883911,9,37.3877907,27645.5625,33610.2344
8400,20.725193,24.1791039,11.5918283,8.71941853,9.27883911,10,38.7614594,29026.5723,32229.3496
8400,20.725193,24.1791039,11.5918283,8.71941853,9.27883911,11,39.6655579,29935.4551,31320.4668
8400,20.725193,24.1791039,11.5918283,8.71941853,9.27883911,12,40.5696564,30844.334,30411.5879
8400,20.725193,24.1791039,11.5918283,8.71941853,9.27883911,13,41.4737511,31753.2129,29502.7109
8400,20.725193,24.1791039,11.5918283,8.71941853,9.27883911,14,42.3778458,32662.0898,28593.832
8400,20.725193,24.1791039,11.5918283,8.71941853,9.27883911,15,44.5358658,33766.9492,27498.8652
8400,20.725193,24.1791039,11.5918283,8.71941853,9.27883911,16,47.5191612,35262.125,26075.9336
8400,20.725193,24.1791039,11.5918283,8.71941853,9.27883911,17,50.3039742,36757.3203,24856.7383
8400,20.725193,24.1791039,11.5918283,8.71941853,9.27883911,18,52.6681404,38254.9141,23997.916
8400,20.725193,24.1791039,11.5918283,8.71941853,9.27883911,19,54.7936249,39810.5508,23352.5605
8400,20.725193,24.1791039,11.5918283,8.71941853,9.27883911,20,57.6734428,41625.4609,22224.127
8400,20.725193,24.1791039,11.5918283,8.71941853,9.27883911,21,59.7825089,43180.1602,21473.334
8400,20.725193,24.1791039,11.5918283,8.71941853,9.27883911,22,62.4625816,44950.7344,19861.8496
8400,20.725193,24.1791039,11.5918283,8.71941853,9.27883911,23,65.5806046,47000.5,17813.3184
8400,20.725193,24.1791039,11.5918283,8.71941853,9.27883911,24,67.9915009,48486.9375,16326.8818
8400,20.725193,24.1791039,11.5918283,8.71941853,9.27883911,25,69.0748978,49359.082,15454.7354
8400,20.725193,24.1791039,11.5918283,8.71941853,9.27883911,26,70.1582947,50231.2305,14582.5889
8400,20.725193,24.1791039,11.5918283,8.71941853,9.27883911,27,71.2416916,51103.375,13710.4424
8400,20.725193,24.1791039,11.5918283,8.71941853,9.27883911,28,71.4285736,51253.8203,13560
8400,20.725193,24.1791039,11.5918283,8.71941853,9.27883911,29,72.3252563,51837.7617,12979.2744
8400,20.725193,24.1791039,11.5918283,8.71941853,9.27883911,30,73.2198792,52421.7031,12406.0107
8400,20.725193,24.1791039,11.5918283,8.71941853,9.27883911,31,74.1068497,53005.6445,11852.2832
8400,20.725193,24.1791039,11.5918283,8.71941853,9.27883911,32,74.9719849,53589.5898,11341.1846
8400,20.725193,24.1791039,11.5918283,8.71941853,9.27883911,33,75.7885513,54173.5352,10906.8936
8400,20.725193,24.1791039,11.5918283,8.71941853,9.27883911,34,76.5211639,54757.5312,10584.8896
8400,20.725193,24.1791039,11.5918283,8.71941853,9.27883911,35,77.1437149,55342.2109,10391.0605
8400,20.725193,24.1791039,11.5918283,8.71941853,9.27883911,36,77.6654663,55932.375,10297.7627
8400,20.725193,24.1791039,11.5918283,8.71941853,9.27883911,37,78.1511536,56550.0039,10218.3857
8400,20.725193,24.1791039,11.5918283,8.71941853,9.27883911,38,78.8676071,57250.8711,9779.51465
8400,20.725193,24.1791039,11.5918283,8.71941853,9.27883911,39,79.89254,58095.0312,8965.56934
8400,20.725193,24.1791039,11.5918283,8.71941853,9.27883911,40,81.0737076,59050.2969,8011.12939
8400,20.725193,24.1791039,11.5918283,8.71941853,9.27883911,41,81.8269119,59659.1367,7402.29297
8400,20.725193,24.1791039,11.5918283,8.71941853,9.27883911,42,82.5493164,60243.0781,6818.3501
8400,20.725193,24.1791039,11.5918283,8.71941853,9.27883911,43,83.2717209,60827.0234,6234.40771
8400,20.725193,24.1791039,11.5918283,8.71941853,9.27883911,44,83.9941177,61410.9648,5650.46533
8400,20.725193,24.1791039,11.5918283,8.71941853,9.27883911,45,84.7165222,61994.9062,5066.52295
8400,20.725193,24.1791039,11.5918283,8.71941853,9.27883911,46,85.4389267,62578.8516,4482.58057
8400,20.725193,24.1791039,11.5918283,8.71941853,9.27883911,47,85.7142868,62801.4297,4260
8400,20.725193,24.1791039,11.5918283,8.71941853,9.27883911,48,87.393013,63302.9609,3766.43286
8400,20.725193,24.1791039,11.5918283,8.71941853,9.27883911,49,89.0321121,63804.4922,3315.8689
8400,20.725193,24.1791039,11.5918283,8.71941853,9.27883911,50,90.4857559,64306.0391,3000.1709
8400,20.725193,24.1791039,11.5918283,8.71941853,9.27883911,51,91.5796356,64809.5156,2882.83057
8400,20.725193,24.1791039,11.5918283,8.71941853,9.27883911,52,92.5984726,65359.6484,2750.46899
8400,20.725193,24.1791039,11.5918283,8.71941853,9.27883911,53,94.6131516,66115.8438,2006.35181
8400,20.725193,24.1791039,11.5918283,8.71941853,9.27883911,54,95.9796143,66624.7891,1497.40637
8400,20.725193,24.1791039,11.5918283,8.71941853,9.27883911,55,97.3261795,67126.3203,995.875183
8400,20.725193,24.1791039,11.5918283,8.71941853,9.27883911,56,98.6727371,67627.8516,494.343903
8400,20.725193,24.1791039,11.5918283,8.71941853,9.27883911,57,100,68122.1953,0
8400,20.725193,24.1791039,11.5918283,8.71941853,9.27883911,58,100,68122.1953,0
8400,20.725193,24.1791039,11.5918283,8.71941853,9.27883911,59,100,68122.1953,0
8400,20.725193,24.1791039,11.5918283,8.71941853,9.27883911,60,100,68122.1953,0
8500,27.5052261,7.95647955,20.7582092,29.3207474,5.7118597,0,0,0,54912
8500,27.5052261,7.95647955,20.7582092,29.3207474,5.7118597,1,5.22089624,3111.21094,51817.4844
8500,27.5052261,7.95647955,20.7582092,29.3207474,5.7118597,2,10.3845787,6222.42334,48820.6211
8500,27.5052261,7.95647955,20.7582092,29.3207474,5.7118597,3,15.2888956,9334.65918,46104.7578
8500,27.5052261,7.95647955,20.7582092,29.3207474,5.7118597,4,19.9389553,12544.9297,43583.2188
8500,27.5052261,7.95647955,20.7582092,29.3207474,5.7118597,5,26.8877354,16900.6484,39452.8984
8500,27.5052261,7.95647955,20.7582092,29.3207474,5.7118597,6,32.3474846,20405.4551,36178.3711
8500,27.5052261,7.95647955,20.7582092,29.3207474,5.7118597,7,36.3878059,23151.6699,33706.4609
8500,27.5052261,7.95647955,20.7582092,29.3207474,5.7118597,8,37.7387848,24406.0605,32586.2559
8500,27.5052261,7.95647955,20.7582092,29.3207474,5.7118597,9,39.6909714,26118.1855,30881.332
8500,27.5052261,7.95647955,20.7582092,29.3207474,5.7118597,10,41.6683044,27847.7207,29151.8379
8500,27.5052261,7.95647955,20.7582092,29.3207474,5.7118597,11,42.7617226,28804.0996,28195.459
8500,27.5052261,7.95647955,20.7582092,29.3207474,5.7118597,12,42.8571434,28887.5586,28112
8500,27.5052261,7.95647955,20.7582092,29.3207474,5.7118597,13,44.2724876,29805.2773,27197.2207
8500,27.5052261,7.95647955,20.7582092,29.3207474,5.7118597,14,45.6833038,30722.9961,26294.3516
8500,27.5052261,7.95647955,20.7582092,29.3207474,5.7118597,15,48.841259,32296.3008,24776.6543
8500,27.5052261,7.95647955,20.7582092,29.3207474,5.7118597,16,51.9248962,33869.7383,23352.8125
8500,27.5052261,7.95647955,20.7582092,29.3207474,5.7118597,17,54.8482437,35448.6133,22070.8691
8500,27.5052261,7.95647955,20.7582092,29.3207474,5.7118597,18,57.6540794,37108.2617,20833.6016
8500,27.5052261,7.95647955,20.7582092,29.3207474,5.7118597,19,61.2501602,39231.4375,18933.5566
8500,27.5052261,7.95647955,20.7582092,29.3207474,5.7118597,20,66.7799835,42231,15939.334
8500,27.5052261,7.95647955,20.7582092,29.3207474,5.7118597,21,69.7651825,43819.7031,14350.6338
8500,27.5052261,7.95647955,20.7582092,29.3207474,5.7118597,22,71.4285736,44610.3359,13560
8500,27.5052261,7.95647955,20.7582092,29.3207474,5.7118597,23,72.3723297,45224.7891,12946.6035
8500,27.5052261,7.95647955,20.7582092,29.3207474,5.7118597,24,73.3153687,45839.2461,12335.6621
8500,27.5052261,7.95647955,20.7582092,29.3207474,5.7118597,25,74.2557526,46453.6992,11731.1494
8500,27.5052261,7.95647955,20.7582092,29.3207474,5.7118597,26,75.1884689,47068.1562,11140.6641
8500,27.5052261,7.95647955,20.7582092,29.3207474,5.7118597,27,76.1037903,47682.6172,10575.4502
8500,27.5052261,7.95647955,20.7582092,29.3207474,5.7118597,28,76.9879227,48297.1641,10047.1162
8500,27.5052261,7.95647955,20.7582092,29.3207474,5.7118597,29,77.8293839,48912.8242,9560.06934
8500,27.5052261,7.95647955,20.7582092,29.3207474,5.7118597,30,78.6359482,49537.4688,9098.9248
8500,27.5052261,7.95647955,20.7582092,29.3207474,5.7118597,31,79.4696274,50207.0898,8606.4248
8500,27.5052261,7.95647955,20.7582092,29.3207474,5.7118597,32,80.5484543,51013.0195,7886.7085
8500,27.5052261,7.95647955,20.7582092,29.3207474,5.7118597,33,82.0201569,52053.6094,6856.0625
8500,27.5052261,7.95647955,20.7582092,29.3207474,5.7118597,34,83.7594604,53276.1445,5633.79834
8500,27.5052261,7.95647955,20.7582092,29.3207474,5.7118597,35,84.6918106,53931.375,4978.56934
8500,27.5052261,7.95647955,20.7582092,29.3207474,5.7118597,36,85.5661392,54545.8281,4364.11377
8500,27.5052261,7.95647955,20.7582092,29.3207474,5.7118597,37,85.7142868,54649.9453,4260
8500,27.5052261,7.95647955,20.7582092,29.3207474,5.7118597,38,87.4829407,55177.6797,3734.88281
8500,27.5052261,7.95647955,20.7582092,29.3207474,5.7118597,39,89.2377319,55705.418,3223.9165
8500,27.5052261,7.95647955,20.7582092,29.3207474,5.7118597,40,90.9250793,56233.1836,2757.30859
8500,27.5052261,7.95647955,20.7582092,29.3207474,5.7118597,41,92.4745712,56764.1055,2353.44995
8500,27.5052261,7.95647955,20.7582092,29.3207474,5.7118597,42,94.1567917,57371.4375,1883.59351
8500,27.5052261,7.95647955,20.7582092,29.3207474,5.7118597,43,97.0778198,58316.2109,942.794006
8500,27.5052261,7.95647955,20.7582092,29.3207474,5.7118597,44,98.7511826,58856.0938,402.911865
8500,27.5052261,7.95647955,20.7582092,29.3207474,5.7118597,45,100,59259.0039,0
8500,27.5052261,7.95647955,20.7582092,29.3207474,5.7118597,46,100,59259.0039,0
8500,27.5052261,7.95647955,20.7582092,29.3207474,5.7118597,47,100,59259.0039,0
8500,27.5052261,7.95647955,20.7582092,29.3207474,5.7118597,48,100,59259.0039,0
8500,27.5052261,7.95647955,20.7582092,29.3207474,5.7118597,49,100,59259.0039,0
8500,27.5052261,7.95647955,20.7582092,29.3207474,5.7118597,50,100,59259.0039,0
8500,27.5052261,7.95647955,20.7582092,29.3207474,5.7118597,51,100,59259.0039,0
8500,27.5052261,7.95647955,20.7582092,29.3207474,5.7118597,52,100,59259.0039,0
8500,27.5052261,7.95647955,20.7582092,29.3207474,5.7118597,53,100,59259.0039,0
8500,27.5052261,7.95647955,20.7582092,29.3207474,5.7118597,54,100,59259.0039,0
8500,27.5052261,7.95647955,20.7582092,29.3207474,5.7118597,55,100,59259.0039,0
8500,27.5052261,7.95647955,20.7582092,29.3207474,5.7118597,56,100,59259.0039,0
8500,27.5052261,7.95647955,20.7582092,29.3207474,5.7118597,57,100,59259.0039,0
8500,27.5052261,7.95647955,20.7582092,29.3207474,5.7118597,58,100,59259.0039,0
8500,27.5052261,7.95647955,20.7582092,29.3207474,5.7118597,59,100,59259.0039,0
8500,27.5052261,7.95647955,20.7582092,29.3207474,5.7118597,60,100,59259.0039,0
8600,14.8812189,2.65040088,22.7632923,8.76014614,-12.7941122,0,0,0,54912
8600,14.8812189,2.65040088,22.7632923,8.76014614,-12.7941122,1,4.25512934,2534.38062,52383.1797
8600,14.8812189,2.65040088,22.7632923,8.76014614,-12.7941122,2,8.49464798,5068.7627,49886.8906
8600,14.8812189,2.65040088,22.7632923,8.76014614,-12.7941122,3,12.6637573,7604.46289,47483.2266
8600,14.8812189,2.65040088,22.7632923,8.76014614,-12.7941122,4,16.9389153,10266.3877,45050.7266
8600,14.8812189,2.65040088,22.7632923,8.76014614,-12.7941122,5,24.0004635,14403.1348,40989.0625
8600,14.8812189,2.65040088,22.7632923,8.76014614,-12.7941122,6,29.0524712,17444.2871,38024.6172
8600,14.8812189,2.65040088,22.7632923,8.76014614,-12.7941122,7,33.2525749,20054.2266,35506.0547
8600,14.8812189,2.65040088,22.7632923,8.76014614,-12.7941122,8,36.6259422,22310.0391,33294.9414
8600,14.8812189,2.65040088,22.7632923,8.76014614,-12.7941122,9,38.7303886,24062.166,31545.2129
8600,14.8812189,2.65040088,22.7632923,8.76014614,-12.7941122,10,40.8633957,25836.7109,29770.6816
8600,14.8812189,2.65040088,22.7632923,8.76014614,-12.7941122,11,41.799839,26615.7754,28991.6152
8600,14.8812189,2.65040088,22.7632923,8.76014614,-12.7941122,12,42.7362709,27394.832,28212.5605
8600,14.8812189,2.65040088,22.7632923,8.76014614,-12.7941122,13,42.8571434,27495.3906,28112
8600,14.8812189,2.65040088,22.7632923,8.76014614,-12.7941122,14,44.0103226,28242.9609,27365.4082
8600,14.8812189,2.65040088,22.7632923,8.76014614,-12.7941122,15,46.6036034,29524.5684,26089.834
8600,14.8812189,2.65040088,22.7632923,8.76014614,-12.7941122,16,49.187233,30806.1758,24832.6035
8600,14.8812189,2.65040088,22.7632923,8.76014614,-12.7941122,17,51.735775,32088.002,23618.9785
8600,14.8812189,2.65040088,22.7632923,8.76014614,-12.7941122,18,54.2369881,33381.832,22451.334
8600,14.8812189,2.65040088,22.7632923,8.76014614,-12.7941122,19,57.1482773,34896.8242,21081.3496
8600,14.8812189,2.65040088,22.7632923,8.76014614,-12.7941122,20,62.2857056,37426.1445,18571.1113
8600,14.8812189,2.65040088,22.7632923,8.76014614,-12.7941122,21,66.6208496,39896.5273,16100.8652
8600,14.8812189,2.65040088,22.7632923,8.76014614,-12.7941122,22,69.1482849,41178.5312,14818.8584
8600,14.8812189,2.65040088,22.7632923,8.76014614,-12.7941122,23,71.179039,42271.3594,13726.0342
8600,14.8812189,2.65040088,22.7632923,8.76014614,-12.7941122,24,71.4285736,42437.3906,13560
8600,14.8812189,2.65040088,22.7632923,8.76014614,-12.7941122,25,72.1974106,42937.9258,13059.8193
8600,14.8812189,2.65040088,22.7632923,8.76014614,-12.7941122,26,72.9660568,43438.457,12560.457
8600,14.8812189,2.65040088,22.7632923,8.76014614,-12.7941122,27,73.7339783,43938.9883,12063.2363
8600,14.8812189,2.65040088,22.7632923,8.76014614,-12.7941122,28,74.4998093,44439.5234,11570.6885
8600,14.8812189,2.65040088,22.7632923,8.76014614,-12.7941122,29,75.2608795,44940.0625,11086.5537
8600,14.8812189,2.65040088,22.7632923,8.76014614,-12.7941122,30,76.0134048,45440.7148,10614.6211
8600,14.8812189,2.65040088,22.7632923,8.76014614,-12.7941122,31,76.7554932,45942.8008,10155.3779
8600,14.8812189,2.65040088,22.7632923,8.76014614,-12.7941122,32,77.5008774,46456.4531,9696.18848
8600,14.8812189,2.65040088,22.7632923,8.76014614,-12.7941122,33,78.3214188,47028.0117,9183.62988
8600,14.8812189,2.65040088,22.7632923,8.76014614,-12.7941122,34,79.4190216,47775.0781,8465.2832
8600,14.8812189,2.65040088,22.7632923,8.76014614,-12.7941122,35,80.986351,48824.2773,7419.39502
8600,14.8812189,2.65040088,22.7632923,8.76014614,-12.7941122,36,82.9069061,50107.7461,6136.01855
8600,14.8812189,2.65040088,22.7632923,8.76014614,-12.7941122,37,83.7344971,50660.7773,5582.98584
8600,14.8812189,2.65040088,22.7632923,8.76014614,-12.7941122,38,84.4835205,51161.3125,5082.45264
8600,14.8812189,2.65040088,22.7632923,8.76014614,-12.7941122,39,85.2325439,51661.8438,4581.91943
8600,14.8812189,2.65040088,22.7632923,8.76014614,-12.7941122,40,85.7142868,51983.7656,4260
8600,14.8812189,2.65040088,22.7632923,8.76014614,-12.7941122,41,87.1556168,52413.6562,3830.97974
8600,14.8812189,2.65040088,22.7632923,8.76014614,-12.7941122,42,88.5931778,52843.5508,3406.67334
8600,14.8812189,2.65040088,22.7632923,8.76014614,-12.7941122,43,90.0122147,53273.4766,2997.11768
8600,14.8812189,2.65040088,22.7632923,8.76014614,-12.7941122,44,91.4023132,53707.4727,2605.45117
8600,14.8812189,2.65040088,22.7632923,8.76014614,-12.7941122,45,93.0811539,54239.8438,2118.8728
8600,14.8812189,2.65040088,22.7632923,8.76014614,-12.7941122,46,96.2350616,55206.6914,1153.34961
8600,14.8812189,2.65040088,22.7632923,8.76014614,-12.7941122,47,97.6894302,55652.2227,707.819336
8600,14.8812189,2.65040088,22.7632923,8.76014614,-12.7941122,48,99.0927505,56082.1133,277.926086
8600,14.8812189,2.65040088,22.7632923,8.76014614,-12.7941122,49,100,56360.0391,0
8600,14.8812189,2.65040088,22.7632923,8.76014614,-12.7941122,50,100,56360.0391,0
8600,14.8812189,2.65040088,22.7632923,8.76014614,-12.7941122,51,100,56360.0391,0
8600,14.8812189,2.65040088,22.7632923,8.76014614,-12.7941122,52,100,56360.0391,0
8600,14.8812189,2.65040088,22.7632923,8.76014614,-12.7941122,53,100,56360.0391,0
8600,14.8812189,2.65040088,22.7632923,8.76014614,-12.7941122,54,100,56360.0391,0
8600,14.8812189,2.65040088,22.7632923,8.76014614,-12.7941122,55,100,56360.0391,0
8600,14.8812189,2.65040088,22.7632923,8.76014614,-12.7941122,56,100,56360.0391,0
8600,14.8812189,2.65040088,22.7632923,8.76014614,-12.7941122,57,100,56360.0391,0
8600,14.8812189,2.65040088,22.7632923,8.76014614,-12.7941122,58,100,56360.0391,0
8600,14.8812189,2.65040088,22.7632923,8.76014614,-12.7941122,59,100,56360.0391,0
8600,14.8812189,2.65040088,22.7632923,8.76014614,-12.7941122,60,100,56360.0391,0
8700,4.22074699,21.4650002,4.1646328,27.6905022,27.4912891,0,0,0,54912
8700,4.22074699,21.4650002,4.1646328,27.6905022,27.4912891,1,8.20321465,4894.87256,50062.1719
8700,4.22074699,21.4650002,4.1646328,27.6905022,27.4912891,2,16.1670284,9789.74609,45475.7852
8700,4.22074699,21.4650002,4.1646328,27.6905022,27.4912891,3,23.0952606,14684.8896,41649.9805
8700,4.22074699,21.4650002,4.1646328,27.6905022,27.4912891,4,28.5780163,19606.0195,38586.9023
8700,4.22074699,21.4650002,4.1646328,27.6905022,27.4912891,5,35.6335983,24830.7676,33970.2461
8700,4.22074699,21.4650002,4.1646328,27.6905022,27.4912891,6,38.5496445,27412.2871,32009.9707
8700,4.22074699,21.4650002,4.1646328,27.6905022,27.4912891,7,39.5983582,28932.5,31229.7715
8700,4.22074699,21.4650002,4.1646328,27.6905022,27.4912891,8,40.9263954,30516.1543,30008.127
8700,4.22074699,21.4650002,4.1646328,27.6905022,27.4912891,9,42.6430244,32221.1348,28322.5723
8700,4.22074699,21.4650002,4.1646328,27.6905022,27.4912891,10,42.8571434,32431.8164,28112
8700,4.22074699,21.4650002,4.1646328,27.6905022,27.4912891,11,42.8571434,32431.8164,28112
8700,4.22074699,21.4650002,4.1646328,27.6905022,27.4912891,12,42.8571434,32431.8164,28112
8700,4.22074699,21.4650002,4.1646328,27.6905022,27.4912891,13,45.0827103,33875.6641,26676.0801
8700,4.22074699,21.4650002,4.1646328,27.6905022,27.4912891,14,47.2891197,35319.5117,25272.293
8700,4.22074699,21.4650002,4.1646328,27.6905022,27.4912891,15,52.1854744,37794.793,22947.0293
8700,4.22074699,21.4650002,4.1646328,27.6905022,27.4912891,16,56.7801819,40270.1094,20875.2988
8700,4.22074699,21.4650002,4.1646328,27.6905022,27.4912891,17,60.7303505,42746.8672,19199.6035
8700,4.22074699,21.4650002,4.1646328,27.6905022,27.4912891,18,63.8759079,45245.0312,17840.9355
8700,4.22074699,21.4650002,4.1646328,27.6905022,27.4912891,19,67.3608932,47866.0625,15821.8613
8700,4.22074699,21.4650002,4.1646328,27.6905022,27.4912891,20,71.1883774,50033.6875,13668.6475
8700,4.22074699,21.4650002,4.1646328,27.6905022,27.4912891,21,71.4285736,50142.3398,13560
8700,4.22074699,21.4650002,4.1646328,27.6905022,27.4912891,22,71.4285736,50142.3398,13560
8700,4.22074699,21.4650002,4.1646328,27.6905022,27.4912891,23,72.9131012,51109.0625,12596.1318
8700,4.22074699,21.4650002,4.1646328,27.6905022,27.4912891,24,74.3945999,52075.7852,11638.8896
8700,4.22074699,21.4650002,4.1646328,27.6905022,27.4912891,25,75.8648376,53042.5078,10698.9893
8700,4.22074699,21.4650002,4.1646328,27.6905022,27.4912891,26,77.3029175,54009.2344,9796.93262
8700,4.22074699,21.4650002,4.1646328,27.6905022,27.4912891,27,78.6692123,54975.957,8963.06348
8700,4.22074699,21.4650002,4.1646328,27.6905022,27.4912891,28,79.9105148,55942.707,8228.90137
8700,4.22074699,21.4650002,4.1646328,27.6905022,27.4912891,29,80.9852066,56909.75,7608.83545
8700,4.22074699,21.4650002,4.1646328,27.6905022,27.4912891,30,81.8977051,57879.1719,7080.50537
8700,4.22074699,21.4650002,4.1646328,27.6905022,27.4912891,31,82.714798,58860.5195,6576.9917
8700,4.22074699,21.4650002,4.1646328,27.6905022,27.4912891,32,83.7718277,59877.9961,5792.10107
8700,4.22074699,21.4650002,4.1646328,27.6905022,27.4912891,33,85.1081161,60957.6719,4739.24805
8700,4.22074699,21.4650002,4.1646328,27.6905022,27.4912891,34,85.7142868,61437.6523,4260
8700,4.22074699,21.4650002,4.1646328,27.6905022,27.4912891,35,85.7142868,61437.6523,4260
8700,4.22074699,21.4650002,4.1646328,27.6905022,27.4912891,36,85.7142868,61437.6523,4260
8700,4.22074699,21.4650002,4.1646328,27.6905022,27.4912891,37,85.7142868,61437.6523,4260
8700,4.22074699,21.4650002,4.1646328,27.6905022,27.4912891,38,88.4940109,62267.9414,3436.7793
8700,4.22074699,21.4650002,4.1646328,27.6905022,27.4912891,39,91.2154083,63098.2344,2651.73511
8700,4.22074699,21.4650002,4.1646328,27.6905022,27.4912891,40,93.6619186,63928.5312,1986.42529
8700,4.22074699,21.4650002,4.1646328,27.6905022,27.4912891,41,95.5600128,64759.6641,1498.08203
8700,4.22074699,21.4650002,4.1646328,27.6905022,27.4912891,42,97.1996078,65611.0547,1017.57196
8700,4.22074699,21.4650002,4.1646328,27.6905022,27.4912891,43,99.7598038,66551.8828,87.4601288
8700,4.22074699,21.4650002,4.1646328,27.6905022,27.4912891,44,100,66639.3438,0
8700,4.22074699,21.4650002,4.1646328,27.6905022,27.4912891,45,100,66639.3438,0
8700,4.22074699,21.4650002,4.1646328,27.6905022,27.4912891,46,100,66639.3438,0
8700,4.22074699,21.4650002,4.1646328,27.6905022,27.4912891,47,100,66639.3438,0
8700,4.22074699,21.4650002,4.1646328,27.6905022,27.4912891,48,100,66639.3438,0
8700,4.22074699,21.4650002,4.1646328,27.6905022,27.4912891,49,100,66639.3438,0
8700,4.22074699,21.4650002,4.1646328,27.6905022,27.4912891,50,100,66639.3438,0
8700,4.22074699,21.4650002,4.1646328,27.6905022,27.4912891,51,100,66639.3438,0
8700,4.22074699,21.4650002,4.1646328,27.6905022,27.4912891,52,100,66639.3438,0
8700,4.22074699,21.4650002,4.1646328,27.6905022,27.4912891,53,100,66639.3438,0
8700,4.22074699,21.4650002,4.1646328,27.6905022,27.4912891,54,100,66639.3438,0
8700,4.22074699,21.4650002,4.1646328,27.6905022,27.4912891,55,100,66639.3438,0
8700,4.22074699,21.4650002,4.1646328,27.6905022,27.4912891,56,100,66639.3438,0
8700,4.22074699,21.4650002,4.1646328,27.6905022,27.4912891,57,100,66639.3438,0
8700,4.22074699,21.4650002,4.1646328,27.6905022,27.4912891,58,100,66639.3438,0
8700,4.22074699,21.4650002,4.1646328,27.6905022,27.4912891,59,100,66639.3438,0
8700,4.22074699,21.4650002,4.1646328,27.6905022,27.4912891,60,100,66639.3438,0
8800,5.16851091,11.2556925,21.5006771,17.3904686,5.01266861,0,0,0,54912
8800,5.16851091,11.2556925,21.5006771,17.3904686,5.01266861,1,6.15649509,3669.9314,51265.6875
8800,5.16851091,11.2556925,21.5006771,17.3904686,5.01266861,2,12.2178507,7339.86475,47757.5195
8800,5.16851091,11.2556925,21.5006771,17.3904686,5.01266861,3,17.8530598,11011.1846,44646.9297
8800,5.16851091,11.2556925,21.5006771,17.3904686,5.01266861,4,23.0378323,14815.332,41817.0977
8800,5.16851091,11.2556925,21.5006771,17.3904686,5.01266861,5,31.3342743,20171.4512,36779.8477
8800,5.16851091,11.2556925,21.5006771,17.3904686,5.01266861,6,36.4509926,23655.373,33621.6914
8800,5.16851091,11.2556925,21.5006771,17.3904686,5.01266861,7,37.5708809,24863.002,32802.1055
8800,5.16851091,11.2556925,21.5006771,17.3904686,5.01266861,8,39.1392326,26394.9062,31460.0273
8800,5.16851091,11.2556925,21.5006771,17.3904686,5.01266861,9,41.5188293,28546.998,29318.123
8800,5.16851091,11.2556925,21.5006771,17.3904686,5.01266861,10,42.8571434,29753.1797,28112
8800,5.16851091,11.2556925,21.5006771,17.3904686,5.01266861,11,42.8571434,29753.1797,28112
8800,5.16851091,11.2556925,21.5006771,17.3904686,5.01266861,12,42.8571434,29753.1797,28112
8800,5.16851091,11.2556925,21.5006771,17.3904686,5.01266861,13,44.5264435,30835.7051,27033.6328
8800,5.16851091,11.2556925,21.5006771,17.3904686,5.01266861,14,46.1881866,31918.2305,25972.1133
8800,5.16851091,11.2556925,21.5006771,17.3904686,5.01266861,15,49.8999214,33774.0742,24194.9355
8800,5.16851091,11.2556925,21.5006771,17.3904686,5.01266861,16,53.4890213,35630.1016,22550.5391
8800,5.16851091,11.2556925,21.5006771,17.3904686,5.01266861,17,56.8148575,37493.4883,21107.2051
8800,5.16851091,11.2556925,21.5006771,17.3904686,5.01266861,18,59.9209023,39466.3203,19731.8984
8800,5.16851091,11.2556925,21.5006771,17.3904686,5.01266861,19,64.0797882,42067.1836,17446.6855
8800,5.16851091,11.2556925,21.5006771,17.3904686,5.01266861,20,70.4023132,45537.1914,13984.2344
8800,5.16851091,11.2556925,21.5006771,17.3904686,5.01266861,21,71.4285736,45961.4258,13560
8800,5.16851091,11.2556925,21.5006771,17.3904686,5.01266861,22,71.4285736,45961.4258,13560
8800,5.16851091,11.2556925,21.5006771,17.3904686,5.01266861,23,72.5417557,46686.2266,12836.6963
8800,5.16851091,11.2556925,21.5006771,17.3904686,5.01266861,24,73.6537552,47411.0312,12116.8672
8800,5.16851091,11.2556925,21.5006771,17.3904686,5.01266861,25,74.7613068,48135.832,11406.1309
8800,5.16851091,11.2556925,21.5006771,17.3904686,5.01266861,26,75.8561172,48860.6328,10715.2402
8800,5.16851091,11.2556925,21.5006771,17.3904686,5.01266861,27,76.9220963,49585.4375,10060.0986
8800,5.16851091,11.2556925,21.5006771,17.3904686,5.01266861,28,77.9367599,50310.3633,9457.13574
8800,5.16851091,11.2556925,21.5006771,17.3904686,5.01266861,29,78.8818207,51036.8008,8912.64453
8800,5.16851091,11.2556925,21.5006771,17.3904686,5.01266861,30,79.7681885,51775.4062,8405.33594
8800,5.16851091,11.2556925,21.5006771,17.3904686,5.01266861,31,80.6822433,52574.9492,7856.35596
8800,5.16851091,11.2556925,21.5006771,17.3904686,5.01266861,32,81.9338913,53559.1797,6994.08838
8800,5.16851091,11.2556925,21.5006771,17.3904686,5.01266861,33,83.717659,54861.3516,5705.9834
8800,5.16851091,11.2556925,21.5006771,17.3904686,5.01266861,34,85.7142868,56307.7188,4260
8800,5.16851091,11.2556925,21.5006771,17.3904686,5.01266861,35,85.7142868,56307.7188,4260
8800,5.16851091,11.2556925,21.5006771,17.3904686,5.01266861,36,85.7142868,56307.7188,4260
8800,5.16851091,11.2556925,21.5006771,17.3904686,5.01266861,37,85.7142868,56307.7188,4260
8800,5.16851091,11.2556925,21.5006771,17.3904686,5.01266861,38,87.8000336,56930.2266,3641.19678
8800,5.16851091,11.2556925,21.5006771,17.3904686,5.01266861,39,89.8626938,57552.7383,3042.41235
8800,5.16851091,11.2556925,21.5006771,17.3904686,5.01266861,40,91.8139343,58175.2852,2506.38086
8800,5.16851091,11.2556925,21.5006771,17.3904686,5.01266861,41,93.5396118,58802.1094,2059.30737
8800,5.16851091,11.2556925,21.5006771,17.3904686,5.01266861,42,95.416481,59532.4609,1523.43518
8800,5.16851091,11.2556925,21.5006771,17.3904686,5.01266861,43,98.9737396,60720.0156,341.503693
8800,5.16851091,11.2556925,21.5006771,17.3904686,5.01266861,44,100,61061.5195,0
8800,5.16851091,11.2556925,21.5006771,17.3904686,5.01266861,45,100,61061.5195,0
8800,5.16851091,11.2556925,21.5006771,17.3904686,5.01266861,46,100,61061.5195,0
8800,5.16851091,11.2556925,21.5006771,17.3904686,5.01266861,47,100,61061.5195,0
8800,5.16851091,11.2556925,21.5006771,17.3904686,5.01266861,48,100,61061.5195,0
8800,5.16851091,11.2556925,21.5006771,17.3904686,5.01266861,49,100,61061.5195,0
8800,5.16851091,11.2556925,21.5006771,17.3904686,5.01266861,50,100,61061.5195,0
8800,5.16851091,11.2556925,21.5006771,17.3904686,5.01266861,51,100,61061.5195,0
8800,5.16851091,11.2556925,21.5006771,17.3904686,5.01266861,52,100,61061.5195,0
8800,5.16851091,11.2556925,21.5006771,17.3904686,5.01266861,53,100,61061.5195,0
8800,5.16851091,11.2556925,21.5006771,17.3904686,5.01266861,54,100,61061.5195,0
8800,5.16851091,11.2556925,21.5006771,17.3904686,5.01266861,55,100,61061.5195,0
8800,5.16851091,11.2556925,21.5006771,17.3904686,5.01266861,56,100,61061.5195,0
8800,5.16851091,11.2556925,21.5006771,17.3904686,5.01266861,57,100,61061.5195,0
8800,5.16851091,11.2556925,21.5006771,17.3904686,5.01266861,58,100,61061.5195,0
8800,5.16851091,11.2556925,21.5006771,17.3904686,5.01266861,59,100,61061.5195,0
8800,5.16851091,11.2556925,21.5006771,17.3904686,5.01266861,60,100,61061.5195,0
8900,20.2394867,23.0913734,7.4986825,13.5296583,3.24907804,0,0,0,54912
8900,20.2394867,23.0913734,7.4986825,13.5296583,3.24907804,1,4.91799498,2935.04175,52025.4141
8900,20.2394867,23.0913734,7.4986825,13.5296583,3.24907804,2,9.6818285,5870.08447,49422.2344
8900,20.2394867,23.0913734,7.4986825,13.5296583,3.24907804,3,13.7833729,8805.5332,47637.1445
8900,20.2394867,23.0913734,7.4986825,13.5296583,3.24907804,4,17.008009,11779.9463,46661.5664
8900,20.2394867,23.0913734,7.4986825,13.5296583,3.24907804,5,21.6275921,15209.6104,43886.0664
8900,20.2394867,23.0913734,7.4986825,13.5296583,3.24907804,6,25.7072258,18301.084,41462.9102
8900,20.2394867,23.0913734,7.4986825,13.5296583,3.24907804,7,29.4405327,21259.4492,39300.6289
8900,20.2394867,23.0913734,7.4986825,13.5296583,3.24907804,8,33.4056244,24312.9375,36636.5781
8900,20.2394867,23.0913734,7.4986825,13.5296583,3.24907804,9,37.1658058,27186.8652,33783.5508
8900,20.2394867,23.0913734,7.4986825,13.5296583,3.24907804,10,38.3794518,28396.3711,32574.1602
8900,20.2394867,23.0913734,7.4986825,13.5296583,3.24907804,11,39.2848129,29298.5918,31671.9414
8900,20.2394867,23.0913734,7.4986825,13.5296583,3.24907804,12,40.1901703,30200.8086,30769.7246
8900,20.2394867,23.0913734,7.4986825,13.5296583,3.24907804,13,41.0955238,31103.0254,29867.5078
8900,20.2394867,23.0913734,7.4986825,13.5296583,3.24907804,14,42.0008812,32005.2402,28965.291
8900,20.2394867,23.0913734,7.4986825,13.5296583,3.24907804,15,44.5237007,33476.9961,27502.9863
8900,20.2394867,23.0913734,7.4986825,13.5296583,3.24907804,16,47.487072,34961.2109,26087.7637
8900,20.2394867,23.0913734,7.4986825,13.5296583,3.24907804,17,50.261673,36445.4414,24867.1191
8900,20.2394867,23.0913734,7.4986825,13.5296583,3.24907804,18,52.6322136,37931.2305,23991.3633
8900,20.2394867,23.0913734,7.4986825,13.5296583,3.24907804,19,54.7343063,39454.7969,23337.127
8900,20.2394867,23.0913734,7.4986825,13.5296583,3.24907804,20,57.3927002,41147.1172,22300.4023
8900,20.2394867,23.0913734,7.4986825,13.5296583,3.24907804,21,59.4928055,42670.0742,21545.1855
8900,20.2394867,23.0913734,7.4986825,13.5296583,3.24907804,22,62.0627747,44333.5352,20033.6582
8900,20.2394867,23.0913734,7.4986825,13.5296583,3.24907804,23,64.9480667,46178.7109,18189.6602
8900,20.2394867,23.0913734,7.4986825,13.5296583,3.24907804,24,67.3819733,47663.0508,16705.3223
8900,20.2394867,23.0913734,7.4986825,13.5296583,3.24907804,25,68.713501,48641.8594,15726.5107
8900,20.2394867,23.0913734,7.4986825,13.5296583,3.24907804,26,69.7984619,49507.6133,14860.7568
8900,20.2394867,23.0913734,7.4986825,13.5296583,3.24907804,27,70.8834229,50373.3672,13995.0029
8900,20.2394867,23.0913734,7.4986825,13.5296583,3.24907804,28,71.4285736,50808.3711,13560
8900,20.2394867,23.0913734,7.4986825,13.5296583,3.24907804,29,72.3186951,51388.0352,12983.4092
8900,20.2394867,23.0913734,7.4986825,13.5296583,3.24907804,30,73.206871,51967.6953,12413.9463
8900,20.2394867,23.0913734,7.4986825,13.5296583,3.24907804,31,74.0877838,52547.3594,11863.1387
8900,20.2394867,23.0913734,7.4986825,13.5296583,3.24907804,32,74.9479752,53127.0195,11353.0439
8900,20.2394867,23.0913734,7.4986825,13.5296583,3.24907804,33,75.7620239,53706.6875,10916.3008
8900,20.2394867,23.0913734,7.4986825,13.5296583,3.24907804,34,76.4960632,54286.3828,10586.8105
8900,20.2394867,23.0913734,7.4986825,13.5296583,3.24907804,35,77.1244965,54866.5273,10379.9355
8900,20.2394867,23.0913734,7.4986825,13.5296583,3.24907804,36,77.6535645,55450.2383,10270.7393
8900,20.2394867,23.0913734,7.4986825,13.5296583,3.24907804,37,78.1366272,56051.8242,10183.1885
8900,20.2394867,23.0913734,7.4986825,13.5296583,3.24907804,38,78.8101654,56707.5898,9777.63379
8900,20.2394867,23.0913734,7.4986825,13.5296583,3.24907804,39,79.7264328,57456.6172,9057.46289
8900,20.2394867,23.0913734,7.4986825,13.5296583,3.24907804,40,80.7509308,58277.957,8236.91113
8900,20.2394867,23.0913734,7.4986825,13.5296583,3.24907804,41,81.4945984,58873.8242,7641.04736
8900,20.2394867,23.0913734,7.4986825,13.5296583,3.24907804,42,82.2180405,59453.4883,7061.38477
8900,20.2394867,23.0913734,7.4986825,13.5296583,3.24907804,43,82.9414825,60033.1484,6481.72266
8900,20.2394867,23.0913734,7.4986825,13.5296583,3.24907804,44,83.6649246,60612.8125,5902.06006
8900,20.2394867,23.0913734,7.4986825,13.5296583,3.24907804,45,84.3883667,61192.4727,5322.39746
8900,20.2394867,23.0913734,7.4986825,13.5296583,3.24907804,46,85.1118088,61772.1367,4742.73535
8900,20.2394867,23.0913734,7.4986825,13.5296583,3.24907804,47,85.7142868,62254.8711,4260
8900,20.2394867,23.0913734,7.4986825,13.5296583,3.24907804,48,87.3808441,62752.7266,3769.75049
8900,20.2394867,23.0913734,7.4986825,13.5296583,3.24907804,49,89.009819,63250.582,3320.56982
8900,20.2394867,23.0913734,7.4986825,13.5296583,3.24907804,50,90.4623718,63748.4492,3000.19287
8900,20.2394867,23.0913734,7.4986825,13.5296583,3.24907804,51,91.5686646,64247.5703,2869.83667
8900,20.2394867,23.0913734,7.4986825,13.5296583,3.24907804,52,92.5623627,64777.0586,2739.32642
8900,20.2394867,23.0913734,7.4986825,13.5296583,3.24907804,53,94.3452148,65440.6602,2087.25513
8900,20.2394867,23.0913734,7.4986825,13.5296583,3.24907804,54,95.707077,65943.3438,1584.57507
8900,20.2394867,23.0913734,7.4986825,13.5296583,3.24907804,55,97.0558624,66441.1953,1086.71997
8900,20.2394867,23.0913734,7.4986825,13.5296583,3.24907804,56,98.4046478,66939.0547,588.864685
8900,20.2394867,23.0913734,7.4986825,13.5296583,3.24907804,57,99.7534409,67436.9062,91.0094681
8900,20.2394867,23.0913734,7.4986825,13.5296583,3.24907804,58,100,67527.9219,0
8900,20.2394867,23.0913734,7.4986825,13.5296583,3.24907804,59,100,67527.9219,0
8900,20.2394867,23.0913734,7.4986825,13.5296583,3.24907804,60,100,67527.9219,0
9000,6.67051744,2.65265322,20.8124104,11.4733658,3.27291656,0,0,0,54912
9000,6.67051744,2.65265322,20.8124104,11.4733658,3.27291656,1,5.66301966,3372.92944,51544.6367
9000,6.67051744,2.65265322,20.8124104,11.4733658,3.27291656,2,11.3052454,6745.86084,48209.8281
9000,6.67051744,2.65265322,20.8124104,11.4733658,3.27291656,3,16.8528805,10120.1123,44967.7266
9000,6.67051744,2.65265322,20.8124104,11.4733658,3.27291656,4,22.4655495,13620.9043,41696.5547
9000,6.67051744,2.65265322,20.8124104,11.4733658,3.27291656,5,30.9004898,18600.1934,36792.4141
9000,6.67051744,2.65265322,20.8124104,11.4733658,3.27291656,6,36.1466141,21839.5996,33629.7812
9000,6.67051744,2.65265322,20.8124104,11.4733658,3.27291656,7,37.430706,22952.166,32608.6641
9000,6.67051744,2.65265322,20.8124104,11.4733658,3.27291656,8,39.106308,24373.6602,31231.9082
9000,6.67051744,2.65265322,20.8124104,11.4733658,3.27291656,9,41.5229492,26385.9746,29221.9922
9000,6.67051744,2.65265322,20.8124104,11.4733658,3.27291656,10,42.8571434,27495.9824,28112
9000,6.67051744,2.65265322,20.8124104,11.4733658,3.27291656,11,42.8571434,27495.9824,28112
9000,6.67051744,2.65265322,20.8124104,11.4733658,3.27291656,12,42.8571434,27495.9824,28112
9000,6.67051744,2.65265322,20.8124104,11.4733658,3.27291656,13,44.3918762,28490.9004,27118.0605
9000,6.67051744,2.65265322,20.8124104,11.4733658,3.27291656,14,45.9249649,29485.8184,26128.0938
9000,6.67051744,2.65265322,20.8124104,11.4733658,3.27291656,15,49.368454,31191.4707,24440.9805
9000,6.67051744,2.65265322,20.8124104,11.4733658,3.27291656,16,52.7847557,32897.3008,22785.0273
9000,6.67051744,2.65265322,20.8124104,11.4733658,3.27291656,17,56.1483727,34610.1406,21171.1836
9000,6.67051744,2.65265322,20.8124104,11.4733658,3.27291656,18,59.5816269,36427.2422,19494.9004
9000,6.67051744,2.65265322,20.8124104,11.4733658,3.27291656,19,64.0592651,38842.6445,17153.8887
9000,6.67051744,2.65265322,20.8124104,11.4733658,3.27291656,20,70.4544678,42067.6094,13930.7061
9000,6.67051744,2.65265322,20.8124104,11.4733658,3.27291656,21,71.4285736,42438.3125,13560
9000,6.67051744,2.65265322,20.8124104,11.4733658,3.27291656,22,71.4285736,42438.3125,13560
9000,6.67051744,2.65265322,20.8124104,11.4733658,3.27291656,23,72.4517975,43104.457,12894.209
9000,6.67051744,2.65265322,20.8124104,11.4733658,3.27291656,24,73.474762,43770.6016,12229.2363
9000,6.67051744,2.65265322,20.8124104,11.4733658,3.27291656,25,74.4967651,44436.7461,11566.4072
9000,6.67051744,2.65265322,20.8124104,11.4733658,3.27291656,26,75.5159836,45102.8906,10908.2549
9000,6.67051744,2.65265322,20.8124104,11.4733658,3.27291656,27,76.5288544,45769.0391,10258.5234
9000,6.67051744,2.65265322,20.8124104,11.4733658,3.27291656,28,77.5302887,46435.3008,9621.00391
9000,6.67051744,2.65265322,20.8124104,11.4733658,3.27291656,29,78.5171051,47103.0039,8996.18164
9000,6.67051744,2.65265322,20.8124104,11.4733658,3.27291656,30,79.5025635,47782.3008,8371.39551
9000,6.67051744,2.65265322,20.8124104,11.4733658,3.27291656,31,80.5595627,48519.6484,7693.09912
9000,6.67051744,2.65265322,20.8124104,11.4733658,3.27291656,32,81.8992157,49432.9375,6808.55176
9000,6.67051744,2.65265322,20.8124104,11.4733658,3.27291656,33,83.7155151,50649.1172,5595.68799
9000,6.67051744,2.65265322,20.8124104,11.4733658,3.27291656,34,85.7142868,51984.8945,4260
9000,6.67051744,2.65265322,20.8124104,11.4733658,3.27291656,35,85.7142868,51984.8945,4260
9000,6.67051744,2.65265322,20.8124104,11.4733658,3.27291656,36,85.7142868,51984.8945,4260
9000,6.67051744,2.65265322,20.8124104,11.4733658,3.27291656,37,85.7142868,51984.8945,4260
9000,6.67051744,2.65265322,20.8124104,11.4733658,3.27291656,38,87.6325073,52557.0273,3688.74194
9000,6.67051744,2.65265322,20.8124104,11.4733658,3.27291656,39,89.5457077,53129.1602,3122.2019
9000,6.67051744,2.65265322,20.8124104,11.4733658,3.27291656,40,91.4341965,53701.3242,2570.4248
9000,6.67051744,2.65265322,20.8124104,11.4733658,3.27291656,41,93.2797318,54277.5664,2036.54553
9000,6.67051744,2.65265322,20.8124104,11.4733658,3.27291656,42,95.4040909,54952.4336,1407.51233
9000,6.67051744,2.65265322,20.8124104,11.4733658,3.27291656,43,99.0258942,56062.8555,298.41391
9000,6.67051744,2.65265322,20.8124104,11.4733658,3.27291656,44,100,56361.2695,0
9000,6.67051744,2.65265322,20.8124104,11.4733658,3.27291656,45,100,56361.2695,0
9000,6.67051744,2.65265322,20.8124104,11.4733658,3.27291656,46,100,56361.2695,0
9000,6.67051744,2.65265322,20.8124104,11.4733658,3.27291656,47,100,56361.2695,0
9000,6.67051744,2.65265322,20.8124104,11.4733658,3.27291656,48,100,56361.2695,0
9000,6.67051744,2.65265322,20.8124104,11.4733658,3.27291656,49,100,56361.2695,0
9000,6.67051744,2.65265322,20.8124104,11.4733658,3.27291656,50,100,56361.2695,0
9000,6.67051744,2.65265322,20.8124104,11.4733658,3.27291656,51,100,56361.2695,0
9000,6.67051744,2.65265322,20.8124104,11.4733658,3.27291656,52,100,56361.2695,0
9000,6.67051744,2.65265322,20.8124104,11.4733658,3.27291656,53,100,56361.2695,0
9000,6.67051744,2.65265322,20.8124104,11.4733658,3.27291656,54,100,56361.2695,0
9000,6.67051744,2.65265322,20.8124104,11.4733658,3.27291656,55,100,56361.2695,0
9000,6.67051744,2.65265322,20.8124104,11.4733658,3.27291656,56,100,56361.2695,0
9000,6.67051744,2.65265322,20.8124104,11.4733658,3.27291656,57,100,56361.2695,0
9000,6.67051744,2.65265322,20.8124104,11.4733658,3.27291656,58,100,56361.2695,0
9000,6.67051744,2.65265322,20.8124104,11.4733658,3.27291656,59,100,56361.2695,0
9000,6.67051744,2.65265322,20.8124104,11.4733658,3.27291656,60,100,56361.2695,0
9100,8.33632469,17.5331364,20.6109104,7.61212397,-5.86546993,0,0,0,54912
9100,8.33632469,17.5331364,20.6109104,7.61212397,-5.86546993,1,4.88705921,2914.99805,52033.793
9100,8.33632469,17.5331364,20.6109104,7.61212397,-5.86546993,2,9.65718365,5829.99805,49370.7773
9100,8.33632469,17.5331364,20.6109104,7.61212397,-5.86546993,3,13.9156885,8746.28223,47327.9531
9100,8.33632469,17.5331364,20.6109104,7.61212397,-5.86546993,4,17.6090393,11785.6445,45806.293
9100,8.33632469,17.5331364,20.6109104,7.61212397,-5.86546993,5,24.1669769,16263.0547,41825.5859
9100,8.33632469,17.5331364,20.6109104,7.61212397,-5.86546993,6,28.9956112,19672.1895,38923.8984
9100,8.33632469,17.5331364,20.6109104,7.61212397,-5.86546993,7,33.0024681,22660.8633,36539.6875
9100,8.33632469,17.5331364,20.6109104,7.61212397,-5.86546993,8,36.5909882,25427.2676,34068.9805
9100,8.33632469,17.5331364,20.6109104,7.61212397,-5.86546993,9,38.5199776,27272.1328,32239.9844
9100,8.33632469,17.5331364,20.6109104,7.61212397,-5.86546993,10,40.4812164,29138.8555,30373.3516
9100,8.33632469,17.5331364,20.6109104,7.61212397,-5.86546993,11,41.4226837,30034.9199,29477.2852
9100,8.33632469,17.5331364,20.6109104,7.61212397,-5.86546993,12,42.3641396,30930.9746,28581.2305
9100,8.33632469,17.5331364,20.6109104,7.61212397,-5.86546993,13,42.8571434,31400.2051,28112
9100,8.33632469,17.5331364,20.6109104,7.61212397,-5.86546993,14,44.182724,32260.0469,27258.6348
9100,8.33632469,17.5331364,20.6109104,7.61212397,-5.86546993,15,47.1548615,33734.1289,25824.4512
9100,8.33632469,17.5331364,20.6109104,7.61212397,-5.86546993,16,50.0546608,35208.2109,24511.6445
9100,8.33632469,17.5331364,20.6109104,7.61212397,-5.86546993,17,52.6991539,36682.5039,23488.5098
9100,8.33632469,17.5331364,20.6109104,7.61212397,-5.86546993,18,54.8986931,38168.5,22837.2559
9100,8.33632469,17.5331364,20.6109104,7.61212397,-5.86546993,19,57.1788292,39870.1484,22094.8789
9100,8.33632469,17.5331364,20.6109104,7.61212397,-5.86546993,20,61.8555298,42560.832,19530.4355
9100,8.33632469,17.5331364,20.6109104,7.61212397,-5.86546993,21,65.9276733,45194.0469,16898.1172
9100,8.33632469,17.5331364,20.6109104,7.61212397,-5.86546993,22,68.4612503,46668.5195,15423.6465
9100,8.33632469,17.5331364,20.6109104,7.61212397,-5.86546993,23,70.8134689,48063.5117,14028.6543
9100,8.33632469,17.5331364,20.6109104,7.61212397,-5.86546993,24,71.4285736,48532.1641,13560
9100,8.33632469,17.5331364,20.6109104,7.61212397,-5.86546993,25,72.3126907,49107.8672,12986.6289
9100,8.33632469,17.5331364,20.6109104,7.61212397,-5.86546993,26,73.1953354,49683.5703,12418.6689
9100,8.33632469,17.5331364,20.6109104,7.61212397,-5.86546993,27,74.0724945,50259.2773,11864.875
9100,8.33632469,17.5331364,20.6109104,7.61212397,-5.86546993,28,74.93396,50834.9805,11341.9932
9100,8.33632469,17.5331364,20.6109104,7.61212397,-5.86546993,29,75.7602234,51410.6875,10874.8027
9100,8.33632469,17.5331364,20.6109104,7.61212397,-5.86546993,30,76.5247421,51986.5078,10488.9658
9100,8.33632469,17.5331364,20.6109104,7.61212397,-5.86546993,31,77.2071762,52563.7266,10195.166
9100,8.33632469,17.5331364,20.6109104,7.61212397,-5.86546993,32,77.8196487,53152.2227,9966.96582
9100,8.33632469,17.5331364,20.6109104,7.61212397,-5.86546993,33,78.4466019,53797.1836,9712.31152
9100,8.33632469,17.5331364,20.6109104,7.61212397,-5.86546993,34,79.3932266,54613.2734,9086.2041
9100,8.33632469,17.5331364,20.6109104,7.61212397,-5.86546993,35,80.8290558,55723.9648,7997.42285
9100,8.33632469,17.5331364,20.6109104,7.61212397,-5.86546993,36,82.5788193,57063.0781,6658.90576
9100,8.33632469,17.5331364,20.6109104,7.61212397,-5.86546993,37,83.3981934,57689.9727,6032.01416
9100,8.33632469,17.5331364,20.6109104,7.61212397,-5.86546993,38,84.1506577,58265.6797,5456.31006
9100,8.33632469,17.5331364,20.6109104,7.61212397,-5.86546993,39,84.9031296,58841.3828,4880.60645
9100,8.33632469,17.5331364,20.6109104,7.61212397,-5.86546993,40,85.6555939,59417.0859,4304.90234
9100,8.33632469,17.5331364,20.6109104,7.61212397,-5.86546993,41,85.7142868,59461.9883,4260
9100,8.33632469,17.5331364,20.6109104,7.61212397,-5.86546993,42,87.3701706,59956.4453,3771.31982
9100,8.33632469,17.5331364,20.6109104,7.61212397,-5.86546993,43,88.9976196,60450.8984,3313.82275
9100,8.33632469,17.5331364,20.6109104,7.61212397,-5.86546993,44,90.4898148,60945.3867,2954.1001
9100,8.33632469,17.5331364,20.6109104,7.61212397,-5.86546993,45,91.7158051,61443.8398,2735.64771
9100,8.33632469,17.5331364,20.6109104,7.61212397,-5.86546993,46,93.0449753,62038.2188,2444.21045
9100,8.33632469,17.5331364,20.6109104,7.61212397,-5.86546993,47,95.9239578,63056.2422,1434.94641
9100,8.33632469,17.5331364,20.6109104,7.61212397,-5.86546993,48,97.371788,63565.9453,925.245239
9100,8.33632469,17.5331364,20.6109104,7.61212397,-5.86546993,49,98.7763214,64060.3984,430.789917
9100,8.33632469,17.5331364,20.6109104,7.61212397,-5.86546993,50,100,64491.1875,0
9100,8.33632469,17.5331364,20.6109104,7.61212397,-5.86546993,51,100,64491.1875,0
9100,8.33632469,17.5331364,20.6109104,7.61212397,-5.86546993,52,100,64491.1875,0
9100,8.33632469,17.5331364,20.6109104,7.61212397,-5.86546993,53,100,64491.1875,0
9100,8.33632469,17.5331364,20.6109104,7.61212397,-5.86546993,54,100,64491.1875,0
9100,8.33632469,17.5331364,20.6109104,7.61212397,-5.86546993,55,100,64491.1875,0
9100,8.33632469,17.5331364,20.6109104,7.61212397,-5.86546993,56,100,64491.1875,0
9100,8.33632469,17.5331364,20.6109104,7.61212397,-5.86546993,57,100,64491.1875,0
9100,8.33632469,17.5331364,20.6109104,7.61212397,-5.86546993,58,100,64491.1875,0
9100,8.33632469,17.5331364,20.6109104,7.61212397,-5.86546993,59,100,64491.1875,0
9100,8.33632469,17.5331364,20.6109104,7.61212397,-5.86546993,60,100,64491.1875,0
9200,25.1019058,27.1246319,1.385777,9.49115181,11.9984751,0,0,0,54912
9200,25.1019058,27.1246319,1.385777,9.49115181,11.9984751,1,4.8294282,2883.31934,52085.6016
9200,25.1019058,27.1246319,1.385777,9.49115181,11.9984751,2,9.48171043,5766.63867,49592.1094
9200,25.1019058,27.1246319,1.385777,9.49115181,11.9984751,3,13.3839169,8650.0293,48060.0039
9200,25.1019058,27.1246319,1.385777,9.49115181,11.9984751,4,16.2728844,11540.1807,47517.8164
9200,25.1019058,27.1246319,1.385777,9.49115181,11.9984751,5,20.0492439,14509.335,45317.0859
9200,25.1019058,27.1246319,1.385777,9.49115181,11.9984751,6,23.7124271,17419.8008,43191.668
9200,25.1019058,27.1246319,1.385777,9.49115181,11.9984751,7,27.1999874,20307.168,41239.4336
9200,25.1019058,27.1246319,1.385777,9.49115181,11.9984751,8,30.8574753,23211.043,38793.0156
9200,25.1019058,27.1246319,1.385777,9.49115181,11.9984751,9,34.7270622,26146.4863,35882.1211
9200,25.1019058,27.1246319,1.385777,9.49115181,11.9984751,10,37.3115463,28210.2871,33818.4609
9200,25.1019058,27.1246319,1.385777,9.49115181,11.9984751,11,38.1728783,29096.6055,32932.1406
9200,25.1019058,27.1246319,1.385777,9.49115181,11.9984751,12,39.0342102,29982.9219,32045.8242
9200,25.1019058,27.1246319,1.385777,9.49115181,11.9984751,13,39.8955421,30869.2402,31159.5078
9200,25.1019058,27.1246319,1.385777,9.49115181,11.9984751,14,40.7568779,31755.5566,30273.1895
9200,25.1019058,27.1246319,1.385777,9.49115181,11.9984751,15,43.2548904,33249.4375,28790.4082
9200,25.1019058,27.1246319,1.385777,9.49115181,11.9984751,16,45.7096405,34743.3203,27367.5547
9200,25.1019058,27.1246319,1.385777,9.49115181,11.9984751,17,47.4795303,35739.4414,26630.4297
9200,25.1019058,27.1246319,1.385777,9.49115181,11.9984751,18,49.7942162,37197.7734,25720.2285
9200,25.1019058,27.1246319,1.385777,9.49115181,11.9984751,19,51.9052277,38662.6523,24888.1738
9200,25.1019058,27.1246319,1.385777,9.49115181,11.9984751,20,54.4766922,40156.4453,23589.6816
9200,25.1019058,27.1246319,1.385777,9.49115181,11.9984751,21,56.8139725,41615.5586,22569.5449
9200,25.1019058,27.1246319,1.385777,9.49115181,11.9984751,22,58.8883591,43074,21864.3789
9200,25.1019058,27.1246319,1.385777,9.49115181,11.9984751,23,60.783329,44537.7422,21302.4707
9200,25.1019058,27.1246319,1.385777,9.49115181,11.9984751,24,63.0397644,46026.9102,19991.7773
9200,25.1019058,27.1246319,1.385777,9.49115181,11.9984751,25,65.4289322,47547.6094,18472.459
9200,25.1019058,27.1246319,1.385777,9.49115181,11.9984751,26,66.5521393,48441.332,17578.7383
9200,25.1019058,27.1246319,1.385777,9.49115181,11.9984751,27,67.5841522,49291.8281,16728.2402
9200,25.1019058,27.1246319,1.385777,9.49115181,11.9984751,28,68.6161652,50142.3281,15877.7432
9200,25.1019058,27.1246319,1.385777,9.49115181,11.9984751,29,69.6481781,50992.8242,15027.2461
9200,25.1019058,27.1246319,1.385777,9.49115181,11.9984751,30,70.680191,51843.3203,14176.749
9200,25.1019058,27.1246319,1.385777,9.49115181,11.9984751,31,71.4285736,52460.0703,13560
9200,25.1019058,27.1246319,1.385777,9.49115181,11.9984751,32,72.3029556,53029.5156,12994.1611
9200,25.1019058,27.1246319,1.385777,9.49115181,11.9984751,33,73.1750946,53598.9648,12436.6943
9200,25.1019058,27.1246319,1.385777,9.49115181,11.9984751,34,74.0388641,54168.4141,11901.1426
9200,25.1019058,27.1246319,1.385777,9.49115181,11.9984751,35,74.8788071,54737.8594,11413.4131
9200,25.1019058,27.1246319,1.385777,9.49115181,11.9984751,36,75.6659317,55307.3086,11011.8496
9200,25.1019058,27.1246319,1.385777,9.49115181,11.9984751,37,76.3623505,55876.7617,10736.3076
9200,25.1019058,27.1246319,1.385777,9.49115181,11.9984751,38,76.9404755,56446.293,10605.2412
9200,25.1019058,27.1246319,1.385777,9.49115181,11.9984751,39,77.4063339,57016.4414,10592.4873
9200,25.1019058,27.1246319,1.385777,9.49115181,11.9984751,40,77.8048325,57589.6953,10623.0566
9200,25.1019058,27.1246319,1.385777,9.49115181,11.9984751,41,78.3520279,58172.3477,10334.3135
9200,25.1019058,27.1246319,1.385777,9.49115181,11.9984751,42,79.0559082,58771.1875,9769.37109
9200,25.1019058,27.1246319,1.385777,9.49115181,11.9984751,43,79.7941437,59382.5742,9158.91016
9200,25.1019058,27.1246319,1.385777,9.49115181,11.9984751,44,80.4856949,59954.832,8586.65625
9200,25.1019058,27.1246319,1.385777,9.49115181,11.9984751,45,81.173851,60524.2812,8017.2085
9200,25.1019058,27.1246319,1.385777,9.49115181,11.9984751,46,81.8619995,61093.7266,7447.76123
9200,25.1019058,27.1246319,1.385777,9.49115181,11.9984751,47,82.5501556,61663.1758,6878.31396
9200,25.1019058,27.1246319,1.385777,9.49115181,11.9984751,48,83.2383118,62232.6211,6308.8667
9200,25.1019058,27.1246319,1.385777,9.49115181,11.9984751,49,83.9264679,62802.0703,5739.41895
9200,25.1019058,27.1246319,1.385777,9.49115181,11.9984751,50,84.614624,63371.5156,5169.97168
9200,25.1019058,27.1246319,1.385777,9.49115181,11.9984751,51,85.3027725,63940.9648,4600.52441
9200,25.1019058,27.1246319,1.385777,9.49115181,11.9984751,52,85.7142868,64281.4883,4260
9200,25.1019058,27.1246319,1.385777,9.49115181,11.9984751,53,87.3509674,64770.5703,3779.85254
9200,25.1019058,27.1246319,1.385777,9.49115181,11.9984751,54,88.9443817,65259.6523,3347.94702
9200,25.1019058,27.1246319,1.385777,9.49115181,11.9984751,55,90.3366699,65748.7344,3067.35327
9200,25.1019058,27.1246319,1.385777,9.49115181,11.9984751,56,91.340683,66238.0391,3011.22656
9200,25.1019058,27.1246319,1.385777,9.49115181,11.9984751,57,92.1552658,66732.6094,2985.32129
9200,25.1019058,27.1246319,1.385777,9.49115181,11.9984751,58,93.4966507,67250.4531,2481.02295
9200,25.1019058,27.1246319,1.385777,9.49115181,11.9984751,59,94.780838,67740.375,1991.10583
9200,25.1019058,27.1246319,1.385777,9.49115181,11.9984751,60,96.0628433,68229.4531,1502.02405
9300,4.62169504,5.34830427,15.434063,7.72427082,12.2885294,0,0,0,54912
9300,4.62169504,5.34830427,15.434063,7.72427082,12.2885294,1,6.07933044,3621.84106,51301.3828
9300,4.62169504,5.34830427,15.434063,7.72427082,12.2885294,2,12.1137657,7243.68359,47756.4023
9300,4.62169504,5.34830427,15.434063,7.72427082,12.2885294,3,17.9428616,10866.5273,44400
9300,4.62169504,5.34830427,15.434063,7.72427082,12.2885294,4,23.5969696,14585.2705,41144.2188
9300,4.62169504,5.34830427,15.434063,7.72427082,12.2885294,5,31.4952297,19424.5059,36456.4961
9300,4.62169504,5.34830427,15.434063,7.72427082,12.2885294,6,36.5871544,22693.9766,33341.8164
9300,4.62169504,5.34830427,15.434063,7.72427082,12.2885294,7,37.8472099,23864.7168,32355.4609
9300,4.62169504,5.34830427,15.434063,7.72427082,12.2885294,8,39.4249191,25269.5801,31040.7988
9300,4.62169504,5.34830427,15.434063,7.72427082,12.2885294,9,41.5908165,27122.2031,29193.0156
9300,4.62169504,5.34830427,15.434063,7.72427082,12.2885294,10,42.8571434,28203.2461,28112
9300,4.62169504,5.34830427,15.434063,7.72427082,12.2885294,11,42.8571434,28203.2461,28112
9300,4.62169504,5.34830427,15.434063,7.72427082,12.2885294,12,42.8571434,28203.2461,28112
9300,4.62169504,5.34830427,15.434063,7.72427082,12.2885294,13,44.5049553,29271.5859,27045.6348
9300,4.62169504,5.34830427,15.434063,7.72427082,12.2885294,14,46.1492195,30339.9258,25987.2773
9300,4.62169504,5.34830427,15.434063,7.72427082,12.2885294,15,49.8359451,32171.4492,24193.1309
9300,4.62169504,5.34830427,15.434063,7.72427082,12.2885294,16,53.4640121,34003.1055,22462.0332
9300,4.62169504,5.34830427,15.434063,7.72427082,12.2885294,17,56.9656715,35840.0781,20824.6582
9300,4.62169504,5.34830427,15.434063,7.72427082,12.2885294,18,60.3943138,37756.0664,19192.5938
9300,4.62169504,5.34830427,15.434063,7.72427082,12.2885294,19,64.6074905,40125.4805,16973.166
9300,4.62169504,5.34830427,15.434063,7.72427082,12.2885294,20,70.4128571,43145.25,13956.9844
9300,4.62169504,5.34830427,15.434063,7.72427082,12.2885294,21,71.4285736,43542.2344,13560
9300,4.62169504,5.34830427,15.434063,7.72427082,12.2885294,22,71.4285736,43542.2344,13560
9300,4.62169504,5.34830427,15.434063,7.72427082,12.2885294,23,72.5272598,44257.5391,12845.4082
9300,4.62169504,5.34830427,15.434063,7.72427082,12.2885294,24,73.6253967,44972.8438,12132.4668
9300,4.62169504,5.34830427,15.434063,7.72427082,12.2885294,25,74.7214432,45688.1445,11423.8467
9300,4.62169504,5.34830427,15.434063,7.72427082,12.2885294,26,75.8114853,46403.4492,10724.6562
9300,4.62169504,5.34830427,15.434063,7.72427082,12.2885294,27,76.8878403,47118.7578,10042.4512
9300,4.62169504,5.34830427,15.434063,7.72427082,12.2885294,28,77.9395142,47834.1484,9385.01074
9300,4.62169504,5.34830427,15.434063,7.72427082,12.2885294,29,78.9573212,48550.6328,8754.98047
9300,4.62169504,5.34830427,15.434063,7.72427082,12.2885294,30,79.949028,49275.9062,8139.61426
9300,4.62169504,5.34830427,15.434063,7.72427082,12.2885294,31,80.9739685,50045.1719,7489.40723
9300,4.62169504,5.34830427,15.434063,7.72427082,12.2885294,32,82.23452,50947.7773,6644.75342
9300,4.62169504,5.34830427,15.434063,7.72427082,12.2885294,33,83.8780289,52079.9297,5519.28467
9300,4.62169504,5.34830427,15.434063,7.72427082,12.2885294,34,85.7142868,53339.3945,4260
9300,4.62169504,5.34830427,15.434063,7.72427082,12.2885294,35,85.7142868,53339.3945,4260
9300,4.62169504,5.34830427,15.434063,7.72427082,12.2885294,36,85.7142868,53339.3945,4260
9300,4.62169504,5.34830427,15.434063,7.72427082,12.2885294,37,85.7142868,53339.3945,4260
9300,4.62169504,5.34830427,15.434063,7.72427082,12.2885294,38,87.7736359,53953.75,3647.40845
9300,4.62169504,5.34830427,15.434063,7.72427082,12.2885294,39,89.8221283,54568.1016,3044.32886
9300,4.62169504,5.34830427,15.434063,7.72427082,12.2885294,40,91.817421,55182.4805,2471.05835
9300,4.62169504,5.34830427,15.434063,7.72427082,12.2885294,41,93.7039032,55799.9492,1939.00171
9300,4.62169504,5.34830427,15.434063,7.72427082,12.2885294,42,95.7409668,56492.1602,1339.19934
9300,4.62169504,5.34830427,15.434063,7.72427082,12.2885294,43,98.9842911,57514.4648,319.567902
9300,4.62169504,5.34830427,15.434063,7.72427082,12.2885294,44,100,57834.0312,0
9300,4.62169504,5.34830427,15.434063,7.72427082,12.2885294,45,100,57834.0312,0
9300,4.62169504,5.34830427,15.434063,7.72427082,12.2885294,46,100,57834.0312,0
9300,4.62169504,5.34830427,15.434063,7.72427082,12.2885294,47,100,57834.0312,0
9300,4.62169504,5.34830427,15.434063,7.72427082,12.2885294,48,100,57834.0312,0
9300,4.62169504,5.34830427,15.434063,7.72427082,12.2885294,49,100,57834.0312,0
9300,4.62169504,5.34830427,15.434063,7.72427082,12.2885294,50,100,57834.0312,0
9300,4.62169504,5.34830427,15.434063,7.72427082,12.2885294,51,100,57834.0312,0
9300,4.62169504,5.34830427,15.434063,7.72427082,12.2885294,52,100,57834.0312,0
9300,4.62169504,5.34830427,15.434063,7.72427082,12.2885294,53,100,57834.0312,0
9300,4.62169504,5.34830427,15.434063,7.72427082,12.2885294,54,100,57834.0312,0
9300,4.62169504,5.34830427,15.434063,7.72427082,12.2885294,55,100,57834.0312,0
9300,4.62169504,5.34830427,15.434063,7.72427082,12.2885294,56,100,57834.0312,0
9300,4.62169504,5.34830427,15.434063,7.72427082,12.2885294,57,100,57834.0312,0
9300,4.62169504,5.34830427,15.434063,7.72427082,12.2885294,58,100,57834.0312,0
9300,4.62169504,5.34830427,15.434063,7.72427082,12.2885294,59,100,57834.0312,0
9300,4.62169504,5.34830427,15.434063,7.72427082,12.2885294,60,100,57834.0312,0
9400,20.0715218,6.88863945,23.0704899,22.6762638,-8.79751492,0,0,0,54912
9400,20.0715218,6.88863945,23.0704899,22.6762638,-8.79751492,1,4.71151447,2807.36963,52119.0859
9400,20.0715218,6.88863945,23.0704899,22.6762638,-8.79751492,2,9.37828159,5614.74121,49410.7148
9400,20.0715218,6.88863945,23.0704899,22.6762638,-8.79751492,3,13.8421373,8423.36621,46945.2656
9400,20.0715218,6.88863945,23.0704899,22.6762638,-8.79751492,4,18.1800709,11352.1191,44612.8086
9400,20.0715218,6.88863945,23.0704899,22.6762638,-8.79751492,5,25.2268009,15684.4531,40475.625
9400,20.0715218,6.88863945,23.0704899,22.6762638,-8.79751492,6,30.4330807,18974.1172,37385.3359
9400,20.0715218,6.88863945,23.0704899,22.6762638,-8.79751492,7,34.8256569,21853.3945,34743.5469
9400,20.0715218,6.88863945,23.0704899,22.6762638,-8.79751492,8,37.0603828,23583.2773,33129.8398
9400,20.0715218,6.88863945,23.0704899,22.6762638,-8.79751492,9,39.1218147,25372.3164,31347.0352
9400,20.0715218,6.88863945,23.0704899,22.6762638,-8.79751492,10,41.2121239,27182.6895,29536.6973
9400,20.0715218,6.88863945,23.0704899,22.6762638,-8.79751492,11,42.2085609,28045.6699,28673.7168
9400,20.0715218,6.88863945,23.0704899,22.6762638,-8.79751492,12,42.8571434,28607.3867,28112
9400,20.0715218,6.88863945,23.0704899,22.6762638,-8.79751492,13,44.1343193,29435.4805,27286.4492
9400,20.0715218,6.88863945,23.0704899,22.6762638,-8.79751492,14,45.407959,30263.5762,26471.2129
9400,20.0715218,6.88863945,23.0704899,22.6762638,-8.79751492,15,48.2608223,31683.2305,25099.7012
9400,20.0715218,6.88863945,23.0704899,22.6762638,-8.79751492,16,51.0555,33103.0508,23809.4004
9400,20.0715218,6.88863945,23.0704899,22.6762638,-8.79751492,17,53.7275047,34529.5312,22640
9400,20.0715218,6.88863945,23.0704899,22.6762638,-8.79751492,18,56.3594818,36054.9883,21480.2344
9400,20.0715218,6.88863945,23.0704899,22.6762638,-8.79751492,19,59.9561195,38148.4297,19579.9766
9400,20.0715218,6.88863945,23.0704899,22.6762638,-8.79751492,20,65.842514,41315.7617,16417.2715
9400,20.0715218,6.88863945,23.0704899,22.6762638,-8.79751492,21,68.575943,42754.2852,14978.75
9400,20.0715218,6.88863945,23.0704899,22.6762638,-8.79751492,22,71.0363388,44017.4297,13715.6045
9400,20.0715218,6.88863945,23.0704899,22.6762638,-8.79751492,23,71.4285736,44173.0352,13560
9400,20.0715218,6.88863945,23.0704899,22.6762638,-8.79751492,24,72.2801743,44727.4805,13006.4688
9400,20.0715218,6.88863945,23.0704899,22.6762638,-8.79751492,25,73.131218,45281.9297,12455.0635
9400,20.0715218,6.88863945,23.0704899,22.6762638,-8.79751492,26,73.9801788,45836.375,11909.2246
9400,20.0715218,6.88863945,23.0704899,22.6762638,-8.79751492,27,74.8231506,46390.8242,11375.5303
9400,20.0715218,6.88863945,23.0704899,22.6762638,-8.79751492,28,75.6525116,46945.2773,10863.7139
9400,20.0715218,6.88863945,23.0704899,22.6762638,-8.79751492,29,76.4574356,47499.8359,10383.7959
9400,20.0715218,6.88863945,23.0704899,22.6762638,-8.79751492,30,77.2294312,48055.7617,9939.22363
9400,20.0715218,6.88863945,23.0704899,22.6762638,-8.79751492,31,77.9794617,48622.6953,9513.84668
9400,20.0715218,6.88863945,23.0704899,22.6762638,-8.79751492,32,78.7790833,49244.7383,9045.15234
9400,20.0715218,6.88863945,23.0704899,22.6762638,-8.79751492,33,79.8588562,50033.8125,8330.72363
9400,20.0715218,6.88863945,23.0704899,22.6762638,-8.79751492,34,81.3988419,51110.4219,7262.71973
9400,20.0715218,6.88863945,23.0704899,22.6762638,-8.79751492,35,83.2662659,52409.9844,5963.39307
9400,20.0715218,6.88863945,23.0704899,22.6762638,-8.79751492,36,84.1348877,53014.3984,5358.98242
9400,20.0715218,6.88863945,23.0704899,22.6762638,-8.79751492,37,84.9317093,53568.8438,4804.53467
9400,20.0715218,6.88863945,23.0704899,22.6762638,-8.79751492,38,85.7142868,54113.3789,4260
9400,20.0715218,6.88863945,23.0704899,22.6762638,-8.79751492,39,87.3103485,54589.5781,3786.07007
9400,20.0715218,6.88863945,23.0704899,22.6762638,-8.79751492,40,88.8955688,55065.7773,3324.39185
9400,20.0715218,6.88863945,23.0704899,22.6762638,-8.79751492,41,90.4279633,55542.0078,2901.10889
9400,20.0715218,6.88863945,23.0704899,22.6762638,-8.79751492,42,91.8559799,56022.1094,2531.01831
9400,20.0715218,6.88863945,23.0704899,22.6762638,-8.79751492,43,93.4935074,56595.8359,2076.31396
9400,20.0715218,6.88863945,23.0704899,22.6762638,-8.79751492,44,96.5789185,57583.0508,1092.53931
9400,20.0715218,6.88863945,23.0704899,22.6762638,-8.79751492,45,98.1166458,58074.1328,601.459106
9400,20.0715218,6.88863945,23.0704899,22.6762638,-8.79751492,46,99.6077728,58550.332,125.260201
9400,20.0715218,6.88863945,23.0704899,22.6762638,-8.79751492,47,100,58675.5938,0
9400,20.0715218,6.88863945,23.0704899,22.6762638,-8.79751492,48,100,58675.5938,0
9400,20.0715218,6.88863945,23.0704899,22.6762638,-8.79751492,49,100,58675.5938,0
9400,20.0715218,6.88863945,23.0704899,22.6762638,-8.79751492,50,100,58675.5938,0
9400,20.0715218,6.88863945,23.0704899,22.6762638,-8.79751492,51,100,58675.5938,0
9400,20.0715218,6.88863945,23.0704899,22.6762638,-8.79751492,52,100,58675.5938,0
9400,20.0715218,6.88863945,23.0704899,22.6762638,-8.79751492,53,100,58675.5938,0
9400,20.0715218,6.88863945,23.0704899,22.6762638,-8.79751492,54,100,58675.5938,0
9400,20.0715218,6.88863945,23.0704899,22.6762638,-8.79751492,55,100,58675.5938,0
9400,20.0715218,6.88863945,23.0704899,22.6762638,-8.79751492,56,100,58675.5938,0
9400,20.0715218,6.88863945,23.0704899,22.6762638,-8.79751492,57,100,58675.5938,0
9400,20.0715218,6.88863945,23.0704899,22.6762638,-8.79751492,58,100,58675.5938,0
9400,20.0715218,6.88863945,23.0704899,22.6762638,-8.79751492,59,100,58675.5938,0
9400,20.0715218,6.88863945,23.0704899,22.6762638,-8.79751492,60,100,58675.5938,0
9500,18.708725,18.7732716,14.8290834,22.7392254,-14.0179491,0,0,0,54912
9500,18.708725,18.7732716,14.8290834,22.7392254,-14.0179491,1,4.51463604,2693.18359,52258.2109
9500,18.708725,18.7732716,14.8290834,22.7392254,-14.0179491,2,8.91374397,5386.36816,49834.832
9500,18.708725,18.7732716,14.8290834,22.7392254,-14.0179491,3,12.8090534,8080.37256,48076.0664
9500,18.708725,18.7732716,14.8290834,22.7392254,-14.0179491,4,16.0873528,10852.9082,46928.5859
9500,18.708725,18.7732716,14.8290834,22.7392254,-14.0179491,5,21.3673859,14543.0098,43770.3164
9500,18.708725,18.7732716,14.8290834,22.7392254,-14.0179491,6,25.549942,17551.4844,41305.1836
9500,18.708725,18.7732716,14.8290834,22.7392254,-14.0179491,7,29.1765671,20291.6758,39212.207
9500,18.708725,18.7732716,14.8290834,22.7392254,-14.0179491,8,33.1062927,23223.5898,36596.9062
9500,18.708725,18.7732716,14.8290834,22.7392254,-14.0179491,9,37.2501717,26332.9512,33504.5352
9500,18.708725,18.7732716,14.8290834,22.7392254,-14.0179491,10,38.7548676,27780.1699,32057.4141
9500,18.708725,18.7732716,14.8290834,22.7392254,-14.0179491,11,39.6156578,28608.0469,31229.5371
9500,18.708725,18.7732716,14.8290834,22.7392254,-14.0179491,12,40.4764442,29435.916,30401.666
9500,18.708725,18.7732716,14.8290834,22.7392254,-14.0179491,13,41.3372307,30263.7871,29573.7949
9500,18.708725,18.7732716,14.8290834,22.7392254,-14.0179491,14,42.1980133,31091.6582,28745.9258
9500,18.708725,18.7732716,14.8290834,22.7392254,-14.0179491,15,44.3868828,32293.082,27552.1836
9500,18.708725,18.7732716,14.8290834,22.7392254,-14.0179491,16,47.1131516,33654.9922,26246.3633
9500,18.708725,18.7732716,14.8290834,22.7392254,-14.0179491,17,49.6968803,35016.9297,25098.7188
9500,18.708725,18.7732716,14.8290834,22.7392254,-14.0179491,18,51.9728889,36382.0117,24229.5957
9500,18.708725,18.7732716,14.8290834,22.7392254,-14.0179491,19,54.140522,37823.2383,23495.1367
9500,18.708725,18.7732716,14.8290834,22.7392254,-14.0179491,20,57.2268562,39604.582,22246.791
9500,18.708725,18.7732716,14.8290834,22.7392254,-14.0179491,21,59.3501472,41044.5742,21430.9688
9500,18.708725,18.7732716,14.8290834,22.7392254,-14.0179491,22,62.0636635,42767.7617,19831.3066
9500,18.708725,18.7732716,14.8290834,22.7392254,-14.0179491,23,65.3234024,44857.1875,17742.8359
9500,18.708725,18.7732716,14.8290834,22.7392254,-14.0179491,24,67.6392517,46219.3477,16380.6768
9500,18.708725,18.7732716,14.8290834,22.7392254,-14.0179491,25,68.9665909,47144.418,15455.6055
9500,18.708725,18.7732716,14.8290834,22.7392254,-14.0179491,26,69.9983597,47938.832,14661.1924
9500,18.708725,18.7732716,14.8290834,22.7392254,-14.0179491,27,71.0301285,48733.2422,13866.7803
9500,18.708725,18.7732716,14.8290834,22.7392254,-14.0179491,28,71.4285736,49040.0234,13560
9500,18.708725,18.7732716,14.8290834,22.7392254,-14.0179491,29,72.2453995,49571.9219,13030.6016
9500,18.708725,18.7732716,14.8290834,22.7392254,-14.0179491,30,73.0607681,50103.8164,12506.9971
9500,18.708725,18.7732716,14.8290834,22.7392254,-14.0179491,31,73.8707123,50635.7109,11998.5605
9500,18.708725,18.7732716,14.8290834,22.7392254,-14.0179491,32,74.6651459,51167.6094,11523.2227
9500,18.708725,18.7732716,14.8290834,22.7392254,-14.0179491,33,75.4248505,51699.5078,11107.5176
9500,18.708725,18.7732716,14.8290834,22.7392254,-14.0179491,34,76.1237564,52231.4766,10778.9678
9500,18.708725,18.7732716,14.8290834,22.7392254,-14.0179491,35,76.7416458,52764.3398,10549.5703
9500,18.708725,18.7732716,14.8290834,22.7392254,-14.0179491,36,77.2864151,53304.3984,10395.292
9500,18.708725,18.7732716,14.8290834,22.7392254,-14.0179491,37,77.8208923,53880.4844,10237.1182
9500,18.708725,18.7732716,14.8290834,22.7392254,-14.0179491,38,78.5911789,54565.7617,9755.26074
9500,18.708725,18.7732716,14.8290834,22.7392254,-14.0179491,39,79.7054977,55439.0156,8905.46875
9500,18.708725,18.7732716,14.8290834,22.7392254,-14.0179491,40,81.0229874,56458.0156,7887.10791
9500,18.708725,18.7732716,14.8290834,22.7392254,-14.0179491,41,81.7531891,57022.5742,7322.55273
9500,18.708725,18.7732716,14.8290834,22.7392254,-14.0179491,42,82.4411392,57554.4727,6790.65674
9500,18.708725,18.7732716,14.8290834,22.7392254,-14.0179491,43,83.1290894,58086.3672,6258.76025
9500,18.708725,18.7732716,14.8290834,22.7392254,-14.0179491,44,83.8170471,58618.2617,5726.86426
9500,18.708725,18.7732716,14.8290834,22.7392254,-14.0179491,45,84.5049973,59150.1602,5194.96826
9500,18.708725,18.7732716,14.8290834,22.7392254,-14.0179491,46,85.192955,59682.0547,4663.07227
9500,18.708725,18.7732716,14.8290834,22.7392254,-14.0179491,47,85.7142868,60085.1289,4260
9500,18.708725,18.7732716,14.8290834,22.7392254,-14.0179491,48,87.2440262,60541.957,3809.35327
9500,18.708725,18.7732716,14.8290834,22.7392254,-14.0179491,49,88.7456436,60998.7891,3392.0957
9500,18.708725,18.7732716,14.8290834,22.7392254,-14.0179491,50,90.113945,61455.6406,3079.54248
9500,18.708725,18.7732716,14.8290834,22.7392254,-14.0179491,51,91.2178879,61915.0195,2919.96704
9500,18.708725,18.7732716,14.8290834,22.7392254,-14.0179491,52,92.3317032,62435.6094,2723.74829
9500,18.708725,18.7732716,14.8290834,22.7392254,-14.0179491,53,94.5420456,63226.5039,1942.22632
9500,18.708725,18.7732716,14.8290834,22.7392254,-14.0179491,54,95.8531418,63693.0664,1475.66907
9500,18.708725,18.7732716,14.8290834,22.7392254,-14.0179491,55,97.1369095,64149.8945,1018.83893
9500,18.708725,18.7732716,14.8290834,22.7392254,-14.0179491,56,98.4206696,64606.7266,562.00885
9500,18.708725,18.7732716,14.8290834,22.7392254,-14.0179491,57,99.7044296,65063.5547,105.178719
9500,18.708725,18.7732716,14.8290834,22.7392254,-14.0179491,58,100,65168.7344,0
9500,18.708725,18.7732716,14.8290834,22.7392254,-14.0179491,59,100,65168.7344,0
9500,18.708725,18.7732716,14.8290834,22.7392254,-14.0179491,60,100,65168.7344,0
9600,14.7077951,19.0441666,9.9033823,5.0530858,-7.78829956,0,0,0,54912
9600,14.7077951,19.0441666,9.9033823,5.0530858,-7.78829956,1,4.34790754,2593.79126,52358.1719
9600,14.7077951,19.0441666,9.9033823,5.0530858,-7.78829956,2,8.58297729,5187.5835,50038.0781
9600,14.7077951,19.0441666,9.9033823,5.0530858,-7.78829956,3,12.3261061,7781.94971,48392.4453
9600,14.7077951,19.0441666,9.9033823,5.0530858,-7.78829956,4,15.4342651,10431.3438,47391.5547
9600,14.7077951,19.0441666,9.9033823,5.0530858,-7.78829956,5,20.0921535,13723.6797,44638.7266
9600,14.7077951,19.0441666,9.9033823,5.0530858,-7.78829956,6,23.9787807,16538.3965,42375.1914
9600,14.7077951,19.0441666,9.9033823,5.0530858,-7.78829956,7,27.4475651,19165.127,40405.0156
9600,14.7077951,19.0441666,9.9033823,5.0530858,-7.78829956,8,31.1574059,21926.1973,37965.125
9600,14.7077951,19.0441666,9.9033823,5.0530858,-7.78829956,9,35.2635002,24944.1953,34964.3672
9600,14.7077951,19.0441666,9.9033823,5.0530858,-7.78829956,10,37.9443703,27061.0215,32847.6367
9600,14.7077951,19.0441666,9.9033823,5.0530858,-7.78829956,11,38.7715149,27858.3438,32050.3145
9600,14.7077951,19.0441666,9.9033823,5.0530858,-7.78829956,12,39.5986557,28655.6621,31252.9961
9600,14.7077951,19.0441666,9.9033823,5.0530858,-7.78829956,13,40.4258003,29452.9805,30455.6777
9600,14.7077951,19.0441666,9.9033823,5.0530858,-7.78829956,14,41.2529411,30250.2969,29658.3594
9600,14.7077951,19.0441666,9.9033823,5.0530858,-7.78829956,15,43.5533333,31594.1699,28322.2793
9600,14.7077951,19.0441666,9.9033823,5.0530858,-7.78829956,16,45.7761803,32889.7695,27076.5508
9600,14.7077951,19.0441666,9.9033823,5.0530858,-7.78829956,17,48.2712479,34201.4375,25953.7578
9600,14.7077951,19.0441666,9.9033823,5.0530858,-7.78829956,18,50.4975967,35515.3086,25053.2383
9600,14.7077951,19.0441666,9.9033823,5.0530858,-7.78829956,19,52.6446953,36882.457,24220.1582
9600,14.7077951,19.0441666,9.9033823,5.0530858,-7.78829956,20,55.5353279,38484.9727,22937.6582
9600,14.7077951,19.0441666,9.9033823,5.0530858,-7.78829956,21,57.625679,39808.1992,22143.3086
9600,14.7077951,19.0441666,9.9033823,5.0530858,-7.78829956,22,59.6131439,41166.0938,21418.5898
9600,14.7077951,19.0441666,9.9033823,5.0530858,-7.78829956,23,62.0970879,42730.8906,19979.0996
9600,14.7077951,19.0441666,9.9033823,5.0530858,-7.78829956,24,64.9819489,44552.3125,18158.6484
9600,14.7077951,19.0441666,9.9033823,5.0530858,-7.78829956,25,67.1186066,45824.9258,16886.0352
9600,14.7077951,19.0441666,9.9033823,5.0530858,-7.78829956,26,68.1100388,46590.0195,16120.9404
9600,14.7077951,19.0441666,9.9033823,5.0530858,-7.78829956,27,69.1014709,47355.1133,15355.8457
9600,14.7077951,19.0441666,9.9033823,5.0530858,-7.78829956,28,70.0928955,48120.2109,14590.751
9600,14.7077951,19.0441666,9.9033823,5.0530858,-7.78829956,29,71.0843277,48885.3047,13825.6562
9600,14.7077951,19.0441666,9.9033823,5.0530858,-7.78829956,30,71.4285736,49150.9609,13560
9600,14.7077951,19.0441666,9.9033823,5.0530858,-7.78829956,31,72.2152481,49663.2266,13050.2666
9600,14.7077951,19.0441666,9.9033823,5.0530858,-7.78829956,32,73.0005035,50175.4922,12546.4121
9600,14.7077951,19.0441666,9.9033823,5.0530858,-7.78829956,33,73.7804565,50687.7617,12057.9434
9600,14.7077951,19.0441666,9.9033823,5.0530858,-7.78829956,34,74.5452652,51200.0273,11603.0518
9600,14.7077951,19.0441666,9.9033823,5.0530858,-7.78829956,35,75.2761536,51712.2969,11208.6543
9600,14.7077951,19.0441666,9.9033823,5.0530858,-7.78829956,36,75.9476929,52224.6133,10902.6904
9600,14.7077951,19.0441666,9.9033823,5.0530858,-7.78829956,37,76.539917,52737.5586,10697.5918
9600,14.7077951,19.0441666,9.9033823,5.0530858,-7.78829956,38,77.0583267,53255.543,10570.9531
9600,14.7077951,19.0441666,9.9033823,5.0530858,-7.78829956,39,77.5540771,53798.7734,10451.665
9600,14.7077951,19.0441666,9.9033823,5.0530858,-7.78829956,40,78.2411652,54418.5156,10038.2783
9600,14.7077951,19.0441666,9.9033823,5.0530858,-7.78829956,41,79.1962967,55169.9688,9310.62109
9600,14.7077951,19.0441666,9.9033823,5.0530858,-7.78829956,42,80.2973557,56023.5547,8457.68848
9600,14.7077951,19.0441666,9.9033823,5.0530858,-7.78829956,43,80.9879379,56558.707,7922.53857
9600,14.7077951,19.0441666,9.9033823,5.0530858,-7.78829956,44,81.6490021,57070.9727,7410.27197
9600,14.7077951,19.0441666,9.9033823,5.0530858,-7.78829956,45,82.3100586,57583.2383,6898.00586
9600,14.7077951,19.0441666,9.9033823,5.0530858,-7.78829956,46,82.9711151,58095.5078,6385.73926
9600,14.7077951,19.0441666,9.9033823,5.0530858,-7.78829956,47,83.6321716,58607.7734,5873.47266
9600,14.7077951,19.0441666,9.9033823,5.0530858,-7.78829956,48,84.2932281,59120.0391,5361.20654
9600,14.7077951,19.0441666,9.9033823,5.0530858,-7.78829956,49,84.9542847,59632.3047,4848.93994
9600,14.7077951,19.0441666,9.9033823,5.0530858,-7.78829956,50,85.6153412,60144.5703,4336.67383
9600,14.7077951,19.0441666,9.9033823,5.0530858,-7.78829956,51,85.7142868,60221.2461,4260
9600,14.7077951,19.0441666,9.9033823,5.0530858,-7.78829956,52,87.1875381,60661.2148,3826.302
9600,14.7077951,19.0441666,9.9033823,5.0530858,-7.78829956,53,88.6333237,61101.1875,3426.47461
9600,14.7077951,19.0441666,9.9033823,5.0530858,-7.78829956,54,89.9489517,61541.1719,3132.86938
9600,14.7077951,19.0441666,9.9033823,5.0530858,-7.78829956,55,91.0048676,61982.9297,2995.24268
9600,14.7077951,19.0441666,9.9033823,5.0530858,-7.78829956,56,92.02388,62467.5781,2839.64648
9600,14.7077951,19.0441666,9.9033823,5.0530858,-7.78829956,57,93.9018784,63141.6289,2175.10425
9600,14.7077951,19.0441666,9.9033823,5.0530858,-7.78829956,58,95.1544876,63588.418,1728.31824
9600,14.7077951,19.0441666,9.9033823,5.0530858,-7.78829956,59,96.3879929,64028.3867,1288.34753
9600,14.7077951,19.0441666,9.9033823,5.0530858,-7.78829956,60,97.6214905,64468.3594,848.37677
9700,4.21632051,28.4412651,22.9864655,4.66060257,18.2530422,0,0,0,54912
9700,4.21632051,28.4412651,22.9864655,4.66060257,18.2530422,1,6.23254061,3721.49902,51250.1836
9700,4.21632051,28.4412651,22.9864655,4.66060257,18.2530422,2,12.2256746,7443,47937.4336
9700,4.21632051,28.4412651,22.9864655,4.66060257,18.2530422,3,17.2124882,11165.998,45631.3125
9700,4.21632051,28.4412651,22.9864655,4.66060257,18.2530422,4,21.0522251,15032.4297,44226.8164
9700,4.21632051,28.4412651,22.9864655,4.66060257,18.2530422,5,28.3804073,20574.7402,39490.2266
9700,4.21632051,28.4412651,22.9864655,4.66060257,18.2530422,6,33.8400574,24872.0996,36016.0234
9700,4.21632051,28.4412651,22.9864655,4.66060257,18.2530422,7,36.6398888,27513.1504,34355.4922
9700,4.21632051,28.4412651,22.9864655,4.66060257,18.2530422,8,37.9012985,29093.1465,33255.1602
9700,4.21632051,28.4412651,22.9864655,4.66060257,18.2530422,9,40.0491295,31342.8418,31031.207
9700,4.21632051,28.4412651,22.9864655,4.66060257,18.2530422,10,42.2375069,33618.0117,28756.1816
9700,4.21632051,28.4412651,22.9864655,4.66060257,18.2530422,11,42.8571434,34262.1953,28112
9700,4.21632051,28.4412651,22.9864655,4.66060257,18.2530422,12,42.8571434,34262.1953,28112
9700,4.21632051,28.4412651,22.9864655,4.66060257,18.2530422,13,44.5487404,35359.9297,27024.7676
9700,4.21632051,28.4412651,22.9864655,4.66060257,18.2530422,14,46.2210732,36457.668,25980.1133
9700,4.21632051,28.4412651,22.9864655,4.66060257,18.2530422,15,49.9160042,38339.5859,24296.9668
9700,4.21632051,28.4412651,22.9864655,4.66060257,18.2530422,16,53.3144531,40221.707,22949.5996
9700,4.21632051,28.4412651,22.9864655,4.66060257,18.2530422,17,56.1034889,42111.7734,22120.9414
9700,4.21632051,28.4412651,22.9864655,4.66060257,18.2530422,18,58.2766876,44120.0234,21622.5371
9700,4.21632051,28.4412651,22.9864655,4.66060257,18.2530422,19,61.5569344,46806.4453,19733.7109
9700,4.21632051,28.4412651,22.9864655,4.66060257,18.2530422,20,67.6678009,50775.0938,15784.1592
9700,4.21632051,28.4412651,22.9864655,4.66060257,18.2530422,21,70.5470123,52577.043,13982.2139
9700,4.21632051,28.4412651,22.9864655,4.66060257,18.2530422,22,71.4285736,52999.2578,13560
9700,4.21632051,28.4412651,22.9864655,4.66060257,18.2530422,23,72.5571213,53734.2422,12828.7979
9700,4.21632051,28.4412651,22.9864655,4.66060257,18.2530422,24,73.6826324,54469.2266,12106.375
9700,4.21632051,28.4412651,22.9864655,4.66060257,18.2530422,25,74.7968063,55204.2148,11406.9297
9700,4.21632051,28.4412651,22.9864655,4.66060257,18.2530422,26,75.8787842,55939.1992,10757.6289
9700,4.21632051,28.4412651,22.9864655,4.66060257,18.2530422,27,76.8894806,56674.1914,10198.6709
9700,4.21632051,28.4412651,22.9864655,4.66060257,18.2530422,28,77.7783127,57409.3125,9771.72852
9700,4.21632051,28.4412651,22.9864655,4.66060257,18.2530422,29,78.5109406,58146.0625,9494.72461
9700,4.21632051,28.4412651,22.9864655,4.66060257,18.2530422,30,79.1103821,58895.957,9329.2832
9700,4.21632051,28.4412651,22.9864655,4.66060257,18.2530422,31,79.6957016,59711.6523,9146.71875
9700,4.21632051,28.4412651,22.9864655,4.66060257,18.2530422,32,80.6996231,60726.7773,8439.77051
9700,4.21632051,28.4412651,22.9864655,4.66060257,18.2530422,33,82.2969818,62085.2305,7116.85986
9700,4.21632051,28.4412651,22.9864655,4.66060257,18.2530422,34,84.2393112,63709.8828,5493.17676
9700,4.21632051,28.4412651,22.9864655,4.66060257,18.2530422,35,85.1897583,64504.5273,4698.53955
9700,4.21632051,28.4412651,22.9864655,4.66060257,18.2530422,36,85.7142868,64943.0664,4260
9700,4.21632051,28.4412651,22.9864655,4.66060257,18.2530422,37,85.7142868,64943.0664,4260
9700,4.21632051,28.4412651,22.9864655,4.66060257,18.2530422,38,87.8265381,65574.3203,3638.11011
9700,4.21632051,28.4412651,22.9864655,4.66060257,18.2530422,39,89.8802795,66205.5781,3066.8042
9700,4.21632051,28.4412651,22.9864655,4.66060257,18.2530422,40,91.6630249,66836.875,2654.11768
9700,4.21632051,28.4412651,22.9864655,4.66060257,18.2530422,41,92.939003,67472.7969,2472.40234
9700,4.21632051,28.4412651,22.9864655,4.66060257,18.2530422,42,94.2371063,68220.5,2216.10986
9700,4.21632051,28.4412651,22.9864655,4.66060257,18.2530422,43,97.4350357,69461.9141,988.901672
9700,4.21632051,28.4412651,22.9864655,4.66060257,18.2530422,44,99.1184464,70110.9375,339.877472
9700,4.21632051,28.4412651,22.9864655,4.66060257,18.2530422,45,100,70450.8203,0
9700,4.21632051,28.4412651,22.9864655,4.66060257,18.2530422,46,100,70450.8203,0
9700,4.21632051,28.4412651,22.9864655,4.66060257,18.2530422,47,100,70450.8203,0
9700,4.21632051,28.4412651,22.9864655,4.66060257,18.2530422,48,100,70450.8203,0
9700,4.21632051,28.4412651,22.9864655,4.66060257,18.2530422,49,100,70450.8203,0
9700,4.21632051,28.4412651,22.9864655,4.66060257,18.2530422,50,100,70450.8203,0
9700,4.21632051,28.4412651,22.9864655,4.66060257,18.2530422,51,100,70450.8203,0
9700,4.21632051,28.4412651,22.9864655,4.66060257,18.2530422,52,100,70450.8203,0
9700,4.21632051,28.4412651,22.9864655,4.66060257,18.2530422,53,100,70450.8203,0
9700,4.21632051,28.4412651,22.9864655,4.66060257,18.2530422,54,100,70450.8203,0
9700,4.21632051,28.4412651,22.9864655,4.66060257,18.2530422,55,100,70450.8203,0
9700,4.21632051,28.4412651,22.9864655,4.66060257,18.2530422,56,100,70450.8203,0
9700,4.21632051,28.4412651,22.9864655,4.66060257,18.2530422,57,100,70450.8203,0
9700,4.21632051,28.4412651,22.9864655,4.66060257,18.2530422,58,100,70450.8203,0
9700,4.21632051,28.4412651,22.9864655,4.66060257,18.2530422,59,100,70450.8203,0
9700,4.21632051,28.4412651,22.9864655,4.66060257,18.2530422,60,100,70450.8203,0
9800,8.48862362,3.63509321,21.6116619,15.1995859,6.62871599,0,0,0,54912
9800,8.48862362,3.63509321,21.6116619,15.1995859,6.62871599,1,5.92420578,3528.83228,51390.7969
9800,8.48862362,3.63509321,21.6116619,15.1995859,6.62871599,2,11.8186283,7057.6665,47914.2031
9800,8.48862362,3.63509321,21.6116619,15.1995859,6.62871599,3,17.5771179,10587.8457,44565.1172
9800,8.48862362,3.63509321,21.6116619,15.1995859,6.62871599,4,23.3340321,14246.8643,41220.7578
9800,8.48862362,3.63509321,21.6116619,15.1995859,6.62871599,5,31.9856224,19411.248,36159.3555
9800,8.48862362,3.63509321,21.6116619,15.1995859,6.62871599,6,36.4550896,22272.041,33403.7695
9800,8.48862362,3.63509321,21.6116619,15.1995859,6.62871599,7,37.7631798,23433.9082,32367.2246
9800,8.48862362,3.63509321,21.6116619,15.1995859,6.62871599,8,39.4745865,24910.3145,30952.123
9800,8.48862362,3.63509321,21.6116619,15.1995859,6.62871599,9,41.945755,26988.2832,28877.4453
9800,8.48862362,3.63509321,21.6116619,15.1995859,6.62871599,10,42.8571434,28004.3906,28112
9800,8.48862362,3.63509321,21.6116619,15.1995859,6.62871599,11,42.8571434,28004.3906,28112
9800,8.48862362,3.63509321,21.6116619,15.1995859,6.62871599,12,42.8571434,28004.3906,28112
9800,8.48862362,3.63509321,21.6116619,15.1995859,6.62871599,13,44.4627495,29045.2969,27072.4375
9800,8.48862362,3.63509321,21.6116619,15.1995859,6.62871599,14,46.0660057,30086.2012,26038.3164
9800,8.48862362,3.63509321,21.6116619,15.1995859,6.62871599,15,49.6647873,31870.6914,24279.2305
9800,8.48862362,3.63509321,21.6116619,15.1995859,6.62871599,16,53.2246208,33655.3633,22562.9082
9800,8.48862362,3.63509321,21.6116619,15.1995859,6.62871599,17,56.705101,35447.1719,20906.7578
9800,8.48862362,3.63509321,21.6116619,15.1995859,6.62871599,18,60.218338,37345.1367,19201.7676
9800,8.48862362,3.63509321,21.6116619,15.1995859,6.62871599,19,64.7885666,39852.2773,16796.5684
9800,8.48862362,3.63509321,21.6116619,15.1995859,6.62871599,20,70.8754349,42878.7109,13772.5742
9800,8.48862362,3.63509321,21.6116619,15.1995859,6.62871599,21,71.4285736,43091.2852,13560
9800,8.48862362,3.63509321,21.6116619,15.1995859,6.62871599,22,71.4285736,43091.2852,13560
9800,8.48862362,3.63509321,21.6116619,15.1995859,6.62871599,23,72.4990768,43788.2188,12863.5488
9800,8.48862362,3.63509321,21.6116619,15.1995859,6.62871599,24,73.5692062,44485.1562,12168.2207
9800,8.48862362,3.63509321,21.6116619,15.1995859,6.62871599,25,74.6379623,45182.0898,11475.8281
9800,8.48862362,3.63509321,21.6116619,15.1995859,6.62871599,26,75.7027283,45879.0234,10789.8457
9800,8.48862362,3.63509321,21.6116619,15.1995859,6.62871599,27,76.7584076,46575.9648,10115.4043
9800,8.48862362,3.63509321,21.6116619,15.1995859,6.62871599,28,77.797699,47273.0195,9457.7373
9800,8.48862362,3.63509321,21.6116619,15.1995859,6.62871599,29,78.8153305,47971.5391,8817.97754
9800,8.48862362,3.63509321,21.6116619,15.1995859,6.62871599,30,79.824028,48681.8672,8182.35059
9800,8.48862362,3.63509321,21.6116619,15.1995859,6.62871599,31,80.898941,49451.2969,7493.83984
9800,8.48862362,3.63509321,21.6116619,15.1995859,6.62871599,32,82.2669144,50399.8711,6584.65576
9800,8.48862362,3.63509321,21.6116619,15.1995859,6.62871599,33,84.1249542,51656.8359,5332.23291
9800,8.48862362,3.63509321,21.6116619,15.1995859,6.62871599,34,85.7142868,52729.1914,4260
9800,8.48862362,3.63509321,21.6116619,15.1995859,6.62871599,35,85.7142868,52729.1914,4260
9800,8.48862362,3.63509321,21.6116619,15.1995859,6.62871599,36,85.7142868,52729.1914,4260
9800,8.48862362,3.63509321,21.6116619,15.1995859,6.62871599,37,85.7142868,52729.1914,4260
9800,8.48862362,3.63509321,21.6116619,15.1995859,6.62871599,38,87.7210236,53327.7695,3662.62061
9800,8.48862362,3.63509321,21.6116619,15.1995859,6.62871599,39,89.7205505,53926.3438,3071.7063
9800,8.48862362,3.63509321,21.6116619,15.1995859,6.62871599,40,91.6847229,54524.957,2501.03516
9800,8.48862362,3.63509321,21.6116619,15.1995859,6.62871599,41,93.5824432,55127.7188,1956.32568
9800,8.48862362,3.63509321,21.6116619,15.1995859,6.62871599,42,95.7444992,55830.8984,1315.9552
9800,8.48862362,3.63509321,21.6116619,15.1995859,6.62871599,43,99.4468689,56977.5469,171.119522
9800,8.48862362,3.63509321,21.6116619,15.1995859,6.62871599,44,100,57148.668,0
9800,8.48862362,3.63509321,21.6116619,15.1995859,6.62871599,45,100,57148.668,0
9800,8.48862362,3.63509321,21.6116619,15.1995859,6.62871599,46,100,57148.668,0
9800,8.48862362,3.63509321,21.6116619,15.1995859,6.62871599,47,100,57148.668,0
9800,8.48862362,3.63509321,21.6116619,15.1995859,6.62871599,48,100,57148.668,0
9800,8.48862362,3.63509321,21.6116619,15.1995859,6.62871599,49,100,57148.668,0
9800,8.48862362,3.63509321,21.6116619,15.1995859,6.62871599,50,100,57148.668,0
9800,8.48862362,3.63509321,21.6116619,15.1995859,6.62871599,51,100,57148.668,0
9800,8.48862362,3.63509321,21.6116619,15.1995859,6.62871599,52,100,57148.668,0
9800,8.48862362,3.63509321,21.6116619,15.1995859,6.62871599,53,100,57148.668,0
9800,8.48862362,3.63509321,21.6116619,15.1995859,6.62871599,54,100,57148.668,0
9800,8.48862362,3.63509321,21.6116619,15.1995859,6.62871599,55,100,57148.668,0
9800,8.48862362,3.63509321,21.6116619,15.1995859,6.62871599,56,100,57148.668,0
9800,8.48862362,3.63509321,21.6116619,15.1995859,6.62871599,57,100,57148.668,0
9800,8.48862362,3.63509321,21.6116619,15.1995859,6.62871599,58,100,57148.668,0
9800,8.48862362,3.63509321,21.6116619,15.1995859,6.62871599,59,100,57148.668,0
9800,8.48862362,3.63509321,21.6116619,15.1995859,6.62871599,60,100,57148.668,0
9900,22.8092155,18.3863277,15.3518,25.6795807,-7.15549469,0,0,0,54912
9900,22.8092155,18.3863277,15.3518,25.6795807,-7.15549469,1,4.74013186,2827.59521,52122.9883
9900,22.8092155,18.3863277,15.3518,25.6795807,-7.15549469,2,9.36142063,5655.19141,49559.6328
9900,22.8092155,18.3863277,15.3518,25.6795807,-7.15549469,3,13.4636097,8483.59375,47647.1953
9900,22.8092155,18.3863277,15.3518,25.6795807,-7.15549469,4,16.9218349,11389.1943,46333.1523
9900,22.8092155,18.3863277,15.3518,25.6795807,-7.15549469,5,22.3796349,15196.7891,43046.4297
9900,22.8092155,18.3863277,15.3518,25.6795807,-7.15549469,6,26.7547131,18334.3242,40441.0391
9900,22.8092155,18.3863277,15.3518,25.6795807,-7.15549469,7,30.5761528,21208.1309,38201.1055
9900,22.8092155,18.3863277,15.3518,25.6795807,-7.15549469,8,34.7012863,24270.4043,35448.9219
9900,22.8092155,18.3863277,15.3518,25.6795807,-7.15549469,9,37.6504135,26632.5879,33103.375
9900,22.8092155,18.3863277,15.3518,25.6795807,-7.15549469,10,39.1921349,28110.6133,31625.4453
9900,22.8092155,18.3863277,15.3518,25.6795807,-7.15549469,11,40.0988235,28979.8066,30756.252
9900,22.8092155,18.3863277,15.3518,25.6795807,-7.15549469,12,41.0055084,29848.9961,29887.0645
9900,22.8092155,18.3863277,15.3518,25.6795807,-7.15549469,13,41.9121895,30718.1836,29017.875
9900,22.8092155,18.3863277,15.3518,25.6795807,-7.15549469,14,42.8188705,31587.3711,28148.6875
9900,22.8092155,18.3863277,15.3518,25.6795807,-7.15549469,15,44.4632759,32219.8809,27523.7012
9900,22.8092155,18.3863277,15.3518,25.6795807,-7.15549469,16,47.3262787,33649.7617,26148.7559
9900,22.8092155,18.3863277,15.3518,25.6795807,-7.15549469,17,50.0425415,35079.6719,24928.7246
9900,22.8092155,18.3863277,15.3518,25.6795807,-7.15549469,18,52.4410019,36512.668,23981.4609
9900,22.8092155,18.3863277,15.3518,25.6795807,-7.15549469,19,54.7190437,38020.5156,23165.8105
9900,22.8092155,18.3863277,15.3518,25.6795807,-7.15549469,20,57.910759,39862.7109,21845.627
9900,22.8092155,18.3863277,15.3518,25.6795807,-7.15549469,21,60.145874,41369.3555,20950.2949
9900,22.8092155,18.3863277,15.3518,25.6795807,-7.15549469,22,62.974144,43154.3789,19286.2461
9900,22.8092155,18.3863277,15.3518,25.6795807,-7.15549469,23,66.3444824,45299.4297,17142.1328
9900,22.8092155,18.3863277,15.3518,25.6795807,-7.15549469,24,68.4094315,46564.543,15877.0186
9900,22.8092155,18.3863277,15.3518,25.6795807,-7.15549469,25,69.4962311,47398.6055,15042.958
9900,22.8092155,18.3863277,15.3518,25.6795807,-7.15549469,26,70.5830383,48232.6641,14208.8984
9900,22.8092155,18.3863277,15.3518,25.6795807,-7.15549469,27,71.4285736,48881.5625,13560
9900,22.8092155,18.3863277,15.3518,25.6795807,-7.15549469,28,72.286171,49440.0039,13004.0039
9900,22.8092155,18.3863277,15.3518,25.6795807,-7.15549469,29,73.1422653,49998.4453,12453.6826
9900,22.8092155,18.3863277,15.3518,25.6795807,-7.15549469,30,73.9927902,50556.8867,11918.2168
9900,22.8092155,18.3863277,15.3518,25.6795807,-7.15549469,31,74.8273544,51115.332,11415.167
9900,22.8092155,18.3863277,15.3518,25.6795807,-7.15549469,32,75.6261826,51673.7773,10970.5215
9900,22.8092155,18.3863277,15.3518,25.6795807,-7.15549469,33,76.3623734,52232.2891,10611.2344
9900,22.8092155,18.3863277,15.3518,25.6795807,-7.15549469,34,77.0149231,52791.6836,10349.0527
9900,22.8092155,18.3863277,15.3518,25.6795807,-7.15549469,35,77.5913544,53358.1484,10160.416
9900,22.8092155,18.3863277,15.3518,25.6795807,-7.15549469,36,78.1546555,53960.0312,9967.83203
9900,22.8092155,18.3863277,15.3518,25.6795807,-7.15549469,37,78.9549484,54669.25,9457.83887
9900,22.8092155,18.3863277,15.3518,25.6795807,-7.15549469,38,80.0993958,55563.2539,8586.80957
9900,22.8092155,18.3863277,15.3518,25.6795807,-7.15549469,39,81.4449005,56600.5352,7550.15674
9900,22.8092155,18.3863277,15.3518,25.6795807,-7.15549469,40,82.2112045,57191.0859,6959.60938
9900,22.8092155,18.3863277,15.3518,25.6795807,-7.15549469,41,82.9358521,57749.5273,6401.16748
9900,22.8092155,18.3863277,15.3518,25.6795807,-7.15549469,42,83.6604996,58307.9727,5842.72559
9900,22.8092155,18.3863277,15.3518,25.6795807,-7.15549469,43,84.3851547,58866.4141,5284.28369
9900,22.8092155,18.3863277,15.3518,25.6795807,-7.15549469,44,85.1098022,59424.8555,4725.8418
9900,22.8092155,18.3863277,15.3518,25.6795807,-7.15549469,45,85.7142868,59890.6953,4260
9900,22.8092155,18.3863277,15.3518,25.6795807,-7.15549469,46,87.3204193,60370.3242,3786.42651
9900,22.8092155,18.3863277,15.3518,25.6795807,-7.15549469,47,88.8976288,60849.957,3345.55347
9900,22.8092155,18.3863277,15.3518,25.6795807,-7.15549469,48,90.3375931,61329.6055,3007.22705
9900,22.8092155,18.3863277,15.3518,25.6795807,-7.15549469,49,91.5043488,61811.7422,2818.71582
9900,22.8092155,18.3863277,15.3518,25.6795807,-7.15549469,50,92.672493,62354.0508,2594.09399
9900,22.8092155,18.3863277,15.3518,25.6795807,-7.15549469,51,94.9381714,63162.0781,1795.24841
9900,22.8092155,18.3863277,15.3518,25.6795807,-7.15549469,52,96.317482,63651.2695,1306.05676
9900,22.8092155,18.3863277,15.3518,25.6795807,-7.15549469,53,97.6698303,64130.8984,826.427185
9900,22.8092155,18.3863277,15.3518,25.6795807,-7.15549469,54,99.0221786,64610.5312,346.797546
9900,22.8092155,18.3863277,15.3518,25.6795807,-7.15549469,55,100,64957.3281,0
9900,22.8092155,18.3863277,15.3518,25.6795807,-7.15549469,56,100,64957.3281,0
9900,22.8092155,18.3863277,15.3518,25.6795807,-7.15549469,57,100,64957.3281,0
9900,22.8092155,18.3863277,15.3518,25.6795807,-7.15549469,58,100,64957.3281,0
9900,22.8092155,18.3863277,15.3518,25.6795807,-7.15549469,59,100,64957.3281,0
9900,22.8092155,18.3863277,15.3518,25.6795807,-7.15549469,60,100,64957.3281,0
